"product_id","product_title","handle","status","launch_tag","variant_id","variant_title","sku","available_for_sale","inventory_quantity","price","unit_cost","canada_shipping_cap","needs_quote","quote_item_cost","quote_shipping_cost","quote_delivery_window","quote_service","quote_stock","quote_result","us_quote_item_cost","us_quote_shipping_cost","us_quote_delivery_window","us_quote_service","us_quote_stock","us_quote_result","notes"
"9326918926586","1-20Packs 100Pcs/Pack Wooden Sticks Baby Cotton Swabs Cleaning of Ears Tampons Health Beauty Cotton Swab Cleaning Cotton Buds","1-20packs-100pcs-pack-wooden-sticks-baby-cotton-swabs-cleaning-of-ears-tampons-health-beauty-cotton-swab-cleaning-cotton-buds","DRAFT","no","49738572628218","1000Pcs","14:350853#1000Pcs","True","99993","29.54","11.81","3.41","no","","","","","","","","","","","","",""
"9326918926586","1-20Packs 100Pcs/Pack Wooden Sticks Baby Cotton Swabs Cleaning of Ears Tampons Health Beauty Cotton Swab Cleaning Cotton Buds","1-20packs-100pcs-pack-wooden-sticks-baby-cotton-swabs-cleaning-of-ears-tampons-health-beauty-cotton-swab-cleaning-cotton-buds","DRAFT","no","49738572464378","100Pcs","14:29#100Pcs","True","0","10.51","4.21","1.01","no","","","","","","","","","","","","",""
"9326918926586","1-20Packs 100Pcs/Pack Wooden Sticks Baby Cotton Swabs Cleaning of Ears Tampons Health Beauty Cotton Swab Cleaning Cotton Buds","1-20packs-100pcs-pack-wooden-sticks-baby-cotton-swabs-cleaning-of-ears-tampons-health-beauty-cotton-swab-cleaning-cotton-buds","DRAFT","no","49738572398842","1200Pcs","14:350850#1200Pcs","True","99999","35.90","14.36","4.20","no","","","","","","","","","","","","",""
"9326918926586","1-20Packs 100Pcs/Pack Wooden Sticks Baby Cotton Swabs Cleaning of Ears Tampons Health Beauty Cotton Swab Cleaning Cotton Buds","1-20packs-100pcs-pack-wooden-sticks-baby-cotton-swabs-cleaning-of-ears-tampons-health-beauty-cotton-swab-cleaning-cotton-buds","DRAFT","no","49738572726522","1500Pcs","14:365458#1500Pcs","True","99999","40.40","16.16","4.76","no","","","","","","","","","","","","",""
"9326918926586","1-20Packs 100Pcs/Pack Wooden Sticks Baby Cotton Swabs Cleaning of Ears Tampons Health Beauty Cotton Swab Cleaning Cotton Buds","1-20packs-100pcs-pack-wooden-sticks-baby-cotton-swabs-cleaning-of-ears-tampons-health-beauty-cotton-swab-cleaning-cotton-buds","DRAFT","no","49738572759290","2000Pcs","14:350852#2000Pcs","True","99996","45.18","18.07","5.37","no","","","","","","","","","","","","",""
"9326918926586","1-20Packs 100Pcs/Pack Wooden Sticks Baby Cotton Swabs Cleaning of Ears Tampons Health Beauty Cotton Swab Cleaning Cotton Buds","1-20packs-100pcs-pack-wooden-sticks-baby-cotton-swabs-cleaning-of-ears-tampons-health-beauty-cotton-swab-cleaning-cotton-buds","DRAFT","no","49738572366074","200Pcs","14:193#200Pcs","True","99987","12.31","4.92","1.25","no","","","","","","","","","","","","",""
"9326918926586","1-20Packs 100Pcs/Pack Wooden Sticks Baby Cotton Swabs Cleaning of Ears Tampons Health Beauty Cotton Swab Cleaning Cotton Buds","1-20packs-100pcs-pack-wooden-sticks-baby-cotton-swabs-cleaning-of-ears-tampons-health-beauty-cotton-swab-cleaning-cotton-buds","DRAFT","no","49738572497146","300Pcs","14:175#300Pcs","True","7","14.13","5.65","1.47","no","","","","","","","","","","","","",""
"9326918926586","1-20Packs 100Pcs/Pack Wooden Sticks Baby Cotton Swabs Cleaning of Ears Tampons Health Beauty Cotton Swab Cleaning Cotton Buds","1-20packs-100pcs-pack-wooden-sticks-baby-cotton-swabs-cleaning-of-ears-tampons-health-beauty-cotton-swab-cleaning-cotton-buds","DRAFT","no","49738572529914","400Pcs","14:10#400Pcs","True","99995","17.44","6.98","1.88","no","","","","","","","","","","","","",""
"9326918926586","1-20Packs 100Pcs/Pack Wooden Sticks Baby Cotton Swabs Cleaning of Ears Tampons Health Beauty Cotton Swab Cleaning Cotton Buds","1-20packs-100pcs-pack-wooden-sticks-baby-cotton-swabs-cleaning-of-ears-tampons-health-beauty-cotton-swab-cleaning-cotton-buds","DRAFT","no","49738572562682","500Pcs","14:691#500Pcs","True","199","10.94","4.37","1.08","no","","","","","","","","","","","","",""
"9326918926586","1-20Packs 100Pcs/Pack Wooden Sticks Baby Cotton Swabs Cleaning of Ears Tampons Health Beauty Cotton Swab Cleaning Cotton Buds","1-20packs-100pcs-pack-wooden-sticks-baby-cotton-swabs-cleaning-of-ears-tampons-health-beauty-cotton-swab-cleaning-cotton-buds","DRAFT","no","49738572431610","600Pcs","14:173#600Pcs","True","99994","21.59","8.64","2.40","no","","","","","","","","","","","","",""
"9326918926586","1-20Packs 100Pcs/Pack Wooden Sticks Baby Cotton Swabs Cleaning of Ears Tampons Health Beauty Cotton Swab Cleaning Cotton Buds","1-20packs-100pcs-pack-wooden-sticks-baby-cotton-swabs-cleaning-of-ears-tampons-health-beauty-cotton-swab-cleaning-cotton-buds","DRAFT","no","49738572660986","700Pcs","14:366#700Pcs","True","99996","23.63","9.45","2.66","no","","","","","","","","","","","","",""
"9326918926586","1-20Packs 100Pcs/Pack Wooden Sticks Baby Cotton Swabs Cleaning of Ears Tampons Health Beauty Cotton Swab Cleaning Cotton Buds","1-20packs-100pcs-pack-wooden-sticks-baby-cotton-swabs-cleaning-of-ears-tampons-health-beauty-cotton-swab-cleaning-cotton-buds","DRAFT","no","49738572693754","800Pcs","14:1052#800Pcs","True","99999","25.81","10.32","2.94","no","","","","","","","","","","","","",""
"9326918926586","1-20Packs 100Pcs/Pack Wooden Sticks Baby Cotton Swabs Cleaning of Ears Tampons Health Beauty Cotton Swab Cleaning Cotton Buds","1-20packs-100pcs-pack-wooden-sticks-baby-cotton-swabs-cleaning-of-ears-tampons-health-beauty-cotton-swab-cleaning-cotton-buds","DRAFT","no","49738572595450","900Pcs","14:496#900Pcs","True","99997","27.50","11.00","3.15","no","","","","","","","","","","","","",""
"9326921056506","15cm Women's Rabbit Fur Keychain Bag Car Pendant Jewelry Decoration Fashionable Accessory for Bags And Gifts","15cm-womens-rabbit-fur-keychain-bag-car-pendant-jewelry-decoration-fashionable-accessory-for-bags-and-gifts","DRAFT","no","49738580033786","Black / About 15 cm","14:175#Black;5:200883728#About 15 cm","True","15","10.97","4.39","1.07","yes","","","","","","","","","","","","",""
"9326921056506","15cm Women's Rabbit Fur Keychain Bag Car Pendant Jewelry Decoration Fashionable Accessory for Bags And Gifts","15cm-womens-rabbit-fur-keychain-bag-car-pendant-jewelry-decoration-fashionable-accessory-for-bags-and-gifts","DRAFT","no","49738580263162","Brown long eared / About 15 cm","14:200001951#Brown long eared;5:200883728#About 15 cm","True","3","13.64","5.46","1.41","yes","","","","","","","","","","","","",""
"9326921056506","15cm Women's Rabbit Fur Keychain Bag Car Pendant Jewelry Decoration Fashionable Accessory for Bags And Gifts","15cm-womens-rabbit-fur-keychain-bag-car-pendant-jewelry-decoration-fashionable-accessory-for-bags-and-gifts","DRAFT","no","49738580099322","Dark gray / About 15 cm","14:366#Dark gray;5:200883728#About 15 cm","True","6","9.81","3.92","0.93","yes","","","","","","","","","","","","",""
"9326921056506","15cm Women's Rabbit Fur Keychain Bag Car Pendant Jewelry Decoration Fashionable Accessory for Bags And Gifts","15cm-womens-rabbit-fur-keychain-bag-car-pendant-jewelry-decoration-fashionable-accessory-for-bags-and-gifts","DRAFT","no","49738580066554","Green / About 15 cm","14:691#Green;5:200883728#About 15 cm","True","7","10.83","4.33","1.06","yes","","","","","","","","","","","","",""
"9326921056506","15cm Women's Rabbit Fur Keychain Bag Car Pendant Jewelry Decoration Fashionable Accessory for Bags And Gifts","15cm-womens-rabbit-fur-keychain-bag-car-pendant-jewelry-decoration-fashionable-accessory-for-bags-and-gifts","DRAFT","no","49738579935482","Khaki / About 15 cm","14:173#Khaki;5:200883728#About 15 cm","True","12","10.20","4.08","0.98","yes","","","","","","","","","","","","",""
"9326921056506","15cm Women's Rabbit Fur Keychain Bag Car Pendant Jewelry Decoration Fashionable Accessory for Bags And Gifts","15cm-womens-rabbit-fur-keychain-bag-car-pendant-jewelry-decoration-fashionable-accessory-for-bags-and-gifts","DRAFT","no","49738580164858","Light gray / About 15 cm","14:29#Light gray;5:200883728#About 15 cm","True","3","9.99","3.99","0.96","yes","","","","","","","","","","","","",""
"9326921056506","15cm Women's Rabbit Fur Keychain Bag Car Pendant Jewelry Decoration Fashionable Accessory for Bags And Gifts","15cm-womens-rabbit-fur-keychain-bag-car-pendant-jewelry-decoration-fashionable-accessory-for-bags-and-gifts","DRAFT","no","49738580132090","Pink A / About 15 cm","14:10#Pink A;5:200883728#About 15 cm","True","2","10.83","4.33","1.06","yes","","","","","","","","","","","","",""
"9326921056506","15cm Women's Rabbit Fur Keychain Bag Car Pendant Jewelry Decoration Fashionable Accessory for Bags And Gifts","15cm-womens-rabbit-fur-keychain-bag-car-pendant-jewelry-decoration-fashionable-accessory-for-bags-and-gifts","DRAFT","no","49738579968250","Pink B / About 15 cm","14:1052#Pink B;5:200883728#About 15 cm","True","2","9.92","3.97","0.94","yes","","","","","","","","","","","","",""
"9326921056506","15cm Women's Rabbit Fur Keychain Bag Car Pendant Jewelry Decoration Fashionable Accessory for Bags And Gifts","15cm-womens-rabbit-fur-keychain-bag-car-pendant-jewelry-decoration-fashionable-accessory-for-bags-and-gifts","DRAFT","no","49738580230394","Pink long eared / About 15 cm","14:200211869#Pink long eared;5:200883728#About 15 cm","True","3","13.57","5.43","1.40","yes","","","","","","","","","","","","",""
"9326921056506","15cm Women's Rabbit Fur Keychain Bag Car Pendant Jewelry Decoration Fashionable Accessory for Bags And Gifts","15cm-womens-rabbit-fur-keychain-bag-car-pendant-jewelry-decoration-fashionable-accessory-for-bags-and-gifts","DRAFT","no","49738580197626","white / About 15 cm","14:193#white;5:200883728#About 15 cm","True","7","9.99","3.99","0.96","yes","","","","","","","","","","","","",""
"9326921056506","15cm Women's Rabbit Fur Keychain Bag Car Pendant Jewelry Decoration Fashionable Accessory for Bags And Gifts","15cm-womens-rabbit-fur-keychain-bag-car-pendant-jewelry-decoration-fashionable-accessory-for-bags-and-gifts","DRAFT","no","49738580001018","White long eared / About 15 cm","14:200002130#White long eared;5:200883728#About 15 cm","True","4","13.50","5.40","1.39","yes","","","","","","","","","","","","",""
"9326920761594","1:16 Remote-Control Monster Truck","rc-monster-truck-1-16-scale-remote-control-car-2-4ghz-alloy-shell-20km-h-fast-off-road-rc-car-led-led-headlight-toy-gift-for-kid","DRAFT","no","49738579181818","DK087 Black 1B","14:691#DK087 Blcak 1B","True","0","92.99","37.06","11.49","no","","","","","","","","","","","","",""
"9326920761594","1:16 Remote-Control Monster Truck","rc-monster-truck-1-16-scale-remote-control-car-2-4ghz-alloy-shell-20km-h-fast-off-road-rc-car-led-led-headlight-toy-gift-for-kid","DRAFT","no","49738579345658","DK087 Black 1B 1","14:193#DK087 Blcak 1B","True","10","92.99","23.63","24.92","no","","","","","","","","","","","","",""
"9326920761594","1:16 Remote-Control Monster Truck","rc-monster-truck-1-16-scale-remote-control-car-2-4ghz-alloy-shell-20km-h-fast-off-road-rc-car-led-led-headlight-toy-gift-for-kid","DRAFT","no","49738579247354","DK087 Blue 1B","14:173#DK087 Blue 1B","True","0","92.99","37.06","11.49","no","","","","","","","","","","","","",""
"9326920761594","1:16 Remote-Control Monster Truck","rc-monster-truck-1-16-scale-remote-control-car-2-4ghz-alloy-shell-20km-h-fast-off-road-rc-car-led-led-headlight-toy-gift-for-kid","DRAFT","no","49738579280122","DK087 Blue 1B 1","14:175#DK087 Blue 1B","True","10","92.99","23.63","24.92","no","","","","","","","","","","","","",""
"9326920761594","1:16 Remote-Control Monster Truck","rc-monster-truck-1-16-scale-remote-control-car-2-4ghz-alloy-shell-20km-h-fast-off-road-rc-car-led-led-headlight-toy-gift-for-kid","DRAFT","no","49738579214586","DK087 Orange 1B","14:29#DK087 Orange 1B","True","10","92.99","24.51","24.04","no","","","","","","","","","","","","",""
"9326920761594","1:16 Remote-Control Monster Truck","rc-monster-truck-1-16-scale-remote-control-car-2-4ghz-alloy-shell-20km-h-fast-off-road-rc-car-led-led-headlight-toy-gift-for-kid","DRAFT","no","49738579312890","DK087 Orange 1B 1","14:10#DK087 Orange 1B","True","0","92.99","37.06","11.49","no","","","","","","","","","","","","",""
"9326920532218","1:64 RC Construction Vehicle Set","1-64-bluetooth-remote-control-crane-and-forklift-two-in-one-desktop-mini-alloy-toy-car-with-trailer-christmas-gift-in-color-box","DRAFT","no","49738578952442","Dump Truck-Green","14:193#Dump Truck-Green","True","13","56.99","21.88","7.76","no","","","","","","","","","","","","",""
"9326920532218","1:64 RC Construction Vehicle Set","1-64-bluetooth-remote-control-crane-and-forklift-two-in-one-desktop-mini-alloy-toy-car-with-trailer-christmas-gift-in-color-box","DRAFT","no","49738578919674","Dump Truck-Yellow","14:29#Dump Truck-Yellow","True","8","56.99","21.88","7.76","no","","","","","","","","","","","","",""
"9326920532218","1:64 RC Construction Vehicle Set","1-64-bluetooth-remote-control-crane-and-forklift-two-in-one-desktop-mini-alloy-toy-car-with-trailer-christmas-gift-in-color-box","DRAFT","no","49738578821370","Excavator-Green","14:691#Excavator-Green","True","7","56.99","26.34","3.30","no","","","","","","","","","","","","",""
"9326920532218","1:64 RC Construction Vehicle Set","1-64-bluetooth-remote-control-crane-and-forklift-two-in-one-desktop-mini-alloy-toy-car-with-trailer-christmas-gift-in-color-box","DRAFT","no","49738578886906","Excavator-Yellow","14:10#Excavator-Yellow","True","11","56.99","26.36","3.28","no","","","","","","","","","","","","",""
"9326920532218","1:64 RC Construction Vehicle Set","1-64-bluetooth-remote-control-crane-and-forklift-two-in-one-desktop-mini-alloy-toy-car-with-trailer-christmas-gift-in-color-box","DRAFT","no","49738578788602","Green","14:175#Green","True","8","56.99","24.50","5.14","no","","","","","","","","","","","","",""
"9326920532218","1:64 RC Construction Vehicle Set","1-64-bluetooth-remote-control-crane-and-forklift-two-in-one-desktop-mini-alloy-toy-car-with-trailer-christmas-gift-in-color-box","DRAFT","no","49738578854138","Yellow","14:366#Yellow","True","24","56.99","24.51","5.13","no","","","","","","","","","","","","",""
"9326916894970","1PCS Baby Anti-Fall Head Protection Pillow, Breathable Toddler Safety Cushion, Soft Head Guard Pad for Kids Learning to Walk, Sh","1pcs-baby-anti-fall-head-protection-pillow-breathable-toddler-safety-cushion-soft-head-guard-pad-for-kids-learning-to-walk-sh","DRAFT","no","49738545758458","elephant","14:350686#elephant","True","6","23.10","9.24","2.60","no","","","","","","","","","","","","",""
"9326916894970","1PCS Baby Anti-Fall Head Protection Pillow, Breathable Toddler Safety Cushion, Soft Head Guard Pad for Kids Learning to Walk, Sh","1pcs-baby-anti-fall-head-protection-pillow-breathable-toddler-safety-cushion-soft-head-guard-pad-for-kids-learning-to-walk-sh","DRAFT","no","49738545692922","Little Flying Dragon","14:10#Little Flying Dragon","True","0","23.03","9.21","2.59","no","","","","","","","","","","","","",""
"9326916894970","1PCS Baby Anti-Fall Head Protection Pillow, Breathable Toddler Safety Cushion, Soft Head Guard Pad for Kids Learning to Walk, Sh","1pcs-baby-anti-fall-head-protection-pillow-breathable-toddler-safety-cushion-soft-head-guard-pad-for-kids-learning-to-walk-sh","DRAFT","no","49738545725690","owl","14:29#owl","True","4","57.73","23.09","6.94","no","","","","","","","","","","","","",""
"9326916894970","1PCS Baby Anti-Fall Head Protection Pillow, Breathable Toddler Safety Cushion, Soft Head Guard Pad for Kids Learning to Walk, Sh","1pcs-baby-anti-fall-head-protection-pillow-breathable-toddler-safety-cushion-soft-head-guard-pad-for-kids-learning-to-walk-sh","DRAFT","no","49738545791226","pink butterfly","14:193#pink butterfly","True","4","23.94","9.58","2.70","no","","","","","","","","","","","","",""
"9326919188730","2023 Fashion Men Watches Luxury Brand Fashion Mens Quartz Watch Luminous Hands Male Clock Big Dial Waterproof Man Wristwatch","2023-fashion-men-watches-luxury-brand-fashion-mens-quartz-watch-luminous-hands-male-clock-big-dial-waterproof-man-wristwatch","DRAFT","no","49738574659834","Blick","14:201447598#Blick","True","10","6.12","2.45","0.47","yes","","","","","","","","","","","","",""
"9326919188730","2023 Fashion Men Watches Luxury Brand Fashion Mens Quartz Watch Luminous Hands Male Clock Big Dial Waterproof Man Wristwatch","2023-fashion-men-watches-luxury-brand-fashion-mens-quartz-watch-luminous-hands-male-clock-big-dial-waterproof-man-wristwatch","DRAFT","no","49738574790906","Blick Green","14:201447303#Blick Green","True","50","6.05","2.42","0.46","yes","","","","","","","","","","","","",""
"9326919188730","2023 Fashion Men Watches Luxury Brand Fashion Mens Quartz Watch Luminous Hands Male Clock Big Dial Waterproof Man Wristwatch","2023-fashion-men-watches-luxury-brand-fashion-mens-quartz-watch-luminous-hands-male-clock-big-dial-waterproof-man-wristwatch","DRAFT","no","49738574725370","Blick Red","14:200005100#Blick Red","True","13","6.15","2.46","0.47","yes","","","","","","","","","","","","",""
"9326919188730","2023 Fashion Men Watches Luxury Brand Fashion Mens Quartz Watch Luminous Hands Male Clock Big Dial Waterproof Man Wristwatch","2023-fashion-men-watches-luxury-brand-fashion-mens-quartz-watch-luminous-hands-male-clock-big-dial-waterproof-man-wristwatch","DRAFT","no","49738574758138","Blick White","14:100013777#Blick White","True","4","6.08","2.43","0.46","yes","","","","","","","","","","","","",""
"9326919188730","2023 Fashion Men Watches Luxury Brand Fashion Mens Quartz Watch Luminous Hands Male Clock Big Dial Waterproof Man Wristwatch","2023-fashion-men-watches-luxury-brand-fashion-mens-quartz-watch-luminous-hands-male-clock-big-dial-waterproof-man-wristwatch","DRAFT","no","49738574692602","Blue","14:200000080#Blue","True","16","6.19","2.48","0.47","yes","","","","","","","","","","","","",""
"9326919188730","2023 Fashion Men Watches Luxury Brand Fashion Mens Quartz Watch Luminous Hands Male Clock Big Dial Waterproof Man Wristwatch","2023-fashion-men-watches-luxury-brand-fashion-mens-quartz-watch-luminous-hands-male-clock-big-dial-waterproof-man-wristwatch","DRAFT","no","49738574594298","Light Green","14:4#Light Green","True","9","11.15","4.46","1.10","yes","","","","","","","","","","","","",""
"9326919188730","2023 Fashion Men Watches Luxury Brand Fashion Mens Quartz Watch Luminous Hands Male Clock Big Dial Waterproof Man Wristwatch","2023-fashion-men-watches-luxury-brand-fashion-mens-quartz-watch-luminous-hands-male-clock-big-dial-waterproof-man-wristwatch","DRAFT","no","49738574528762","Silver Blick","14:193#Silver Blick","True","10","11.01","4.40","1.08","yes","","","","","","","","","","","","",""
"9326919188730","2023 Fashion Men Watches Luxury Brand Fashion Mens Quartz Watch Luminous Hands Male Clock Big Dial Waterproof Man Wristwatch","2023-fashion-men-watches-luxury-brand-fashion-mens-quartz-watch-luminous-hands-male-clock-big-dial-waterproof-man-wristwatch","DRAFT","no","49738574561530","Silver Green","14:175#Silver Green","True","0","9.63","3.85","0.91","yes","","","","","","","","","","","","",""
"9326919188730","2023 Fashion Men Watches Luxury Brand Fashion Mens Quartz Watch Luminous Hands Male Clock Big Dial Waterproof Man Wristwatch","2023-fashion-men-watches-luxury-brand-fashion-mens-quartz-watch-luminous-hands-male-clock-big-dial-waterproof-man-wristwatch","DRAFT","no","49738574627066","Silver Red","14:10#Silver Red","True","1","11.04","4.42","1.08","yes","","","","","","","","","","","","",""
"9326918467834","21 Heated Vest Zones Electric Heated Jackets Men Women Sportswear Heated Coat Graphene Heat Coat USB Heating Jacket For Camping","21-heated-vest-zones-electric-heated-jackets-men-women-sportswear-heated-coat-graphene-heat-coat-usb-heating-jacket-for-camping","DRAFT","no","49738568139002","4XL / M01-15 BK Double SW","14:173#M01-15 BK Double SW;5:200000990","True","10","83.58","33.43","10.18","no","","","","","","","","","","","","",""
"9326918467834","21 Heated Vest Zones Electric Heated Jackets Men Women Sportswear Heated Coat Graphene Heat Coat USB Heating Jacket For Camping","21-heated-vest-zones-electric-heated-jackets-men-women-sportswear-heated-coat-graphene-heat-coat-usb-heating-jacket-for-camping","DRAFT","no","49738568663290","4XL / M01-2 BK Single SW","14:771#M01-2 BK Single SW;5:200000990","True","20","58.40","23.36","7.02","no","","","","","","","","","","","","",""
"9326918467834","21 Heated Vest Zones Electric Heated Jackets Men Women Sportswear Heated Coat Graphene Heat Coat USB Heating Jacket For Camping","21-heated-vest-zones-electric-heated-jackets-men-women-sportswear-heated-coat-graphene-heat-coat-usb-heating-jacket-for-camping","DRAFT","no","49738568859898","4XL / M01-21 BK Four SW","14:1254#M01-21 BK Four SW;5:200000990","True","10","88.46","35.39","10.78","no","","","","","","","","","","","","",""
"9326918467834","21 Heated Vest Zones Electric Heated Jackets Men Women Sportswear Heated Coat Graphene Heat Coat USB Heating Jacket For Camping","21-heated-vest-zones-electric-heated-jackets-men-women-sportswear-heated-coat-graphene-heat-coat-usb-heating-jacket-for-camping","DRAFT","no","49738568401146","4XL / M01-9 BK Double SW","14:193#M01-9 BK Double SW;5:200000990","True","19","76.23","30.49","9.26","no","","","","","","","","","","","","",""
"9326918467834","21 Heated Vest Zones Electric Heated Jackets Men Women Sportswear Heated Coat Graphene Heat Coat USB Heating Jacket For Camping","21-heated-vest-zones-electric-heated-jackets-men-women-sportswear-heated-coat-graphene-heat-coat-usb-heating-jacket-for-camping","DRAFT","no","49738568630522","5XL / M01-15 BK Double SW","14:173#M01-15 BK Double SW;5:200000991","True","13","88.50","35.40","10.79","no","","","","","","","","","","","","",""
"9326918467834","21 Heated Vest Zones Electric Heated Jackets Men Women Sportswear Heated Coat Graphene Heat Coat USB Heating Jacket For Camping","21-heated-vest-zones-electric-heated-jackets-men-women-sportswear-heated-coat-graphene-heat-coat-usb-heating-jacket-for-camping","DRAFT","no","49738569089274","5XL / M01-2 BK Single SW","14:771#M01-2 BK Single SW;5:200000991","True","10","59.98","23.99","7.22","no","","","","","","","","","","","","",""
"9326918467834","21 Heated Vest Zones Electric Heated Jackets Men Women Sportswear Heated Coat Graphene Heat Coat USB Heating Jacket For Camping","21-heated-vest-zones-electric-heated-jackets-men-women-sportswear-heated-coat-graphene-heat-coat-usb-heating-jacket-for-camping","DRAFT","no","49738568368378","5XL / M01-21 BK Four SW","14:1254#M01-21 BK Four SW;5:200000991","True","4","94.20","37.68","11.51","no","","","","","","","","","","","","",""
"9326918467834","21 Heated Vest Zones Electric Heated Jackets Men Women Sportswear Heated Coat Graphene Heat Coat USB Heating Jacket For Camping","21-heated-vest-zones-electric-heated-jackets-men-women-sportswear-heated-coat-graphene-heat-coat-usb-heating-jacket-for-camping","DRAFT","no","49738568106234","5XL / M01-9 BK Double SW","14:193#M01-9 BK Double SW;5:200000991","True","7","76.86","30.74","9.34","no","","","","","","","","","","","","",""
"9326918467834","21 Heated Vest Zones Electric Heated Jackets Men Women Sportswear Heated Coat Graphene Heat Coat USB Heating Jacket For Camping","21-heated-vest-zones-electric-heated-jackets-men-women-sportswear-heated-coat-graphene-heat-coat-usb-heating-jacket-for-camping","DRAFT","no","49738568597754","6XL / M01-15 BK Double SW","14:173#M01-15 BK Double SW;5:200005259","True","9","83.01","33.21","10.10","no","","","","","","","","","","","","",""
"9326918467834","21 Heated Vest Zones Electric Heated Jackets Men Women Sportswear Heated Coat Graphene Heat Coat USB Heating Jacket For Camping","21-heated-vest-zones-electric-heated-jackets-men-women-sportswear-heated-coat-graphene-heat-coat-usb-heating-jacket-for-camping","DRAFT","no","49738569056506","6XL / M01-2 BK Single SW","14:771#M01-2 BK Single SW;5:200005259","True","14","61.00","24.40","7.35","no","","","","","","","","","","","","",""
"9326918467834","21 Heated Vest Zones Electric Heated Jackets Men Women Sportswear Heated Coat Graphene Heat Coat USB Heating Jacket For Camping","21-heated-vest-zones-electric-heated-jackets-men-women-sportswear-heated-coat-graphene-heat-coat-usb-heating-jacket-for-camping","DRAFT","no","49738568335610","6XL / M01-21 BK Four SW","14:1254#M01-21 BK Four SW;5:200005259","True","3","88.29","35.32","10.76","no","","","","","","","","","","","","",""
"9326918467834","21 Heated Vest Zones Electric Heated Jackets Men Women Sportswear Heated Coat Graphene Heat Coat USB Heating Jacket For Camping","21-heated-vest-zones-electric-heated-jackets-men-women-sportswear-heated-coat-graphene-heat-coat-usb-heating-jacket-for-camping","DRAFT","no","49738568073466","6XL / M01-9 BK Double SW","14:193#M01-9 BK Double SW;5:200005259","True","6","78.37","31.35","9.52","no","","","","","","","","","","","","",""
"9326918467834","21 Heated Vest Zones Electric Heated Jackets Men Women Sportswear Heated Coat Graphene Heat Coat USB Heating Jacket For Camping","21-heated-vest-zones-electric-heated-jackets-men-women-sportswear-heated-coat-graphene-heat-coat-usb-heating-jacket-for-camping","DRAFT","no","49738568270074","L / M01-15 BK Double SW","14:173#M01-15 BK Double SW;5:361385","True","12","83.09","33.23","10.12","no","","","","","","","","","","","","",""
"9326918467834","21 Heated Vest Zones Electric Heated Jackets Men Women Sportswear Heated Coat Graphene Heat Coat USB Heating Jacket For Camping","21-heated-vest-zones-electric-heated-jackets-men-women-sportswear-heated-coat-graphene-heat-coat-usb-heating-jacket-for-camping","DRAFT","no","49738568794362","L / M01-2 BK Single SW","14:771#M01-2 BK Single SW;5:361385","True","2","54.46","21.79","6.52","no","","","","","","","","","","","","",""
"9326918467834","21 Heated Vest Zones Electric Heated Jackets Men Women Sportswear Heated Coat Graphene Heat Coat USB Heating Jacket For Camping","21-heated-vest-zones-electric-heated-jackets-men-women-sportswear-heated-coat-graphene-heat-coat-usb-heating-jacket-for-camping","DRAFT","no","49738568990970","L / M01-21 BK Four SW","14:1254#M01-21 BK Four SW;5:361385","True","3","109.67","43.87","13.45","no","","","","","","","","","","","","",""
"9326918467834","21 Heated Vest Zones Electric Heated Jackets Men Women Sportswear Heated Coat Graphene Heat Coat USB Heating Jacket For Camping","21-heated-vest-zones-electric-heated-jackets-men-women-sportswear-heated-coat-graphene-heat-coat-usb-heating-jacket-for-camping","DRAFT","no","49738568532218","L / M01-9 BK Double SW","14:193#M01-9 BK Double SW;5:361385","True","26","73.13","29.25","8.87","no","","","","","","","","","","","","",""
"9326918467834","21 Heated Vest Zones Electric Heated Jackets Men Women Sportswear Heated Coat Graphene Heat Coat USB Heating Jacket For Camping","21-heated-vest-zones-electric-heated-jackets-men-women-sportswear-heated-coat-graphene-heat-coat-usb-heating-jacket-for-camping","DRAFT","no","49738568302842","M / M01-15 BK Double SW","14:173#M01-15 BK Double SW;5:361386","True","29","77.28","30.91","9.39","no","","","","","","","","","","","","",""
"9326918467834","21 Heated Vest Zones Electric Heated Jackets Men Women Sportswear Heated Coat Graphene Heat Coat USB Heating Jacket For Camping","21-heated-vest-zones-electric-heated-jackets-men-women-sportswear-heated-coat-graphene-heat-coat-usb-heating-jacket-for-camping","DRAFT","no","49738568827130","M / M01-2 BK Single SW","14:771#M01-2 BK Single SW;5:361386","True","5","53.94","21.57","6.47","no","","","","","","","","","","","","",""
"9326918467834","21 Heated Vest Zones Electric Heated Jackets Men Women Sportswear Heated Coat Graphene Heat Coat USB Heating Jacket For Camping","21-heated-vest-zones-electric-heated-jackets-men-women-sportswear-heated-coat-graphene-heat-coat-usb-heating-jacket-for-camping","DRAFT","no","49738569023738","M / M01-21 BK Four SW","14:1254#M01-21 BK Four SW;5:361386","True","4","109.39","43.75","13.42","no","","","","","","","","","","","","",""
"9326918467834","21 Heated Vest Zones Electric Heated Jackets Men Women Sportswear Heated Coat Graphene Heat Coat USB Heating Jacket For Camping","21-heated-vest-zones-electric-heated-jackets-men-women-sportswear-heated-coat-graphene-heat-coat-usb-heating-jacket-for-camping","DRAFT","no","49738568564986","M / M01-9 BK Double SW","14:193#M01-9 BK Double SW;5:361386","True","34","71.83","28.73","8.71","no","","","","","","","","","","","","",""
"9326918467834","21 Heated Vest Zones Electric Heated Jackets Men Women Sportswear Heated Coat Graphene Heat Coat USB Heating Jacket For Camping","21-heated-vest-zones-electric-heated-jackets-men-women-sportswear-heated-coat-graphene-heat-coat-usb-heating-jacket-for-camping","DRAFT","no","49738568237306","XL / M01-15 BK Double SW","14:173#M01-15 BK Double SW;5:100014065","True","7","83.16","33.26","10.13","no","","","","","","","","","","","","",""
"9326918467834","21 Heated Vest Zones Electric Heated Jackets Men Women Sportswear Heated Coat Graphene Heat Coat USB Heating Jacket For Camping","21-heated-vest-zones-electric-heated-jackets-men-women-sportswear-heated-coat-graphene-heat-coat-usb-heating-jacket-for-camping","DRAFT","no","49738568761594","XL / M01-2 BK Single SW","14:771#M01-2 BK Single SW;5:100014065","True","4","57.14","22.85","6.87","no","","","","","","","","","","","","",""
"9326918467834","21 Heated Vest Zones Electric Heated Jackets Men Women Sportswear Heated Coat Graphene Heat Coat USB Heating Jacket For Camping","21-heated-vest-zones-electric-heated-jackets-men-women-sportswear-heated-coat-graphene-heat-coat-usb-heating-jacket-for-camping","DRAFT","no","49738568958202","XL / M01-21 BK Four SW","14:1254#M01-21 BK Four SW;5:100014065","True","5","87.23","34.89","10.64","no","","","","","","","","","","","","",""
"9326918467834","21 Heated Vest Zones Electric Heated Jackets Men Women Sportswear Heated Coat Graphene Heat Coat USB Heating Jacket For Camping","21-heated-vest-zones-electric-heated-jackets-men-women-sportswear-heated-coat-graphene-heat-coat-usb-heating-jacket-for-camping","DRAFT","no","49738568499450","XL / M01-9 BK Double SW","14:193#M01-9 BK Double SW;5:100014065","True","22","75.42","30.17","9.15","no","","","","","","","","","","","","",""
"9326918467834","21 Heated Vest Zones Electric Heated Jackets Men Women Sportswear Heated Coat Graphene Heat Coat USB Heating Jacket For Camping","21-heated-vest-zones-electric-heated-jackets-men-women-sportswear-heated-coat-graphene-heat-coat-usb-heating-jacket-for-camping","DRAFT","no","49738568204538","XXL / M01-15 BK Double SW","14:173#M01-15 BK Double SW;5:4182","True","15","87.66","35.06","10.69","no","","","","","","","","","","","","",""
"9326918467834","21 Heated Vest Zones Electric Heated Jackets Men Women Sportswear Heated Coat Graphene Heat Coat USB Heating Jacket For Camping","21-heated-vest-zones-electric-heated-jackets-men-women-sportswear-heated-coat-graphene-heat-coat-usb-heating-jacket-for-camping","DRAFT","no","49738568728826","XXL / M01-2 BK Single SW","14:771#M01-2 BK Single SW;5:4182","True","271","58.44","23.37","7.03","no","","","","","","","","","","","","",""
"9326918467834","21 Heated Vest Zones Electric Heated Jackets Men Women Sportswear Heated Coat Graphene Heat Coat USB Heating Jacket For Camping","21-heated-vest-zones-electric-heated-jackets-men-women-sportswear-heated-coat-graphene-heat-coat-usb-heating-jacket-for-camping","DRAFT","no","49738568925434","XXL / M01-21 BK Four SW","14:1254#M01-21 BK Four SW;5:4182","True","6","85.93","34.37","10.47","no","","","","","","","","","","","","",""
"9326918467834","21 Heated Vest Zones Electric Heated Jackets Men Women Sportswear Heated Coat Graphene Heat Coat USB Heating Jacket For Camping","21-heated-vest-zones-electric-heated-jackets-men-women-sportswear-heated-coat-graphene-heat-coat-usb-heating-jacket-for-camping","DRAFT","no","49738568466682","XXL / M01-9 BK Double SW","14:193#M01-9 BK Double SW;5:4182","True","5","74.54","29.82","9.04","no","","","","","","","","","","","","",""
"9326918467834","21 Heated Vest Zones Electric Heated Jackets Men Women Sportswear Heated Coat Graphene Heat Coat USB Heating Jacket For Camping","21-heated-vest-zones-electric-heated-jackets-men-women-sportswear-heated-coat-graphene-heat-coat-usb-heating-jacket-for-camping","DRAFT","no","49738568171770","XXXL / M01-15 BK Double SW","14:173#M01-15 BK Double SW;5:4183","True","6","85.79","34.32","10.45","no","","","","","","","","","","","","",""
"9326918467834","21 Heated Vest Zones Electric Heated Jackets Men Women Sportswear Heated Coat Graphene Heat Coat USB Heating Jacket For Camping","21-heated-vest-zones-electric-heated-jackets-men-women-sportswear-heated-coat-graphene-heat-coat-usb-heating-jacket-for-camping","DRAFT","no","49738568696058","XXXL / M01-2 BK Single SW","14:771#M01-2 BK Single SW;5:4183","True","15","60.48","24.19","7.28","no","","","","","","","","","","","","",""
"9326918467834","21 Heated Vest Zones Electric Heated Jackets Men Women Sportswear Heated Coat Graphene Heat Coat USB Heating Jacket For Camping","21-heated-vest-zones-electric-heated-jackets-men-women-sportswear-heated-coat-graphene-heat-coat-usb-heating-jacket-for-camping","DRAFT","no","49738568892666","XXXL / M01-21 BK Four SW","14:1254#M01-21 BK Four SW;5:4183","True","1","87.23","34.89","10.64","no","","","","","","","","","","","","",""
"9326918467834","21 Heated Vest Zones Electric Heated Jackets Men Women Sportswear Heated Coat Graphene Heat Coat USB Heating Jacket For Camping","21-heated-vest-zones-electric-heated-jackets-men-women-sportswear-heated-coat-graphene-heat-coat-usb-heating-jacket-for-camping","DRAFT","no","49738568433914","XXXL / M01-9 BK Double SW","14:193#M01-9 BK Double SW;5:4183","True","5","75.00","30.00","9.10","no","","","","","","","","","","","","",""
"9327785443578","6-Piece Silicone Spatula Set","6-piece-silicone-spatula-set","DRAFT","no","49742404649210","Default Title","","True","0","24.99","","","no","US$9.58","3.03","7~12 days","AliExpress Selection Standard; ships from CN; DSers displayed US $2.15 shipping","1000","PASS_SHIPPING_HOLD_MARGIN_REVIEW","US$9.58","US$1.99","7~13 days","AliExpress Selection Standard; ships from CN; tracking available","1000","PASS_EXACT_PENDING_US_STOREFRONT_PRICE","Exact mapped black SKU checked on 2026-07-26. Ships to Canada and the United States; product remains Draft pending landed-cost pricing review."
"9326917943546","9 Heated Vest Zones Electric Heated Jackets Men Women","9-heated-vest-zones-electric-heated-jackets-men-women-sportswear-heated-coat-graphene-heat-coat-usb-heating-jacket-for-camping","DRAFT","no","49738557456634","9 areas heated black / 4XL","14:193#9 areas heated black;5:200000990","True","3","54.99","28.38","0.21","no","","","","","","","","","","","","",""
"9326917943546","9 Heated Vest Zones Electric Heated Jackets Men Women","9-heated-vest-zones-electric-heated-jackets-men-women-sportswear-heated-coat-graphene-heat-coat-usb-heating-jacket-for-camping","DRAFT","no","49738557718778","9 areas heated black / L","14:193#9 areas heated black;5:361385","True","14","54.99","26.61","1.98","no","","","","","","","","","","","","",""
"9326917943546","9 Heated Vest Zones Electric Heated Jackets Men Women","9-heated-vest-zones-electric-heated-jackets-men-women-sportswear-heated-coat-graphene-heat-coat-usb-heating-jacket-for-camping","DRAFT","no","49738557554938","9 areas heated black / M","14:193#9 areas heated black;5:361386","True","6","54.99","26.54","2.05","no","","","","","","","","","","","","",""
"9326917943546","9 Heated Vest Zones Electric Heated Jackets Men Women","9-heated-vest-zones-electric-heated-jackets-men-women-sportswear-heated-coat-graphene-heat-coat-usb-heating-jacket-for-camping","DRAFT","no","49738557751546","9 areas heated black / XL","14:193#9 areas heated black;5:100014065","True","3","54.99","28.30","0.29","no","","","","","","","","","","","","",""
"9326917943546","9 Heated Vest Zones Electric Heated Jackets Men Women","9-heated-vest-zones-electric-heated-jackets-men-women-sportswear-heated-coat-graphene-heat-coat-usb-heating-jacket-for-camping","DRAFT","no","49738557489402","9 areas heated black / XXL","14:193#9 areas heated black;5:4182","True","19","54.99","27.92","0.67","no","","","","","","","","","","","","",""
"9326917943546","9 Heated Vest Zones Electric Heated Jackets Men Women","9-heated-vest-zones-electric-heated-jackets-men-women-sportswear-heated-coat-graphene-heat-coat-usb-heating-jacket-for-camping","DRAFT","no","49738557522170","9 areas heated black / XXXL","14:193#9 areas heated black;5:4183","True","2","54.99","28.49","0.10","no","","","","","","","","","","","","",""
"9326917943546","9 Heated Vest Zones Electric Heated Jackets Men Women","9-heated-vest-zones-electric-heated-jackets-men-women-sportswear-heated-coat-graphene-heat-coat-usb-heating-jacket-for-camping","DRAFT","no","49738557784314","9 areas heated blue / 4XL","14:173#9 areas heated blue;5:200000990","True","8","54.99","27.54","1.05","no","","","","","","","","","","","","",""
"9326917943546","9 Heated Vest Zones Electric Heated Jackets Men Women","9-heated-vest-zones-electric-heated-jackets-men-women-sportswear-heated-coat-graphene-heat-coat-usb-heating-jacket-for-camping","DRAFT","no","49738557653242","9 areas heated blue / L","14:173#9 areas heated blue;5:361385","True","5","54.99","27.72","0.87","no","","","","","","","","","","","","",""
"9326917943546","9 Heated Vest Zones Electric Heated Jackets Men Women","9-heated-vest-zones-electric-heated-jackets-men-women-sportswear-heated-coat-graphene-heat-coat-usb-heating-jacket-for-camping","DRAFT","no","49738557620474","9 areas heated blue / M","14:173#9 areas heated blue;5:361386","True","9","54.99","26.48","2.11","no","","","","","","","","","","","","",""
"9326917943546","9 Heated Vest Zones Electric Heated Jackets Men Women","9-heated-vest-zones-electric-heated-jackets-men-women-sportswear-heated-coat-graphene-heat-coat-usb-heating-jacket-for-camping","DRAFT","no","49738557686010","9 areas heated blue / XL","14:173#9 areas heated blue;5:100014065","True","8","54.99","27.61","0.98","no","","","","","","","","","","","","",""
"9326917943546","9 Heated Vest Zones Electric Heated Jackets Men Women","9-heated-vest-zones-electric-heated-jackets-men-women-sportswear-heated-coat-graphene-heat-coat-usb-heating-jacket-for-camping","DRAFT","no","49738557817082","9 areas heated blue / XXL","14:173#9 areas heated blue;5:4182","True","2","54.99","28.62","-0.03","no","","","","","","","","","","","","",""
"9326917943546","9 Heated Vest Zones Electric Heated Jackets Men Women","9-heated-vest-zones-electric-heated-jackets-men-women-sportswear-heated-coat-graphene-heat-coat-usb-heating-jacket-for-camping","DRAFT","no","49738557587706","9 areas heated blue / XXXL","14:173#9 areas heated blue;5:4183","True","4","54.99","28.85","-0.26","no","","","","","","","","","","","","",""
"9326921187578","Adjustable Raised Pet Bowl Set","pet-supplies-cat-bowls-water-bowls-dog-bowls-tip-over-resistant-pet-bowls-height-adjustable","DRAFT","yes","49738580459770","Black","14:175#Black","True","3","34.99","17.54","0.54","yes","17.54","3.03","8~13 days sampled range","AliExpress Selection Standard; ships from CN; DSers displayed US $2.15 shipping","14","FAIL_REPRICE_OR_REJECT","","","","","","","Checked in DSers Shipping info modal for Canada on 2026-07-26. Red blue returned US $2.15 shipping with tracking available; all worksheet caps are below CA$3.03, so reprice, replace supplier, or reject before launch."
"9326921187578","Adjustable Raised Pet Bowl Set","pet-supplies-cat-bowls-water-bowls-dog-bowls-tip-over-resistant-pet-bowls-height-adjustable","DRAFT","yes","49738580525306","Pink","14:29#Pink","True","2","34.99","15.91","2.17","yes","15.91","3.03","8~13 days sampled range","AliExpress Selection Standard; ships from CN; DSers displayed US $2.15 shipping","14","FAIL_REPRICE_OR_REJECT","","","","","","","Checked in DSers Shipping info modal for Canada on 2026-07-26. Red blue returned US $2.15 shipping with tracking available; all worksheet caps are below CA$3.03, so reprice, replace supplier, or reject before launch."
"9326921187578","Adjustable Raised Pet Bowl Set","pet-supplies-cat-bowls-water-bowls-dog-bowls-tip-over-resistant-pet-bowls-height-adjustable","DRAFT","yes","49738580427002","Purple","14:10#Purple","True","5","34.99","17.31","0.77","yes","17.31","3.03","8~13 days sampled range","AliExpress Selection Standard; ships from CN; DSers displayed US $2.15 shipping","14","FAIL_REPRICE_OR_REJECT","","","","","","","Checked in DSers Shipping info modal for Canada on 2026-07-26. Red blue returned US $2.15 shipping with tracking available; all worksheet caps are below CA$3.03, so reprice, replace supplier, or reject before launch."
"9326921187578","Adjustable Raised Pet Bowl Set","pet-supplies-cat-bowls-water-bowls-dog-bowls-tip-over-resistant-pet-bowls-height-adjustable","DRAFT","yes","49738580492538","Red blue","14:193#Red blue","True","5","34.99","15.27","2.81","yes","15.27","3.03","8~13 days sampled range","AliExpress Selection Standard; ships from CN; DSers displayed US $2.15 shipping","14","FAIL_REPRICE_OR_REJECT","","","","","","","Checked in DSers Shipping info modal for Canada on 2026-07-26. Red blue returned US $2.15 shipping with tracking available; all worksheet caps are below CA$3.03, so reprice, replace supplier, or reject before launch."
"9326918205690","Adjustable Rhinestone Ring","minimalist-acrylic-rhinestone-open-ring-for-women-korean-fashion-geometry-adjustable-knuckle-ring-party-jewelry-lady-gifts","ACTIVE","yes","49738558079226","Style1","200000783:193#Style1","True","33","14.99","3.50","4.07","yes","3.50","3.03","7~12 days","AliExpress Selection Standard; ships from CN; DSers displayed US $2.15 shipping","44","PASS","US$2.44~2.50","US$1.99","7~12 days","AliExpress Selection Standard; ships from CN; tracking available","44","PASS_SHIPPING_PENDING_US_STOREFRONT_PRICE","Checked in DSers Shipping info modal for Canada on 2026-07-26. Style1 and Style2 returned US $2.15 shipping with tracking available. US shipping checked in DSers Shipping info for United States / Alabama on 2026-07-26. Style1 and Style2 both returned US $1.99 shipping, 7~12 days, tracking available."
"9326918205690","Adjustable Rhinestone Ring","minimalist-acrylic-rhinestone-open-ring-for-women-korean-fashion-geometry-adjustable-knuckle-ring-party-jewelry-lady-gifts","ACTIVE","yes","49738558046458","Style2","200000783:200003699#Style2","True","13","14.99","3.42","4.15","yes","3.42","3.03","7~12 days","AliExpress Selection Standard; ships from CN; DSers displayed US $2.15 shipping","44","PASS","US$2.44~2.50","US$1.99","7~12 days","AliExpress Selection Standard; ships from CN; tracking available","44","PASS_SHIPPING_PENDING_US_STOREFRONT_PRICE","Checked in DSers Shipping info modal for Canada on 2026-07-26. Style1 and Style2 returned US $2.15 shipping with tracking available. US shipping checked in DSers Shipping info for United States / Alabama on 2026-07-26. Style1 and Style2 both returned US $1.99 shipping, 7~12 days, tracking available."
"9326917124346","Baby head pillow anti-fall device Head protective pad summer anti-bump head learning to walk baby four seasons toddler hat","baby-head-pillow-anti-fall-device-head-protective-pad-summer-anti-bump-head-learning-to-walk-baby-four-seasons-toddler-hat","DRAFT","no","49738548248826","ONE SIZE / J8003-BFHX","14:365458#J8003-BFHX;5:200001058","True","0","14.77","5.91","1.55","no","","","","","","","","","","","","",""
"9326917124346","Baby head pillow anti-fall device Head protective pad summer anti-bump head learning to walk baby four seasons toddler hat","baby-head-pillow-anti-fall-device-head-protective-pad-summer-anti-bump-head-learning-to-walk-baby-four-seasons-toddler-hat","DRAFT","no","49738548281594","ONE SIZE / J8003-FSSL","14:1052#J8003-FSSL;5:200001058","True","0","15.44","6.17","1.64","no","","","","","","","","","","","","",""
"9326917124346","Baby head pillow anti-fall device Head protective pad summer anti-bump head learning to walk baby four seasons toddler hat","baby-head-pillow-anti-fall-device-head-protective-pad-summer-anti-bump-head-learning-to-walk-baby-four-seasons-toddler-hat","DRAFT","no","49738548314362","ONE SIZE / J8003-HSSL","14:173#J8003-HSSL;5:200001058","True","7","15.44","6.17","1.64","no","","","","","","","","","","","","",""
"9326917124346","Baby head pillow anti-fall device Head protective pad summer anti-bump head learning to walk baby four seasons toddler hat","baby-head-pillow-anti-fall-device-head-protective-pad-summer-anti-bump-head-learning-to-walk-baby-four-seasons-toddler-hat","DRAFT","no","49738548347130","ONE SIZE / J8003-LSSL","14:200004889#J8003-LSSL;5:200001058","True","0","15.12","6.05","1.59","no","","","","","","","","","","","","",""
"9326916796666","Baby Music Activity Gym Rug Play Mat Newborn Carpet Pedal","baby-music-activity-gym-rug-play-mat-newborn-carpet-pedal-piano-keyboard-infant-fitness-rack-playmat-crawling-game-pad-toys-gift","DRAFT","no","49738545234170","1 set","14:200002130#1 set","True","0","49.08","19.63","5.85","no","","","","","","","","","","","","",""
"9326916796666","Baby Music Activity Gym Rug Play Mat Newborn Carpet Pedal","baby-music-activity-gym-rug-play-mat-newborn-carpet-pedal-piano-keyboard-infant-fitness-rack-playmat-crawling-game-pad-toys-gift","DRAFT","no","49738545266938","1 set 1","14:200000195#1 set","True","0","48.77","19.51","5.81","no","","","","","","","","","","","","",""
"9326916796666","Baby Music Activity Gym Rug Play Mat Newborn Carpet Pedal","baby-music-activity-gym-rug-play-mat-newborn-carpet-pedal-piano-keyboard-infant-fitness-rack-playmat-crawling-game-pad-toys-gift","DRAFT","no","49738545561850","1 set 10","14:200844061#1 set","True","0","48.42","19.37","5.77","no","","","","","","","","","","","","",""
"9326916796666","Baby Music Activity Gym Rug Play Mat Newborn Carpet Pedal","baby-music-activity-gym-rug-play-mat-newborn-carpet-pedal-piano-keyboard-infant-fitness-rack-playmat-crawling-game-pad-toys-gift","DRAFT","no","49738545594618","1 set 11","14:200844062#1 set","True","0","48.59","19.44","5.79","no","","","","","","","","","","","","",""
"9326916796666","Baby Music Activity Gym Rug Play Mat Newborn Carpet Pedal","baby-music-activity-gym-rug-play-mat-newborn-carpet-pedal-piano-keyboard-infant-fitness-rack-playmat-crawling-game-pad-toys-gift","DRAFT","no","49738545627386","1 set 12","14:200003699#1 set","True","0","48.28","19.31","5.75","no","","","","","","","","","","","","",""
"9326916796666","Baby Music Activity Gym Rug Play Mat Newborn Carpet Pedal","baby-music-activity-gym-rug-play-mat-newborn-carpet-pedal-piano-keyboard-infant-fitness-rack-playmat-crawling-game-pad-toys-gift","DRAFT","no","49738545660154","1 set 13","14:200006152#1 set","True","6","48.03","19.21","5.72","no","","","","","","","","","","","","",""
"9326916796666","Baby Music Activity Gym Rug Play Mat Newborn Carpet Pedal","baby-music-activity-gym-rug-play-mat-newborn-carpet-pedal-piano-keyboard-infant-fitness-rack-playmat-crawling-game-pad-toys-gift","DRAFT","no","49738545299706","1 set 2","14:200005536#1 set","True","0","48.59","19.44","5.79","no","","","","","","","","","","","","",""
"9326916796666","Baby Music Activity Gym Rug Play Mat Newborn Carpet Pedal","baby-music-activity-gym-rug-play-mat-newborn-carpet-pedal-piano-keyboard-infant-fitness-rack-playmat-crawling-game-pad-toys-gift","DRAFT","no","49738545332474","1 set 3","14:200004889#1 set","True","0","48.63","19.45","5.80","no","","","","","","","","","","","","",""
"9326916796666","Baby Music Activity Gym Rug Play Mat Newborn Carpet Pedal","baby-music-activity-gym-rug-play-mat-newborn-carpet-pedal-piano-keyboard-infant-fitness-rack-playmat-crawling-game-pad-toys-gift","DRAFT","no","49738545365242","1 set 4","14:200004890#1 set","True","0","48.59","19.44","5.79","no","","","","","","","","","","","","",""
"9326916796666","Baby Music Activity Gym Rug Play Mat Newborn Carpet Pedal","baby-music-activity-gym-rug-play-mat-newborn-carpet-pedal-piano-keyboard-infant-fitness-rack-playmat-crawling-game-pad-toys-gift","DRAFT","no","49738545398010","1 set 5","14:365016#1 set","True","0","49.12","19.65","5.86","no","","","","","","","","","","","","",""
"9326916796666","Baby Music Activity Gym Rug Play Mat Newborn Carpet Pedal","baby-music-activity-gym-rug-play-mat-newborn-carpet-pedal-piano-keyboard-infant-fitness-rack-playmat-crawling-game-pad-toys-gift","DRAFT","no","49738545430778","1 set 6","14:200141872#1 set","True","0","48.87","19.55","5.82","no","","","","","","","","","","","","",""
"9326916796666","Baby Music Activity Gym Rug Play Mat Newborn Carpet Pedal","baby-music-activity-gym-rug-play-mat-newborn-carpet-pedal-piano-keyboard-infant-fitness-rack-playmat-crawling-game-pad-toys-gift","DRAFT","no","49738545463546","1 set 7","14:200006154#1 set","True","0","48.77","19.51","5.81","no","","","","","","","","","","","","",""
"9326916796666","Baby Music Activity Gym Rug Play Mat Newborn Carpet Pedal","baby-music-activity-gym-rug-play-mat-newborn-carpet-pedal-piano-keyboard-infant-fitness-rack-playmat-crawling-game-pad-toys-gift","DRAFT","no","49738545496314","1 set 8","14:200006155#1 set","True","0","48.63","19.45","5.80","no","","","","","","","","","","","","",""
"9326916796666","Baby Music Activity Gym Rug Play Mat Newborn Carpet Pedal","baby-music-activity-gym-rug-play-mat-newborn-carpet-pedal-piano-keyboard-infant-fitness-rack-playmat-crawling-game-pad-toys-gift","DRAFT","no","49738545529082","1 set 9","14:200844060#1 set","True","0","48.70","19.48","5.80","no","","","","","","","","","","","","",""
"9326917255418","Bath Toy Storage Mesh","baby-shower-bath-toys-white-baby-kids-toy-storage-mesh-with-strong-suction-cups-toy-bag-net-bathroom-organizer-for-kids-toddlers","DRAFT","no","49738549592314","WJSND-A","14:175#WJSND-A","True","8","19.99","6.81","3.39","no","6.81","3.03","7~12 days","AliExpress Selection Standard; ships from CN; DSers displayed US $2.15 shipping","25","PASS_RISK_HOLD","","","","","","","Checked all four mapped variants in DSers Shipping info for Canada on 2026-07-26. WJSND-A/B/C returned US $2.15 shipping with tracking available and fit their caps; WJSND-D returned No Shipping. Product remains excluded from launch under the existing child_safety hard hold pending category/compliance review. Product moved to Draft on 2026-07-26 because child-safety compliance review remains incomplete."
"9326917255418","Bath Toy Storage Mesh","baby-shower-bath-toys-white-baby-kids-toy-storage-mesh-with-strong-suction-cups-toy-bag-net-bathroom-organizer-for-kids-toddlers","DRAFT","no","49738549625082","WJSND-B","14:10#WJSND-B","True","9","19.99","6.26","3.94","no","6.26","3.03","7~12 days","AliExpress Selection Standard; ships from CN; DSers displayed US $2.15 shipping","25","PASS_RISK_HOLD","","","","","","","Checked all four mapped variants in DSers Shipping info for Canada on 2026-07-26. WJSND-A/B/C returned US $2.15 shipping with tracking available and fit their caps; WJSND-D returned No Shipping. Product remains excluded from launch under the existing child_safety hard hold pending category/compliance review. Product moved to Draft on 2026-07-26 because child-safety compliance review remains incomplete."
"9326917255418","Bath Toy Storage Mesh","baby-shower-bath-toys-white-baby-kids-toy-storage-mesh-with-strong-suction-cups-toy-bag-net-bathroom-organizer-for-kids-toddlers","DRAFT","no","49738549657850","WJSND-C","14:173#WJSND-C","True","2","19.99","6.98","3.22","no","6.98","3.03","7~12 days","AliExpress Selection Standard; ships from CN; DSers displayed US $2.15 shipping","25","PASS_RISK_HOLD","","","","","","","Checked all four mapped variants in DSers Shipping info for Canada on 2026-07-26. WJSND-A/B/C returned US $2.15 shipping with tracking available and fit their caps; WJSND-D returned No Shipping. Product remains excluded from launch under the existing child_safety hard hold pending category/compliance review. Product moved to Draft on 2026-07-26 because child-safety compliance review remains incomplete."
"9326917255418","Bath Toy Storage Mesh","baby-shower-bath-toys-white-baby-kids-toy-storage-mesh-with-strong-suction-cups-toy-bag-net-bathroom-organizer-for-kids-toddlers","DRAFT","no","49738549559546","WJSND-D","14:350852#WJSND-D","True","6","19.99","6.33","3.87","no","6.33","NO_SHIPPING","No Shipping","DSers returned No Shipping to Canada for WJSND-D","25","FAIL_NO_SHIPPING_RISK_HOLD","","","","","","","Checked all four mapped variants in DSers Shipping info for Canada on 2026-07-26. WJSND-D returned No Shipping. Product remains excluded from launch under the existing child_safety hard hold pending category/compliance review."
"9326917550330","Breezy Everyday Pants","ice-silk-mens-pants-2025-summer-new-black-gray-thin-business-casual-pants-outdoor-elastic-breathable-straight-leg-sweatpants","ACTIVE","yes","49738551918842","4XL / 709-hei","14:200004889#709-hei;5:200000990","True","499","32.42","12.97","3.76","yes","12.97","3.03","7~12 days","AliExpress Selection Standard; ships from CN; representative DSers samples displayed US $2.15 shipping","12497","PASS_REPRESENTATIVE_SAMPLE","US$6.30~9.08","US$1.99","8~13 days","AliExpress Selection Standard; ships from CN; tracking available","12497","PASS_REPRESENTATIVE_SAMPLE_PENDING_US_STOREFRONT_PRICE","Representative DSers Canada quote on 2026-07-26 across six visible size/color SKUs: M/L/XL/5XL 709-shenhui and XL/5XL 709-shenlan. Five returned US $2.15 shipping with tracking; 4XL-709-shenhui returned No Shipping. Representative CA$3.03 shipping was applied across mapped variants; rows below that cap fail economics. Representative U.S. DSers quote on 2026-07-26: 4XL/5XL/M dark grey and 5XL/XL dark blue returned US$1.99 shipping in 8~13 days, tracking available. Applied across mapped variants pending final spot-check."
"9326917550330","Breezy Everyday Pants","ice-silk-mens-pants-2025-summer-new-black-gray-thin-business-casual-pants-outdoor-elastic-breathable-straight-leg-sweatpants","ACTIVE","yes","49738551689466","4XL / 709-qianhui","14:1254#709-qianhui;5:200000990","True","500","32.07","12.83","3.72","yes","12.83","3.03","7~12 days","AliExpress Selection Standard; ships from CN; representative DSers samples displayed US $2.15 shipping","12497","PASS_REPRESENTATIVE_SAMPLE","US$6.30~9.08","US$1.99","8~13 days","AliExpress Selection Standard; ships from CN; tracking available","12497","PASS_REPRESENTATIVE_SAMPLE_PENDING_US_STOREFRONT_PRICE","Representative DSers Canada quote on 2026-07-26 across six visible size/color SKUs: M/L/XL/5XL 709-shenhui and XL/5XL 709-shenlan. Five returned US $2.15 shipping with tracking; 4XL-709-shenhui returned No Shipping. Representative CA$3.03 shipping was applied across mapped variants; rows below that cap fail economics. Representative U.S. DSers quote on 2026-07-26: 4XL/5XL/M dark grey and 5XL/XL dark blue returned US$1.99 shipping in 8~13 days, tracking available. Applied across mapped variants pending final spot-check."
"9326917550330","Breezy Everyday Pants","ice-silk-mens-pants-2025-summer-new-black-gray-thin-business-casual-pants-outdoor-elastic-breathable-straight-leg-sweatpants","ACTIVE","yes","49738551165178","4XL / 709-shenhui","14:175#709-shenhui;5:200000990","False","0","33.40","13.36","3.89","yes","13.36","NO_SHIPPING","No Shipping sampled","DSers returned No Shipping to Canada for sampled 4XL-709-shenhui SKU","12497","EXCLUDED_VARIANT_DISABLED","US$6.30~9.08","US$1.99","8~13 days","AliExpress Selection Standard; ships from CN; tracking available","12497","PASS_REPRESENTATIVE_SAMPLE_PENDING_US_STOREFRONT_PRICE","Representative DSers Canada quote on 2026-07-26 across six visible size/color SKUs: M/L/XL/5XL 709-shenhui and XL/5XL 709-shenlan. Five returned US $2.15 shipping with tracking; 4XL-709-shenhui returned No Shipping. Representative CA$3.03 shipping was applied across mapped variants; rows below that cap fail economics. Live inventory was set to 0 and inventory policy changed to DENY on 2026-07-26 because this exact option has no Canada shipping. Representative U.S. DSers quote on 2026-07-26: 4XL/5XL/M dark grey and 5XL/XL dark blue returned US$1.99 shipping in 8~13 days, tracking available. Applied across mapped variants pending final spot-check."
"9326917550330","Breezy Everyday Pants","ice-silk-mens-pants-2025-summer-new-black-gray-thin-business-casual-pants-outdoor-elastic-breathable-straight-leg-sweatpants","ACTIVE","yes","49738551460090","4XL / 709-shenlan","14:193#709-shenlan;5:200000990","True","498","32.35","12.94","3.76","yes","12.94","3.03","7~12 days","AliExpress Selection Standard; ships from CN; representative DSers samples displayed US $2.15 shipping","12497","PASS_REPRESENTATIVE_SAMPLE","US$6.30~9.08","US$1.99","8~13 days","AliExpress Selection Standard; ships from CN; tracking available","12497","PASS_REPRESENTATIVE_SAMPLE_PENDING_US_STOREFRONT_PRICE","Representative DSers Canada quote on 2026-07-26 across six visible size/color SKUs: M/L/XL/5XL 709-shenhui and XL/5XL 709-shenlan. Five returned US $2.15 shipping with tracking; 4XL-709-shenhui returned No Shipping. Representative CA$3.03 shipping was applied across mapped variants; rows below that cap fail economics. Representative U.S. DSers quote on 2026-07-26: 4XL/5XL/M dark grey and 5XL/XL dark blue returned US$1.99 shipping in 8~13 days, tracking available. Applied across mapped variants pending final spot-check."
"9326917550330","Breezy Everyday Pants","ice-silk-mens-pants-2025-summer-new-black-gray-thin-business-casual-pants-outdoor-elastic-breathable-straight-leg-sweatpants","ACTIVE","yes","49738551886074","5XL / 709-hei","14:200004889#709-hei;5:200000991","True","499","31.96","12.78","3.71","yes","12.78","3.03","7~12 days","AliExpress Selection Standard; ships from CN; representative DSers samples displayed US $2.15 shipping","12497","PASS_REPRESENTATIVE_SAMPLE","US$6.30~9.08","US$1.99","8~13 days","AliExpress Selection Standard; ships from CN; tracking available","12497","PASS_REPRESENTATIVE_SAMPLE_PENDING_US_STOREFRONT_PRICE","Representative DSers Canada quote on 2026-07-26 across six visible size/color SKUs: M/L/XL/5XL 709-shenhui and XL/5XL 709-shenlan. Five returned US $2.15 shipping with tracking; 4XL-709-shenhui returned No Shipping. Representative CA$3.03 shipping was applied across mapped variants; rows below that cap fail economics. Representative U.S. DSers quote on 2026-07-26: 4XL/5XL/M dark grey and 5XL/XL dark blue returned US$1.99 shipping in 8~13 days, tracking available. Applied across mapped variants pending final spot-check."
"9326917550330","Breezy Everyday Pants","ice-silk-mens-pants-2025-summer-new-black-gray-thin-business-casual-pants-outdoor-elastic-breathable-straight-leg-sweatpants","ACTIVE","yes","49738551722234","5XL / 709-qianhui","14:1254#709-qianhui;5:200000991","True","500","32.07","12.83","3.72","yes","12.83","3.03","7~12 days","AliExpress Selection Standard; ships from CN; representative DSers samples displayed US $2.15 shipping","12497","PASS_REPRESENTATIVE_SAMPLE","US$6.30~9.08","US$1.99","8~13 days","AliExpress Selection Standard; ships from CN; tracking available","12497","PASS_REPRESENTATIVE_SAMPLE_PENDING_US_STOREFRONT_PRICE","Representative DSers Canada quote on 2026-07-26 across six visible size/color SKUs: M/L/XL/5XL 709-shenhui and XL/5XL 709-shenlan. Five returned US $2.15 shipping with tracking; 4XL-709-shenhui returned No Shipping. Representative CA$3.03 shipping was applied across mapped variants; rows below that cap fail economics. Representative U.S. DSers quote on 2026-07-26: 4XL/5XL/M dark grey and 5XL/XL dark blue returned US$1.99 shipping in 8~13 days, tracking available. Applied across mapped variants pending final spot-check."
"9326917550330","Breezy Everyday Pants","ice-silk-mens-pants-2025-summer-new-black-gray-thin-business-casual-pants-outdoor-elastic-breathable-straight-leg-sweatpants","ACTIVE","yes","49738551197946","5XL / 709-shenhui","14:175#709-shenhui;5:200000991","True","500","32.07","12.83","3.72","yes","12.83","3.03","7~12 days","AliExpress Selection Standard; ships from CN; representative DSers samples displayed US $2.15 shipping","12497","PASS_REPRESENTATIVE_SAMPLE","US$6.30~9.08","US$1.99","8~13 days","AliExpress Selection Standard; ships from CN; tracking available","12497","PASS_REPRESENTATIVE_SAMPLE_PENDING_US_STOREFRONT_PRICE","Representative DSers Canada quote on 2026-07-26 across six visible size/color SKUs: M/L/XL/5XL 709-shenhui and XL/5XL 709-shenlan. Five returned US $2.15 shipping with tracking; 4XL-709-shenhui returned No Shipping. Representative CA$3.03 shipping was applied across mapped variants; rows below that cap fail economics. Representative U.S. DSers quote on 2026-07-26: 4XL/5XL/M dark grey and 5XL/XL dark blue returned US$1.99 shipping in 8~13 days, tracking available. Applied across mapped variants pending final spot-check."
"9326917550330","Breezy Everyday Pants","ice-silk-mens-pants-2025-summer-new-black-gray-thin-business-casual-pants-outdoor-elastic-breathable-straight-leg-sweatpants","ACTIVE","yes","49738551230714","5XL / 709-shenlan","14:193#709-shenlan;5:200000991","True","500","32.07","12.83","3.72","yes","12.83","3.03","7~12 days","AliExpress Selection Standard; ships from CN; representative DSers samples displayed US $2.15 shipping","12497","PASS_REPRESENTATIVE_SAMPLE","US$6.30~9.08","US$1.99","8~13 days","AliExpress Selection Standard; ships from CN; tracking available","12497","PASS_REPRESENTATIVE_SAMPLE_PENDING_US_STOREFRONT_PRICE","Representative DSers Canada quote on 2026-07-26 across six visible size/color SKUs: M/L/XL/5XL 709-shenhui and XL/5XL 709-shenlan. Five returned US $2.15 shipping with tracking; 4XL-709-shenhui returned No Shipping. Representative CA$3.03 shipping was applied across mapped variants; rows below that cap fail economics. Representative U.S. DSers quote on 2026-07-26: 4XL/5XL/M dark grey and 5XL/XL dark blue returned US$1.99 shipping in 8~13 days, tracking available. Applied across mapped variants pending final spot-check."
"9326917550330","Breezy Everyday Pants","ice-silk-mens-pants-2025-summer-new-black-gray-thin-business-casual-pants-outdoor-elastic-breathable-straight-leg-sweatpants","ACTIVE","yes","49738551984378","L / 709-hei","14:200004889#709-hei;5:361385","True","500","32.07","12.83","3.72","yes","12.83","3.03","7~12 days","AliExpress Selection Standard; ships from CN; representative DSers samples displayed US $2.15 shipping","12497","PASS_REPRESENTATIVE_SAMPLE","US$6.30~9.08","US$1.99","8~13 days","AliExpress Selection Standard; ships from CN; tracking available","12497","PASS_REPRESENTATIVE_SAMPLE_PENDING_US_STOREFRONT_PRICE","Representative DSers Canada quote on 2026-07-26 across six visible size/color SKUs: M/L/XL/5XL 709-shenhui and XL/5XL 709-shenlan. Five returned US $2.15 shipping with tracking; 4XL-709-shenhui returned No Shipping. Representative CA$3.03 shipping was applied across mapped variants; rows below that cap fail economics. Representative U.S. DSers quote on 2026-07-26: 4XL/5XL/M dark grey and 5XL/XL dark blue returned US$1.99 shipping in 8~13 days, tracking available. Applied across mapped variants pending final spot-check."
"9326917550330","Breezy Everyday Pants","ice-silk-mens-pants-2025-summer-new-black-gray-thin-business-casual-pants-outdoor-elastic-breathable-straight-leg-sweatpants","ACTIVE","yes","49738551853306","L / 709-qianhui","14:1254#709-qianhui;5:361385","True","498","31.64","12.66","3.66","yes","12.66","3.03","7~12 days","AliExpress Selection Standard; ships from CN; representative DSers samples displayed US $2.15 shipping","12497","PASS_REPRESENTATIVE_SAMPLE","US$6.30~9.08","US$1.99","8~13 days","AliExpress Selection Standard; ships from CN; tracking available","12497","PASS_REPRESENTATIVE_SAMPLE_PENDING_US_STOREFRONT_PRICE","Representative DSers Canada quote on 2026-07-26 across six visible size/color SKUs: M/L/XL/5XL 709-shenhui and XL/5XL 709-shenlan. Five returned US $2.15 shipping with tracking; 4XL-709-shenhui returned No Shipping. Representative CA$3.03 shipping was applied across mapped variants; rows below that cap fail economics. Representative U.S. DSers quote on 2026-07-26: 4XL/5XL/M dark grey and 5XL/XL dark blue returned US$1.99 shipping in 8~13 days, tracking available. Applied across mapped variants pending final spot-check."
"9326917550330","Breezy Everyday Pants","ice-silk-mens-pants-2025-summer-new-black-gray-thin-business-casual-pants-outdoor-elastic-breathable-straight-leg-sweatpants","ACTIVE","yes","49738551296250","L / 709-shenhui","14:175#709-shenhui;5:361385","True","499","32.56","13.02","3.79","yes","13.02","3.03","7~12 days","AliExpress Selection Standard; ships from CN; representative DSers samples displayed US $2.15 shipping","12497","PASS_REPRESENTATIVE_SAMPLE","US$6.30~9.08","US$1.99","8~13 days","AliExpress Selection Standard; ships from CN; tracking available","12497","PASS_REPRESENTATIVE_SAMPLE_PENDING_US_STOREFRONT_PRICE","Representative DSers Canada quote on 2026-07-26 across six visible size/color SKUs: M/L/XL/5XL 709-shenhui and XL/5XL 709-shenlan. Five returned US $2.15 shipping with tracking; 4XL-709-shenhui returned No Shipping. Representative CA$3.03 shipping was applied across mapped variants; rows below that cap fail economics. Representative U.S. DSers quote on 2026-07-26: 4XL/5XL/M dark grey and 5XL/XL dark blue returned US$1.99 shipping in 8~13 days, tracking available. Applied across mapped variants pending final spot-check."
"9326917550330","Breezy Everyday Pants","ice-silk-mens-pants-2025-summer-new-black-gray-thin-business-casual-pants-outdoor-elastic-breathable-straight-leg-sweatpants","ACTIVE","yes","49738551787770","L / 709-shenlan","14:193#709-shenlan;5:361385","True","500","32.07","12.83","3.72","yes","12.83","3.03","7~12 days","AliExpress Selection Standard; ships from CN; representative DSers samples displayed US $2.15 shipping","12497","PASS_REPRESENTATIVE_SAMPLE","US$6.30~9.08","US$1.99","8~13 days","AliExpress Selection Standard; ships from CN; tracking available","12497","PASS_REPRESENTATIVE_SAMPLE_PENDING_US_STOREFRONT_PRICE","Representative DSers Canada quote on 2026-07-26 across six visible size/color SKUs: M/L/XL/5XL 709-shenhui and XL/5XL 709-shenlan. Five returned US $2.15 shipping with tracking; 4XL-709-shenhui returned No Shipping. Representative CA$3.03 shipping was applied across mapped variants; rows below that cap fail economics. Representative U.S. DSers quote on 2026-07-26: 4XL/5XL/M dark grey and 5XL/XL dark blue returned US$1.99 shipping in 8~13 days, tracking available. Applied across mapped variants pending final spot-check."
"9326917550330","Breezy Everyday Pants","ice-silk-mens-pants-2025-summer-new-black-gray-thin-business-casual-pants-outdoor-elastic-breathable-straight-leg-sweatpants","ACTIVE","yes","49738551951610","M / 709-hei","14:200004889#709-hei;5:361386","True","497","30.66","12.26","3.55","yes","12.26","3.03","7~12 days","AliExpress Selection Standard; ships from CN; representative DSers samples displayed US $2.15 shipping","12497","PASS_REPRESENTATIVE_SAMPLE","US$6.30~9.08","US$1.99","8~13 days","AliExpress Selection Standard; ships from CN; tracking available","12497","PASS_REPRESENTATIVE_SAMPLE_PENDING_US_STOREFRONT_PRICE","Representative DSers Canada quote on 2026-07-26 across six visible size/color SKUs: M/L/XL/5XL 709-shenhui and XL/5XL 709-shenlan. Five returned US $2.15 shipping with tracking; 4XL-709-shenhui returned No Shipping. Representative CA$3.03 shipping was applied across mapped variants; rows below that cap fail economics. Representative U.S. DSers quote on 2026-07-26: 4XL/5XL/M dark grey and 5XL/XL dark blue returned US$1.99 shipping in 8~13 days, tracking available. Applied across mapped variants pending final spot-check."
"9326917550330","Breezy Everyday Pants","ice-silk-mens-pants-2025-summer-new-black-gray-thin-business-casual-pants-outdoor-elastic-breathable-straight-leg-sweatpants","ACTIVE","yes","49738551820538","M / 709-qianhui","14:1254#709-qianhui;5:361386","True","498","31.75","12.70","3.68","yes","12.70","3.03","7~12 days","AliExpress Selection Standard; ships from CN; representative DSers samples displayed US $2.15 shipping","12497","PASS_REPRESENTATIVE_SAMPLE","US$6.30~9.08","US$1.99","8~13 days","AliExpress Selection Standard; ships from CN; tracking available","12497","PASS_REPRESENTATIVE_SAMPLE_PENDING_US_STOREFRONT_PRICE","Representative DSers Canada quote on 2026-07-26 across six visible size/color SKUs: M/L/XL/5XL 709-shenhui and XL/5XL 709-shenlan. Five returned US $2.15 shipping with tracking; 4XL-709-shenhui returned No Shipping. Representative CA$3.03 shipping was applied across mapped variants; rows below that cap fail economics. Representative U.S. DSers quote on 2026-07-26: 4XL/5XL/M dark grey and 5XL/XL dark blue returned US$1.99 shipping in 8~13 days, tracking available. Applied across mapped variants pending final spot-check."
"9326917550330","Breezy Everyday Pants","ice-silk-mens-pants-2025-summer-new-black-gray-thin-business-casual-pants-outdoor-elastic-breathable-straight-leg-sweatpants","ACTIVE","yes","49738551263482","M / 709-shenhui","14:175#709-shenhui;5:361386","True","497","31.57","12.63","3.66","yes","12.63","3.03","7~12 days","AliExpress Selection Standard; ships from CN; representative DSers samples displayed US $2.15 shipping","12497","PASS_REPRESENTATIVE_SAMPLE","US$6.30~9.08","US$1.99","8~13 days","AliExpress Selection Standard; ships from CN; tracking available","12497","PASS_REPRESENTATIVE_SAMPLE_PENDING_US_STOREFRONT_PRICE","Representative DSers Canada quote on 2026-07-26 across six visible size/color SKUs: M/L/XL/5XL 709-shenhui and XL/5XL 709-shenlan. Five returned US $2.15 shipping with tracking; 4XL-709-shenhui returned No Shipping. Representative CA$3.03 shipping was applied across mapped variants; rows below that cap fail economics. Representative U.S. DSers quote on 2026-07-26: 4XL/5XL/M dark grey and 5XL/XL dark blue returned US$1.99 shipping in 8~13 days, tracking available. Applied across mapped variants pending final spot-check."
"9326917550330","Breezy Everyday Pants","ice-silk-mens-pants-2025-summer-new-black-gray-thin-business-casual-pants-outdoor-elastic-breathable-straight-leg-sweatpants","ACTIVE","yes","49738551755002","M / 709-shenlan","14:193#709-shenlan;5:361386","True","500","32.07","12.83","3.72","yes","12.83","3.03","7~12 days","AliExpress Selection Standard; ships from CN; representative DSers samples displayed US $2.15 shipping","12497","PASS_REPRESENTATIVE_SAMPLE","US$6.30~9.08","US$1.99","8~13 days","AliExpress Selection Standard; ships from CN; tracking available","12497","PASS_REPRESENTATIVE_SAMPLE_PENDING_US_STOREFRONT_PRICE","Representative DSers Canada quote on 2026-07-26 across six visible size/color SKUs: M/L/XL/5XL 709-shenhui and XL/5XL 709-shenlan. Five returned US $2.15 shipping with tracking; 4XL-709-shenhui returned No Shipping. Representative CA$3.03 shipping was applied across mapped variants; rows below that cap fail economics. Representative U.S. DSers quote on 2026-07-26: 4XL/5XL/M dark grey and 5XL/XL dark blue returned US$1.99 shipping in 8~13 days, tracking available. Applied across mapped variants pending final spot-check."
"9326917550330","Breezy Everyday Pants","ice-silk-mens-pants-2025-summer-new-black-gray-thin-business-casual-pants-outdoor-elastic-breathable-straight-leg-sweatpants","ACTIVE","yes","49738551558394","XL / 709-hei","14:200004889#709-hei;5:100014065","True","498","31.19","12.48","3.61","yes","12.48","3.03","7~12 days","AliExpress Selection Standard; ships from CN; representative DSers samples displayed US $2.15 shipping","12497","PASS_REPRESENTATIVE_SAMPLE","US$6.30~9.08","US$1.99","8~13 days","AliExpress Selection Standard; ships from CN; tracking available","12497","PASS_REPRESENTATIVE_SAMPLE_PENDING_US_STOREFRONT_PRICE","Representative DSers Canada quote on 2026-07-26 across six visible size/color SKUs: M/L/XL/5XL 709-shenhui and XL/5XL 709-shenlan. Five returned US $2.15 shipping with tracking; 4XL-709-shenhui returned No Shipping. Representative CA$3.03 shipping was applied across mapped variants; rows below that cap fail economics. Representative U.S. DSers quote on 2026-07-26: 4XL/5XL/M dark grey and 5XL/XL dark blue returned US$1.99 shipping in 8~13 days, tracking available. Applied across mapped variants pending final spot-check."
"9326917550330","Breezy Everyday Pants","ice-silk-mens-pants-2025-summer-new-black-gray-thin-business-casual-pants-outdoor-elastic-breathable-straight-leg-sweatpants","ACTIVE","yes","49738551623930","XL / 709-qianhui","14:1254#709-qianhui;5:100014065","True","9","28.30","11.32","3.25","yes","11.32","3.03","7~12 days","AliExpress Selection Standard; ships from CN; representative DSers samples displayed US $2.15 shipping","12497","PASS_REPRESENTATIVE_SAMPLE","US$6.30~9.08","US$1.99","8~13 days","AliExpress Selection Standard; ships from CN; tracking available","12497","PASS_REPRESENTATIVE_SAMPLE_PENDING_US_STOREFRONT_PRICE","Representative DSers Canada quote on 2026-07-26 across six visible size/color SKUs: M/L/XL/5XL 709-shenhui and XL/5XL 709-shenlan. Five returned US $2.15 shipping with tracking; 4XL-709-shenhui returned No Shipping. Representative CA$3.03 shipping was applied across mapped variants; rows below that cap fail economics. Representative U.S. DSers quote on 2026-07-26: 4XL/5XL/M dark grey and 5XL/XL dark blue returned US$1.99 shipping in 8~13 days, tracking available. Applied across mapped variants pending final spot-check."
"9326917550330","Breezy Everyday Pants","ice-silk-mens-pants-2025-summer-new-black-gray-thin-business-casual-pants-outdoor-elastic-breathable-straight-leg-sweatpants","ACTIVE","yes","49738551329018","XL / 709-shenhui","14:175#709-shenhui;5:100014065","True","500","32.28","12.91","3.75","yes","12.91","3.03","7~12 days","AliExpress Selection Standard; ships from CN; representative DSers samples displayed US $2.15 shipping","12497","PASS_REPRESENTATIVE_SAMPLE","US$6.30~9.08","US$1.99","8~13 days","AliExpress Selection Standard; ships from CN; tracking available","12497","PASS_REPRESENTATIVE_SAMPLE_PENDING_US_STOREFRONT_PRICE","Representative DSers Canada quote on 2026-07-26 across six visible size/color SKUs: M/L/XL/5XL 709-shenhui and XL/5XL 709-shenlan. Five returned US $2.15 shipping with tracking; 4XL-709-shenhui returned No Shipping. Representative CA$3.03 shipping was applied across mapped variants; rows below that cap fail economics. Representative U.S. DSers quote on 2026-07-26: 4XL/5XL/M dark grey and 5XL/XL dark blue returned US$1.99 shipping in 8~13 days, tracking available. Applied across mapped variants pending final spot-check."
"9326917550330","Breezy Everyday Pants","ice-silk-mens-pants-2025-summer-new-black-gray-thin-business-casual-pants-outdoor-elastic-breathable-straight-leg-sweatpants","ACTIVE","yes","49738551361786","XL / 709-shenlan","14:193#709-shenlan;5:100014065","True","499","30.98","12.39","3.59","yes","12.39","3.03","7~12 days","AliExpress Selection Standard; ships from CN; representative DSers samples displayed US $2.15 shipping","12497","PASS_REPRESENTATIVE_SAMPLE","US$6.30~9.08","US$1.99","8~13 days","AliExpress Selection Standard; ships from CN; tracking available","12497","PASS_REPRESENTATIVE_SAMPLE_PENDING_US_STOREFRONT_PRICE","Representative DSers Canada quote on 2026-07-26 across six visible size/color SKUs: M/L/XL/5XL 709-shenhui and XL/5XL 709-shenlan. Five returned US $2.15 shipping with tracking; 4XL-709-shenhui returned No Shipping. Representative CA$3.03 shipping was applied across mapped variants; rows below that cap fail economics. Representative U.S. DSers quote on 2026-07-26: 4XL/5XL/M dark grey and 5XL/XL dark blue returned US$1.99 shipping in 8~13 days, tracking available. Applied across mapped variants pending final spot-check."
"9326917550330","Breezy Everyday Pants","ice-silk-mens-pants-2025-summer-new-black-gray-thin-business-casual-pants-outdoor-elastic-breathable-straight-leg-sweatpants","ACTIVE","yes","49738551492858","XXL / 709-hei","14:200004889#709-hei;5:4182","True","500","32.07","12.83","3.72","yes","12.83","3.03","7~12 days","AliExpress Selection Standard; ships from CN; representative DSers samples displayed US $2.15 shipping","12497","PASS_REPRESENTATIVE_SAMPLE","US$6.30~9.08","US$1.99","8~13 days","AliExpress Selection Standard; ships from CN; tracking available","12497","PASS_REPRESENTATIVE_SAMPLE_PENDING_US_STOREFRONT_PRICE","Representative DSers Canada quote on 2026-07-26 across six visible size/color SKUs: M/L/XL/5XL 709-shenhui and XL/5XL 709-shenlan. Five returned US $2.15 shipping with tracking; 4XL-709-shenhui returned No Shipping. Representative CA$3.03 shipping was applied across mapped variants; rows below that cap fail economics. Representative U.S. DSers quote on 2026-07-26: 4XL/5XL/M dark grey and 5XL/XL dark blue returned US$1.99 shipping in 8~13 days, tracking available. Applied across mapped variants pending final spot-check."
"9326917550330","Breezy Everyday Pants","ice-silk-mens-pants-2025-summer-new-black-gray-thin-business-casual-pants-outdoor-elastic-breathable-straight-leg-sweatpants","ACTIVE","yes","49738551525626","XXL / 709-qianhui","14:1254#709-qianhui;5:4182","True","499","24.49","9.25","3.32","yes","9.25","3.03","7~12 days","AliExpress Selection Standard; ships from CN; representative DSers samples displayed US $2.15 shipping","12497","PASS_REPRICED","US$6.30~9.08","US$1.99","8~13 days","AliExpress Selection Standard; ships from CN; tracking available","12497","PASS_REPRESENTATIVE_SAMPLE_PENDING_US_STOREFRONT_PRICE","Representative DSers Canada quote on 2026-07-26 across six visible size/color SKUs: M/L/XL/5XL 709-shenhui and XL/5XL 709-shenlan. Five returned US $2.15 shipping with tracking; 4XL-709-shenhui returned No Shipping. Representative CA$3.03 shipping was applied across mapped variants; rows below that cap fail economics. Repriced live to CA$24.49 on 2026-07-26; recalculated Canada shipping cap is CA$3.32. Representative U.S. DSers quote on 2026-07-26: 4XL/5XL/M dark grey and 5XL/XL dark blue returned US$1.99 shipping in 8~13 days, tracking available. Applied across mapped variants pending final spot-check."
"9326917550330","Breezy Everyday Pants","ice-silk-mens-pants-2025-summer-new-black-gray-thin-business-casual-pants-outdoor-elastic-breathable-straight-leg-sweatpants","ACTIVE","yes","49738552017146","XXL / 709-shenhui","14:175#709-shenhui;5:4182","True","499","32.63","13.05","3.79","yes","13.05","3.03","7~12 days","AliExpress Selection Standard; ships from CN; representative DSers samples displayed US $2.15 shipping","12497","PASS_REPRESENTATIVE_SAMPLE","US$6.30~9.08","US$1.99","8~13 days","AliExpress Selection Standard; ships from CN; tracking available","12497","PASS_REPRESENTATIVE_SAMPLE_PENDING_US_STOREFRONT_PRICE","Representative DSers Canada quote on 2026-07-26 across six visible size/color SKUs: M/L/XL/5XL 709-shenhui and XL/5XL 709-shenlan. Five returned US $2.15 shipping with tracking; 4XL-709-shenhui returned No Shipping. Representative CA$3.03 shipping was applied across mapped variants; rows below that cap fail economics. Representative U.S. DSers quote on 2026-07-26: 4XL/5XL/M dark grey and 5XL/XL dark blue returned US$1.99 shipping in 8~13 days, tracking available. Applied across mapped variants pending final spot-check."
"9326917550330","Breezy Everyday Pants","ice-silk-mens-pants-2025-summer-new-black-gray-thin-business-casual-pants-outdoor-elastic-breathable-straight-leg-sweatpants","ACTIVE","yes","49738551394554","XXL / 709-shenlan","14:193#709-shenlan;5:4182","True","499","31.57","12.63","3.66","yes","12.63","3.03","7~12 days","AliExpress Selection Standard; ships from CN; representative DSers samples displayed US $2.15 shipping","12497","PASS_REPRESENTATIVE_SAMPLE","US$6.30~9.08","US$1.99","8~13 days","AliExpress Selection Standard; ships from CN; tracking available","12497","PASS_REPRESENTATIVE_SAMPLE_PENDING_US_STOREFRONT_PRICE","Representative DSers Canada quote on 2026-07-26 across six visible size/color SKUs: M/L/XL/5XL 709-shenhui and XL/5XL 709-shenlan. Five returned US $2.15 shipping with tracking; 4XL-709-shenhui returned No Shipping. Representative CA$3.03 shipping was applied across mapped variants; rows below that cap fail economics. Representative U.S. DSers quote on 2026-07-26: 4XL/5XL/M dark grey and 5XL/XL dark blue returned US$1.99 shipping in 8~13 days, tracking available. Applied across mapped variants pending final spot-check."
"9326917550330","Breezy Everyday Pants","ice-silk-mens-pants-2025-summer-new-black-gray-thin-business-casual-pants-outdoor-elastic-breathable-straight-leg-sweatpants","ACTIVE","yes","49738551591162","XXXL / 709-hei","14:200004889#709-hei;5:4183","True","2","24.99","9.52","3.31","yes","9.52","3.03","7~12 days","AliExpress Selection Standard; ships from CN; representative DSers samples displayed US $2.15 shipping","12497","PASS_TIGHT_REPRICED_LOW_STOCK","US$6.30~9.08","US$1.99","8~13 days","AliExpress Selection Standard; ships from CN; tracking available","12497","PASS_REPRESENTATIVE_SAMPLE_PENDING_US_STOREFRONT_PRICE","Representative DSers Canada quote on 2026-07-26 across six visible size/color SKUs: M/L/XL/5XL 709-shenhui and XL/5XL 709-shenlan. Five returned US $2.15 shipping with tracking; 4XL-709-shenhui returned No Shipping. Representative CA$3.03 shipping was applied across mapped variants; rows below that cap fail economics. Repriced live to CA$24.99 on 2026-07-26; recalculated Canada shipping cap is CA$3.31; inventory remains 2. Representative U.S. DSers quote on 2026-07-26: 4XL/5XL/M dark grey and 5XL/XL dark blue returned US$1.99 shipping in 8~13 days, tracking available. Applied across mapped variants pending final spot-check."
"9326917550330","Breezy Everyday Pants","ice-silk-mens-pants-2025-summer-new-black-gray-thin-business-casual-pants-outdoor-elastic-breathable-straight-leg-sweatpants","ACTIVE","yes","49738551656698","XXXL / 709-qianhui","14:1254#709-qianhui;5:4183","True","10","24.49","9.47","3.10","yes","9.47","3.03","7~12 days","AliExpress Selection Standard; ships from CN; representative DSers samples displayed US $2.15 shipping","12497","PASS_TIGHT_REPRICED","US$6.30~9.08","US$1.99","8~13 days","AliExpress Selection Standard; ships from CN; tracking available","12497","PASS_REPRESENTATIVE_SAMPLE_PENDING_US_STOREFRONT_PRICE","Representative DSers Canada quote on 2026-07-26 across six visible size/color SKUs: M/L/XL/5XL 709-shenhui and XL/5XL 709-shenlan. Five returned US $2.15 shipping with tracking; 4XL-709-shenhui returned No Shipping. Representative CA$3.03 shipping was applied across mapped variants; rows below that cap fail economics. Repriced live to CA$24.49 on 2026-07-26; recalculated Canada shipping cap is CA$3.10. Representative U.S. DSers quote on 2026-07-26: 4XL/5XL/M dark grey and 5XL/XL dark blue returned US$1.99 shipping in 8~13 days, tracking available. Applied across mapped variants pending final spot-check."
"9326917550330","Breezy Everyday Pants","ice-silk-mens-pants-2025-summer-new-black-gray-thin-business-casual-pants-outdoor-elastic-breathable-straight-leg-sweatpants","ACTIVE","yes","49738552049914","XXXL / 709-shenhui","14:175#709-shenhui;5:4183","True","500","32.07","12.83","3.72","yes","12.83","3.03","7~12 days","AliExpress Selection Standard; ships from CN; representative DSers samples displayed US $2.15 shipping","12497","PASS_REPRESENTATIVE_SAMPLE","US$6.30~9.08","US$1.99","8~13 days","AliExpress Selection Standard; ships from CN; tracking available","12497","PASS_REPRESENTATIVE_SAMPLE_PENDING_US_STOREFRONT_PRICE","Representative DSers Canada quote on 2026-07-26 across six visible size/color SKUs: M/L/XL/5XL 709-shenhui and XL/5XL 709-shenlan. Five returned US $2.15 shipping with tracking; 4XL-709-shenhui returned No Shipping. Representative CA$3.03 shipping was applied across mapped variants; rows below that cap fail economics. Representative U.S. DSers quote on 2026-07-26: 4XL/5XL/M dark grey and 5XL/XL dark blue returned US$1.99 shipping in 8~13 days, tracking available. Applied across mapped variants pending final spot-check."
"9326917550330","Breezy Everyday Pants","ice-silk-mens-pants-2025-summer-new-black-gray-thin-business-casual-pants-outdoor-elastic-breathable-straight-leg-sweatpants","ACTIVE","yes","49738551427322","XXXL / 709-shenlan","14:193#709-shenlan;5:4183","True","499","31.57","12.63","3.66","yes","12.63","3.03","7~12 days","AliExpress Selection Standard; ships from CN; representative DSers samples displayed US $2.15 shipping","12497","PASS_REPRESENTATIVE_SAMPLE","US$6.30~9.08","US$1.99","8~13 days","AliExpress Selection Standard; ships from CN; tracking available","12497","PASS_REPRESENTATIVE_SAMPLE_PENDING_US_STOREFRONT_PRICE","Representative DSers Canada quote on 2026-07-26 across six visible size/color SKUs: M/L/XL/5XL 709-shenhui and XL/5XL 709-shenlan. Five returned US $2.15 shipping with tracking; 4XL-709-shenhui returned No Shipping. Representative CA$3.03 shipping was applied across mapped variants; rows below that cap fail economics. Representative U.S. DSers quote on 2026-07-26: 4XL/5XL/M dark grey and 5XL/XL dark blue returned US$1.99 shipping in 8~13 days, tracking available. Applied across mapped variants pending final spot-check."
"9326918271226","Car Sun Visor Organizer","sun-visor-organizer-clip","ACTIVE","yes","49738559619322","Beige","200000182:691#Beige","True","11","14.99","3.23","4.34","yes","3.23","3.03","6~11 days","AliExpress Selection Standard; ships from CN; DSers displayed US $2.15 shipping","57","PASS","US$1.16~2.30","US$1.99","7~11 days","AliExpress Selection Standard; ships from CN; tracking available","53","PASS_SHIPPING_PENDING_US_STOREFRONT_PRICE","Checked in DSers Shipping info modal for Canada on 2026-07-26. black, Beige, and Brown returned US $2.15 shipping with tracking available. US shipping checked in DSers Shipping info for United States / Alabama on 2026-07-26. black, Beige, and Brown all returned US $1.99 shipping, 7~11 days, tracking available."
"9326918271226","Car Sun Visor Organizer","sun-visor-organizer-clip","ACTIVE","yes","49738559586554","black","200000182:29#black","True","48","14.99","1.65","5.92","yes","1.65","3.03","6~11 days","AliExpress Selection Standard; ships from CN; DSers displayed US $2.15 shipping","57","PASS","US$1.16~2.30","US$1.99","7~11 days","AliExpress Selection Standard; ships from CN; tracking available","53","PASS_SHIPPING_PENDING_US_STOREFRONT_PRICE","Checked in DSers Shipping info modal for Canada on 2026-07-26. black, Beige, and Brown returned US $2.15 shipping with tracking available. US shipping checked in DSers Shipping info for United States / Alabama on 2026-07-26. black, Beige, and Brown all returned US $1.99 shipping, 7~11 days, tracking available."
"9326918271226","Car Sun Visor Organizer","sun-visor-organizer-clip","ACTIVE","yes","49738559652090","Brown","200000182:350686#Brown","True","14","14.99","3.21","4.36","yes","3.21","3.03","6~11 days","AliExpress Selection Standard; ships from CN; DSers displayed US $2.15 shipping","57","PASS","US$1.16~2.30","US$1.99","7~11 days","AliExpress Selection Standard; ships from CN; tracking available","53","PASS_SHIPPING_PENDING_US_STOREFRONT_PRICE","Checked in DSers Shipping info modal for Canada on 2026-07-26. black, Beige, and Brown returned US $2.15 shipping with tracking available. US shipping checked in DSers Shipping info for United States / Alabama on 2026-07-26. black, Beige, and Brown all returned US $1.99 shipping, 7~11 days, tracking available."
"9326916829434","Children's Foot Measuring Gauge","kids-toddler-foot-measure-gauge-shoes-size-measuring-ruler-tool-baby-boy-girl-childrens-foot-length-measuring-ruler-fittings","DRAFT","no","49738545135866","black","14:691#black","True","4","13.99","3.64","3.41","no","3.64","3.03","6~11 days","AliExpress Selection Standard; ships from CN; DSers displayed US$2.15 shipping; tracking available","4","FAIL_REPRICE_REQUIRED","3.64","US$1.99~2.15 sampled","6~11 days sampled range","AliExpress Selection Standard; ships from CN; tracking available","4","PASS_REPRESENTATIVE_SAMPLE_PENDING_US_STOREFRONT_PRICE","DSers Shipping info checked 2026-07-26. Blue had no Canada shipping but passed U.S. at US$1.99 in 7~11 days. Green and pink returned tracked Canada shipping at US$2.15 in 6~11 days; pink returned U.S. US$2.15 in 6~11 days. Every Canada cap is below CA$3.03, so reprice or reject. Correct taxonomy and verify scale accuracy/material before activation."
"9326916829434","Children's Foot Measuring Gauge","kids-toddler-foot-measure-gauge-shoes-size-measuring-ruler-tool-baby-boy-girl-childrens-foot-length-measuring-ruler-fittings","DRAFT","no","49738545070330","blue","14:29#blue","True","9","6.47","2.59","0.51","no","2.59","3.03","6~11 days","AliExpress Selection Standard; ships from CN; DSers displayed US$2.15 shipping; tracking available","9","FAIL_NO_SHIPPING","2.59","US$1.99~2.15 sampled","6~11 days sampled range","AliExpress Selection Standard; ships from CN; tracking available","9","PASS_REPRESENTATIVE_SAMPLE_PENDING_US_STOREFRONT_PRICE","DSers Shipping info checked 2026-07-26. Blue had no Canada shipping but passed U.S. at US$1.99 in 7~11 days. Green and pink returned tracked Canada shipping at US$2.15 in 6~11 days; pink returned U.S. US$2.15 in 6~11 days. Every Canada cap is below CA$3.03, so reprice or reject. Correct taxonomy and verify scale accuracy/material before activation."
"9326916829434","Children's Foot Measuring Gauge","kids-toddler-foot-measure-gauge-shoes-size-measuring-ruler-tool-baby-boy-girl-childrens-foot-length-measuring-ruler-fittings","DRAFT","no","49738545103098","green","14:175#green","True","13","10.99","2.36","3.11","no","2.36","3.03","6~11 days","AliExpress Selection Standard; ships from CN; DSers displayed US$2.15 shipping; tracking available","13","FAIL_REPRICE_REQUIRED","2.36","US$1.99~2.15 sampled","6~11 days sampled range","AliExpress Selection Standard; ships from CN; tracking available","13","PASS_REPRESENTATIVE_SAMPLE_PENDING_US_STOREFRONT_PRICE","DSers Shipping info checked 2026-07-26. Blue had no Canada shipping but passed U.S. at US$1.99 in 7~11 days. Green and pink returned tracked Canada shipping at US$2.15 in 6~11 days; pink returned U.S. US$2.15 in 6~11 days. Every Canada cap is below CA$3.03, so reprice or reject. Correct taxonomy and verify scale accuracy/material before activation."
"9326916829434","Children's Foot Measuring Gauge","kids-toddler-foot-measure-gauge-shoes-size-measuring-ruler-tool-baby-boy-girl-childrens-foot-length-measuring-ruler-fittings","DRAFT","no","49738545201402","pink","14:193#pink","True","14","11.99","2.45","3.55","no","2.45","3.03","6~11 days","AliExpress Selection Standard; ships from CN; DSers displayed US$2.15 shipping; tracking available","14","FAIL_REPRICE_REQUIRED","2.45","US$1.99~2.15 sampled","6~11 days sampled range","AliExpress Selection Standard; ships from CN; tracking available","14","PASS_REPRESENTATIVE_SAMPLE_PENDING_US_STOREFRONT_PRICE","DSers Shipping info checked 2026-07-26. Blue had no Canada shipping but passed U.S. at US$1.99 in 7~11 days. Green and pink returned tracked Canada shipping at US$2.15 in 6~11 days; pink returned U.S. US$2.15 in 6~11 days. Every Canada cap is below CA$3.03, so reprice or reject. Correct taxonomy and verify scale accuracy/material before activation."
"9326916829434","Children's Foot Measuring Gauge","kids-toddler-foot-measure-gauge-shoes-size-measuring-ruler-tool-baby-boy-girl-childrens-foot-length-measuring-ruler-fittings","DRAFT","no","49738545168634","YELLOW","14:366","True","7","13.99","3.64","3.41","no","3.64","3.03","6~11 days","AliExpress Selection Standard; ships from CN; DSers displayed US$2.15 shipping; tracking available","7","FAIL_REPRICE_REQUIRED","3.64","US$1.99~2.15 sampled","6~11 days sampled range","AliExpress Selection Standard; ships from CN; tracking available","7","PASS_REPRESENTATIVE_SAMPLE_PENDING_US_STOREFRONT_PRICE","DSers Shipping info checked 2026-07-26. Blue had no Canada shipping but passed U.S. at US$1.99 in 7~11 days. Green and pink returned tracked Canada shipping at US$2.15 in 6~11 days; pink returned U.S. US$2.15 in 6~11 days. Every Canada cap is below CA$3.03, so reprice or reject. Correct taxonomy and verify scale accuracy/material before activation."
"9326916993274","Children's Solid-Color Tights","summer-spring-candy-color-kids-pantyhose-ballet-dance-tights-for-girls-stocking-children-velvet-solid-white-pantyhose","DRAFT","no","49738547757306","Black / 1 to 2 Yrs / China Mainland","14:193#Black;200000463:200025003#1 to 2 Yrs;200007763:201336100","True","425","12.99","3.28","3.24","no","3.28","3.03","7~13 days sampled range","AliExpress Selection Standard; ships from CN; DSers displayed US$2.15 shipping; tracking available","425","FAIL_REPRICE_REQUIRED","3.28","US$1.99~2.15 sampled","7~12 days sampled range","AliExpress Selection Standard; ships from CN; tracking available","425","PASS_REPRESENTATIVE_SAMPLE_PENDING_US_STOREFRONT_PRICE","DSers Shipping info checked 2026-07-26. Pink/1 to 2 Yrs had no Canada shipping but passed U.S. at US$1.99 in 7~12 days. Pink/3 to 6 Yrs and Black/7 to 12 Yrs returned tracked Canada shipping at US$2.15 in 7~13 days; Black returned U.S. US$2.15 in 7~12 days. Composition, size chart, care/origin, and child textile labeling still require verification."
"9326916993274","Children's Solid-Color Tights","summer-spring-candy-color-kids-pantyhose-ballet-dance-tights-for-girls-stocking-children-velvet-solid-white-pantyhose","DRAFT","no","49738547724538","Black / 3 to 6 Yrs / China Mainland","14:193#Black;200000463:200169197#3 to 6 Yrs;200007763:201336100","True","3","12.99","3.39","3.13","no","3.39","3.03","7~13 days sampled range","AliExpress Selection Standard; ships from CN; DSers displayed US$2.15 shipping; tracking available","3","FAIL_REPRICE_REQUIRED","3.39","US$1.99~2.15 sampled","7~12 days sampled range","AliExpress Selection Standard; ships from CN; tracking available","3","PASS_REPRESENTATIVE_SAMPLE_PENDING_US_STOREFRONT_PRICE","DSers Shipping info checked 2026-07-26. Pink/1 to 2 Yrs had no Canada shipping but passed U.S. at US$1.99 in 7~12 days. Pink/3 to 6 Yrs and Black/7 to 12 Yrs returned tracked Canada shipping at US$2.15 in 7~13 days; Black returned U.S. US$2.15 in 7~12 days. Composition, size chart, care/origin, and child textile labeling still require verification."
"9326916993274","Children's Solid-Color Tights","summer-spring-candy-color-kids-pantyhose-ballet-dance-tights-for-girls-stocking-children-velvet-solid-white-pantyhose","DRAFT","no","49738547036410","Black / 7 to 12 Yrs / China Mainland","14:193#Black;200000463:200661895#7 to 12 Yrs;200007763:201336100","True","10","12.99","3.33","3.19","no","3.33","3.03","7~13 days sampled range","AliExpress Selection Standard; ships from CN; DSers displayed US$2.15 shipping; tracking available","10","FAIL_REPRICE_REQUIRED","3.33","US$1.99~2.15 sampled","7~12 days sampled range","AliExpress Selection Standard; ships from CN; tracking available","10","PASS_REPRESENTATIVE_SAMPLE_PENDING_US_STOREFRONT_PRICE","DSers Shipping info checked 2026-07-26. Pink/1 to 2 Yrs had no Canada shipping but passed U.S. at US$1.99 in 7~12 days. Pink/3 to 6 Yrs and Black/7 to 12 Yrs returned tracked Canada shipping at US$2.15 in 7~13 days; Black returned U.S. US$2.15 in 7~12 days. Composition, size chart, care/origin, and child textile labeling still require verification."
"9326916993274","Children's Solid-Color Tights","summer-spring-candy-color-kids-pantyhose-ballet-dance-tights-for-girls-stocking-children-velvet-solid-white-pantyhose","DRAFT","no","49738547364090","Blue / 1 to 2 Yrs / China Mainland","14:173#Blue;200000463:200025003#1 to 2 Yrs;200007763:201336100","True","455","12.99","3.35","3.17","no","3.35","3.03","7~13 days sampled range","AliExpress Selection Standard; ships from CN; DSers displayed US$2.15 shipping; tracking available","455","FAIL_REPRICE_REQUIRED","3.35","US$1.99~2.15 sampled","7~12 days sampled range","AliExpress Selection Standard; ships from CN; tracking available","455","PASS_REPRESENTATIVE_SAMPLE_PENDING_US_STOREFRONT_PRICE","DSers Shipping info checked 2026-07-26. Pink/1 to 2 Yrs had no Canada shipping but passed U.S. at US$1.99 in 7~12 days. Pink/3 to 6 Yrs and Black/7 to 12 Yrs returned tracked Canada shipping at US$2.15 in 7~13 days; Black returned U.S. US$2.15 in 7~12 days. Composition, size chart, care/origin, and child textile labeling still require verification."
"9326916993274","Children's Solid-Color Tights","summer-spring-candy-color-kids-pantyhose-ballet-dance-tights-for-girls-stocking-children-velvet-solid-white-pantyhose","DRAFT","no","49738547953914","Blue / 3 to 6 Yrs / China Mainland","14:173#Blue;200000463:200169197#3 to 6 Yrs;200007763:201336100","True","426","12.99","3.43","3.09","no","3.43","3.03","7~13 days sampled range","AliExpress Selection Standard; ships from CN; DSers displayed US$2.15 shipping; tracking available","426","FAIL_REPRICE_REQUIRED","3.43","US$1.99~2.15 sampled","7~12 days sampled range","AliExpress Selection Standard; ships from CN; tracking available","426","PASS_REPRESENTATIVE_SAMPLE_PENDING_US_STOREFRONT_PRICE","DSers Shipping info checked 2026-07-26. Pink/1 to 2 Yrs had no Canada shipping but passed U.S. at US$1.99 in 7~12 days. Pink/3 to 6 Yrs and Black/7 to 12 Yrs returned tracked Canada shipping at US$2.15 in 7~13 days; Black returned U.S. US$2.15 in 7~12 days. Composition, size chart, care/origin, and child textile labeling still require verification."
"9326916993274","Children's Solid-Color Tights","summer-spring-candy-color-kids-pantyhose-ballet-dance-tights-for-girls-stocking-children-velvet-solid-white-pantyhose","DRAFT","no","49738547495162","Blue / 7 to 12 Yrs / China Mainland","14:173#Blue;200000463:200661895#7 to 12 Yrs;200007763:201336100","True","3","12.99","3.40","3.12","no","3.40","3.03","7~13 days sampled range","AliExpress Selection Standard; ships from CN; DSers displayed US$2.15 shipping; tracking available","3","FAIL_REPRICE_REQUIRED","3.40","US$1.99~2.15 sampled","7~12 days sampled range","AliExpress Selection Standard; ships from CN; tracking available","3","PASS_REPRESENTATIVE_SAMPLE_PENDING_US_STOREFRONT_PRICE","DSers Shipping info checked 2026-07-26. Pink/1 to 2 Yrs had no Canada shipping but passed U.S. at US$1.99 in 7~12 days. Pink/3 to 6 Yrs and Black/7 to 12 Yrs returned tracked Canada shipping at US$2.15 in 7~13 days; Black returned U.S. US$2.15 in 7~12 days. Composition, size chart, care/origin, and child textile labeling still require verification."
"9326916993274","Children's Solid-Color Tights","summer-spring-candy-color-kids-pantyhose-ballet-dance-tights-for-girls-stocking-children-velvet-solid-white-pantyhose","DRAFT","no","49738547233018","Dark Green / 1 to 2 Yrs / China Mainland","14:200004889#Dark Green;200000463:200025003#1 to 2 Yrs;200007763:201336100","True","458","12.99","3.39","3.13","no","3.39","3.03","7~13 days sampled range","AliExpress Selection Standard; ships from CN; DSers displayed US$2.15 shipping; tracking available","458","FAIL_REPRICE_REQUIRED","3.39","US$1.99~2.15 sampled","7~12 days sampled range","AliExpress Selection Standard; ships from CN; tracking available","458","PASS_REPRESENTATIVE_SAMPLE_PENDING_US_STOREFRONT_PRICE","DSers Shipping info checked 2026-07-26. Pink/1 to 2 Yrs had no Canada shipping but passed U.S. at US$1.99 in 7~12 days. Pink/3 to 6 Yrs and Black/7 to 12 Yrs returned tracked Canada shipping at US$2.15 in 7~13 days; Black returned U.S. US$2.15 in 7~12 days. Composition, size chart, care/origin, and child textile labeling still require verification."
"9326916993274","Children's Solid-Color Tights","summer-spring-candy-color-kids-pantyhose-ballet-dance-tights-for-girls-stocking-children-velvet-solid-white-pantyhose","DRAFT","no","49738548019450","Dark Green / 3 to 6 Yrs / China Mainland","14:200004889#Dark Green;200000463:200169197#3 to 6 Yrs;200007763:201336100","True","423","12.99","3.43","3.09","no","3.43","3.03","7~13 days sampled range","AliExpress Selection Standard; ships from CN; DSers displayed US$2.15 shipping; tracking available","423","FAIL_REPRICE_REQUIRED","3.43","US$1.99~2.15 sampled","7~12 days sampled range","AliExpress Selection Standard; ships from CN; tracking available","423","PASS_REPRESENTATIVE_SAMPLE_PENDING_US_STOREFRONT_PRICE","DSers Shipping info checked 2026-07-26. Pink/1 to 2 Yrs had no Canada shipping but passed U.S. at US$1.99 in 7~12 days. Pink/3 to 6 Yrs and Black/7 to 12 Yrs returned tracked Canada shipping at US$2.15 in 7~13 days; Black returned U.S. US$2.15 in 7~12 days. Composition, size chart, care/origin, and child textile labeling still require verification."
"9326916993274","Children's Solid-Color Tights","summer-spring-candy-color-kids-pantyhose-ballet-dance-tights-for-girls-stocking-children-velvet-solid-white-pantyhose","DRAFT","no","49738547986682","Dark Green / 7 to 12 Yrs / China Mainland","14:200004889#Dark Green;200000463:200661895#7 to 12 Yrs;200007763:201336100","True","417","13.99","3.50","3.55","no","3.50","3.03","7~13 days sampled range","AliExpress Selection Standard; ships from CN; DSers displayed US$2.15 shipping; tracking available","417","FAIL_REPRICE_REQUIRED","3.50","US$1.99~2.15 sampled","7~12 days sampled range","AliExpress Selection Standard; ships from CN; tracking available","417","PASS_REPRESENTATIVE_SAMPLE_PENDING_US_STOREFRONT_PRICE","DSers Shipping info checked 2026-07-26. Pink/1 to 2 Yrs had no Canada shipping but passed U.S. at US$1.99 in 7~12 days. Pink/3 to 6 Yrs and Black/7 to 12 Yrs returned tracked Canada shipping at US$2.15 in 7~13 days; Black returned U.S. US$2.15 in 7~12 days. Composition, size chart, care/origin, and child textile labeling still require verification."
"9326916993274","Children's Solid-Color Tights","summer-spring-candy-color-kids-pantyhose-ballet-dance-tights-for-girls-stocking-children-velvet-solid-white-pantyhose","DRAFT","no","49738547462394","Light pink / 1 to 2 Yrs / China Mainland","14:691#Light pink;200000463:200025003#1 to 2 Yrs;200007763:201336100","True","5","12.99","3.38","3.14","no","3.38","3.03","7~13 days sampled range","AliExpress Selection Standard; ships from CN; DSers displayed US$2.15 shipping; tracking available","5","FAIL_REPRICE_REQUIRED","3.38","US$1.99~2.15 sampled","7~12 days sampled range","AliExpress Selection Standard; ships from CN; tracking available","5","PASS_REPRESENTATIVE_SAMPLE_PENDING_US_STOREFRONT_PRICE","DSers Shipping info checked 2026-07-26. Pink/1 to 2 Yrs had no Canada shipping but passed U.S. at US$1.99 in 7~12 days. Pink/3 to 6 Yrs and Black/7 to 12 Yrs returned tracked Canada shipping at US$2.15 in 7~13 days; Black returned U.S. US$2.15 in 7~12 days. Composition, size chart, care/origin, and child textile labeling still require verification."
"9326916993274","Children's Solid-Color Tights","summer-spring-candy-color-kids-pantyhose-ballet-dance-tights-for-girls-stocking-children-velvet-solid-white-pantyhose","DRAFT","no","49738547003642","Light pink / 3 to 6 Yrs / China Mainland","14:691#Light pink;200000463:200169197#3 to 6 Yrs;200007763:201336100","True","4","12.99","3.47","3.05","no","3.47","3.03","7~13 days sampled range","AliExpress Selection Standard; ships from CN; DSers displayed US$2.15 shipping; tracking available","4","FAIL_REPRICE_REQUIRED","3.47","US$1.99~2.15 sampled","7~12 days sampled range","AliExpress Selection Standard; ships from CN; tracking available","4","PASS_REPRESENTATIVE_SAMPLE_PENDING_US_STOREFRONT_PRICE","DSers Shipping info checked 2026-07-26. Pink/1 to 2 Yrs had no Canada shipping but passed U.S. at US$1.99 in 7~12 days. Pink/3 to 6 Yrs and Black/7 to 12 Yrs returned tracked Canada shipping at US$2.15 in 7~13 days; Black returned U.S. US$2.15 in 7~12 days. Composition, size chart, care/origin, and child textile labeling still require verification."
"9326916993274","Children's Solid-Color Tights","summer-spring-candy-color-kids-pantyhose-ballet-dance-tights-for-girls-stocking-children-velvet-solid-white-pantyhose","DRAFT","no","49738547069178","Light pink / 7 to 12 Yrs / China Mainland","14:691#Light pink;200000463:200661895#7 to 12 Yrs;200007763:201336100","True","3","12.99","3.46","3.06","no","3.46","3.03","7~13 days sampled range","AliExpress Selection Standard; ships from CN; DSers displayed US$2.15 shipping; tracking available","3","FAIL_REPRICE_REQUIRED","3.46","US$1.99~2.15 sampled","7~12 days sampled range","AliExpress Selection Standard; ships from CN; tracking available","3","PASS_REPRESENTATIVE_SAMPLE_PENDING_US_STOREFRONT_PRICE","DSers Shipping info checked 2026-07-26. Pink/1 to 2 Yrs had no Canada shipping but passed U.S. at US$1.99 in 7~12 days. Pink/3 to 6 Yrs and Black/7 to 12 Yrs returned tracked Canada shipping at US$2.15 in 7~13 days; Black returned U.S. US$2.15 in 7~12 days. Composition, size chart, care/origin, and child textile labeling still require verification."
"9326916993274","Children's Solid-Color Tights","summer-spring-candy-color-kids-pantyhose-ballet-dance-tights-for-girls-stocking-children-velvet-solid-white-pantyhose","DRAFT","no","49738547167482","Neo green / 1 to 2 Yrs / China Mainland","14:175#Neo green;200000463:200025003#1 to 2 Yrs;200007763:201336100","True","16","12.99","3.32","3.20","no","3.32","3.03","7~13 days sampled range","AliExpress Selection Standard; ships from CN; DSers displayed US$2.15 shipping; tracking available","16","FAIL_REPRICE_REQUIRED","3.32","US$1.99~2.15 sampled","7~12 days sampled range","AliExpress Selection Standard; ships from CN; tracking available","16","PASS_REPRESENTATIVE_SAMPLE_PENDING_US_STOREFRONT_PRICE","DSers Shipping info checked 2026-07-26. Pink/1 to 2 Yrs had no Canada shipping but passed U.S. at US$1.99 in 7~12 days. Pink/3 to 6 Yrs and Black/7 to 12 Yrs returned tracked Canada shipping at US$2.15 in 7~13 days; Black returned U.S. US$2.15 in 7~12 days. Composition, size chart, care/origin, and child textile labeling still require verification."
"9326916993274","Children's Solid-Color Tights","summer-spring-candy-color-kids-pantyhose-ballet-dance-tights-for-girls-stocking-children-velvet-solid-white-pantyhose","DRAFT","no","49738547101946","Neo green / 3 to 6 Yrs / China Mainland","14:175#Neo green;200000463:200169197#3 to 6 Yrs;200007763:201336100","True","21","12.99","3.42","3.10","no","3.42","3.03","7~13 days sampled range","AliExpress Selection Standard; ships from CN; DSers displayed US$2.15 shipping; tracking available","21","FAIL_REPRICE_REQUIRED","3.42","US$1.99~2.15 sampled","7~12 days sampled range","AliExpress Selection Standard; ships from CN; tracking available","21","PASS_REPRESENTATIVE_SAMPLE_PENDING_US_STOREFRONT_PRICE","DSers Shipping info checked 2026-07-26. Pink/1 to 2 Yrs had no Canada shipping but passed U.S. at US$1.99 in 7~12 days. Pink/3 to 6 Yrs and Black/7 to 12 Yrs returned tracked Canada shipping at US$2.15 in 7~13 days; Black returned U.S. US$2.15 in 7~12 days. Composition, size chart, care/origin, and child textile labeling still require verification."
"9326916993274","Children's Solid-Color Tights","summer-spring-candy-color-kids-pantyhose-ballet-dance-tights-for-girls-stocking-children-velvet-solid-white-pantyhose","DRAFT","no","49738547298554","Neo green / 7 to 12 Yrs / China Mainland","14:175#Neo green;200000463:200661895#7 to 12 Yrs;200007763:201336100","True","402","13.99","3.50","3.55","no","3.50","3.03","7~13 days sampled range","AliExpress Selection Standard; ships from CN; DSers displayed US$2.15 shipping; tracking available","402","FAIL_REPRICE_REQUIRED","3.50","US$1.99~2.15 sampled","7~12 days sampled range","AliExpress Selection Standard; ships from CN; tracking available","402","PASS_REPRESENTATIVE_SAMPLE_PENDING_US_STOREFRONT_PRICE","DSers Shipping info checked 2026-07-26. Pink/1 to 2 Yrs had no Canada shipping but passed U.S. at US$1.99 in 7~12 days. Pink/3 to 6 Yrs and Black/7 to 12 Yrs returned tracked Canada shipping at US$2.15 in 7~13 days; Black returned U.S. US$2.15 in 7~12 days. Composition, size chart, care/origin, and child textile labeling still require verification."
"9326916993274","Children's Solid-Color Tights","summer-spring-candy-color-kids-pantyhose-ballet-dance-tights-for-girls-stocking-children-velvet-solid-white-pantyhose","DRAFT","no","49738546938106","Pink / 1 to 2 Yrs / China Mainland","14:771#Pink;200000463:200025003#1 to 2 Yrs;200007763:201336100","True","391","8.37","3.35","0.75","no","3.35","3.03","7~13 days sampled range","AliExpress Selection Standard; ships from CN; DSers displayed US$2.15 shipping; tracking available","391","FAIL_NO_SHIPPING","3.35","US$1.99~2.15 sampled","7~12 days sampled range","AliExpress Selection Standard; ships from CN; tracking available","391","PASS_REPRESENTATIVE_SAMPLE_PENDING_US_STOREFRONT_PRICE","DSers Shipping info checked 2026-07-26. Pink/1 to 2 Yrs had no Canada shipping but passed U.S. at US$1.99 in 7~12 days. Pink/3 to 6 Yrs and Black/7 to 12 Yrs returned tracked Canada shipping at US$2.15 in 7~13 days; Black returned U.S. US$2.15 in 7~12 days. Composition, size chart, care/origin, and child textile labeling still require verification."
"9326916993274","Children's Solid-Color Tights","summer-spring-candy-color-kids-pantyhose-ballet-dance-tights-for-girls-stocking-children-velvet-solid-white-pantyhose","DRAFT","no","49738546970874","Pink / 3 to 6 Yrs / China Mainland","14:771#Pink;200000463:200169197#3 to 6 Yrs;200007763:201336100","True","4","12.99","3.33","3.19","no","3.33","3.03","7~13 days sampled range","AliExpress Selection Standard; ships from CN; DSers displayed US$2.15 shipping; tracking available","4","FAIL_REPRICE_REQUIRED","3.33","US$1.99~2.15 sampled","7~12 days sampled range","AliExpress Selection Standard; ships from CN; tracking available","4","PASS_REPRESENTATIVE_SAMPLE_PENDING_US_STOREFRONT_PRICE","DSers Shipping info checked 2026-07-26. Pink/1 to 2 Yrs had no Canada shipping but passed U.S. at US$1.99 in 7~12 days. Pink/3 to 6 Yrs and Black/7 to 12 Yrs returned tracked Canada shipping at US$2.15 in 7~13 days; Black returned U.S. US$2.15 in 7~12 days. Composition, size chart, care/origin, and child textile labeling still require verification."
"9326916993274","Children's Solid-Color Tights","summer-spring-candy-color-kids-pantyhose-ballet-dance-tights-for-girls-stocking-children-velvet-solid-white-pantyhose","DRAFT","no","49738547265786","Pink / 7 to 12 Yrs / China Mainland","14:771#Pink;200000463:200661895#7 to 12 Yrs;200007763:201336100","True","9","12.99","3.40","3.12","no","3.40","3.03","7~13 days sampled range","AliExpress Selection Standard; ships from CN; DSers displayed US$2.15 shipping; tracking available","9","FAIL_REPRICE_REQUIRED","3.40","US$1.99~2.15 sampled","7~12 days sampled range","AliExpress Selection Standard; ships from CN; tracking available","9","PASS_REPRESENTATIVE_SAMPLE_PENDING_US_STOREFRONT_PRICE","DSers Shipping info checked 2026-07-26. Pink/1 to 2 Yrs had no Canada shipping but passed U.S. at US$1.99 in 7~12 days. Pink/3 to 6 Yrs and Black/7 to 12 Yrs returned tracked Canada shipping at US$2.15 in 7~13 days; Black returned U.S. US$2.15 in 7~12 days. Composition, size chart, care/origin, and child textile labeling still require verification."
"9326916993274","Children's Solid-Color Tights","summer-spring-candy-color-kids-pantyhose-ballet-dance-tights-for-girls-stocking-children-velvet-solid-white-pantyhose","DRAFT","no","49738547200250","PURPLE / 1 to 2 Yrs / China Mainland","14:496#PURPLE;200000463:200025003#1 to 2 Yrs;200007763:201336100","True","457","12.99","3.39","3.13","no","3.39","3.03","7~13 days sampled range","AliExpress Selection Standard; ships from CN; DSers displayed US$2.15 shipping; tracking available","457","FAIL_REPRICE_REQUIRED","3.39","US$1.99~2.15 sampled","7~12 days sampled range","AliExpress Selection Standard; ships from CN; tracking available","457","PASS_REPRESENTATIVE_SAMPLE_PENDING_US_STOREFRONT_PRICE","DSers Shipping info checked 2026-07-26. Pink/1 to 2 Yrs had no Canada shipping but passed U.S. at US$1.99 in 7~12 days. Pink/3 to 6 Yrs and Black/7 to 12 Yrs returned tracked Canada shipping at US$2.15 in 7~13 days; Black returned U.S. US$2.15 in 7~12 days. Composition, size chart, care/origin, and child textile labeling still require verification."
"9326916993274","Children's Solid-Color Tights","summer-spring-candy-color-kids-pantyhose-ballet-dance-tights-for-girls-stocking-children-velvet-solid-white-pantyhose","DRAFT","no","49738547527930","PURPLE / 3 to 6 Yrs / China Mainland","14:496#PURPLE;200000463:200169197#3 to 6 Yrs;200007763:201336100","True","424","12.99","3.47","3.05","no","3.47","3.03","7~13 days sampled range","AliExpress Selection Standard; ships from CN; DSers displayed US$2.15 shipping; tracking available","424","FAIL_REPRICE_REQUIRED","3.47","US$1.99~2.15 sampled","7~12 days sampled range","AliExpress Selection Standard; ships from CN; tracking available","424","PASS_REPRESENTATIVE_SAMPLE_PENDING_US_STOREFRONT_PRICE","DSers Shipping info checked 2026-07-26. Pink/1 to 2 Yrs had no Canada shipping but passed U.S. at US$1.99 in 7~12 days. Pink/3 to 6 Yrs and Black/7 to 12 Yrs returned tracked Canada shipping at US$2.15 in 7~13 days; Black returned U.S. US$2.15 in 7~12 days. Composition, size chart, care/origin, and child textile labeling still require verification."
"9326916993274","Children's Solid-Color Tights","summer-spring-candy-color-kids-pantyhose-ballet-dance-tights-for-girls-stocking-children-velvet-solid-white-pantyhose","DRAFT","no","49738547659002","PURPLE / 7 to 12 Yrs / China Mainland","14:496#PURPLE;200000463:200661895#7 to 12 Yrs;200007763:201336100","True","411","12.99","3.46","3.06","no","3.46","3.03","7~13 days sampled range","AliExpress Selection Standard; ships from CN; DSers displayed US$2.15 shipping; tracking available","411","FAIL_REPRICE_REQUIRED","3.46","US$1.99~2.15 sampled","7~12 days sampled range","AliExpress Selection Standard; ships from CN; tracking available","411","PASS_REPRESENTATIVE_SAMPLE_PENDING_US_STOREFRONT_PRICE","DSers Shipping info checked 2026-07-26. Pink/1 to 2 Yrs had no Canada shipping but passed U.S. at US$1.99 in 7~12 days. Pink/3 to 6 Yrs and Black/7 to 12 Yrs returned tracked Canada shipping at US$2.15 in 7~13 days; Black returned U.S. US$2.15 in 7~12 days. Composition, size chart, care/origin, and child textile labeling still require verification."
"9326916993274","Children's Solid-Color Tights","summer-spring-candy-color-kids-pantyhose-ballet-dance-tights-for-girls-stocking-children-velvet-solid-white-pantyhose","DRAFT","no","49738547331322","Roseo red / 1 to 2 Yrs / China Mainland","14:365458#Roseo red;200000463:200025003#1 to 2 Yrs;200007763:201336100","True","442","12.99","3.39","3.13","no","3.39","3.03","7~13 days sampled range","AliExpress Selection Standard; ships from CN; DSers displayed US$2.15 shipping; tracking available","442","FAIL_REPRICE_REQUIRED","3.39","US$1.99~2.15 sampled","7~12 days sampled range","AliExpress Selection Standard; ships from CN; tracking available","442","PASS_REPRESENTATIVE_SAMPLE_PENDING_US_STOREFRONT_PRICE","DSers Shipping info checked 2026-07-26. Pink/1 to 2 Yrs had no Canada shipping but passed U.S. at US$1.99 in 7~12 days. Pink/3 to 6 Yrs and Black/7 to 12 Yrs returned tracked Canada shipping at US$2.15 in 7~13 days; Black returned U.S. US$2.15 in 7~12 days. Composition, size chart, care/origin, and child textile labeling still require verification."
"9326916993274","Children's Solid-Color Tights","summer-spring-candy-color-kids-pantyhose-ballet-dance-tights-for-girls-stocking-children-velvet-solid-white-pantyhose","DRAFT","no","49738547593466","Roseo red / 3 to 6 Yrs / China Mainland","14:365458#Roseo red;200000463:200169197#3 to 6 Yrs;200007763:201336100","True","2","12.99","3.43","3.09","no","3.43","3.03","7~13 days sampled range","AliExpress Selection Standard; ships from CN; DSers displayed US$2.15 shipping; tracking available","2","FAIL_REPRICE_REQUIRED","3.43","US$1.99~2.15 sampled","7~12 days sampled range","AliExpress Selection Standard; ships from CN; tracking available","2","PASS_REPRESENTATIVE_SAMPLE_PENDING_US_STOREFRONT_PRICE","DSers Shipping info checked 2026-07-26. Pink/1 to 2 Yrs had no Canada shipping but passed U.S. at US$1.99 in 7~12 days. Pink/3 to 6 Yrs and Black/7 to 12 Yrs returned tracked Canada shipping at US$2.15 in 7~13 days; Black returned U.S. US$2.15 in 7~12 days. Composition, size chart, care/origin, and child textile labeling still require verification."
"9326916993274","Children's Solid-Color Tights","summer-spring-candy-color-kids-pantyhose-ballet-dance-tights-for-girls-stocking-children-velvet-solid-white-pantyhose","DRAFT","no","49738547560698","Roseo red / 7 to 12 Yrs / China Mainland","14:365458#Roseo red;200000463:200661895#7 to 12 Yrs;200007763:201336100","True","412","12.99","3.49","3.03","no","3.49","3.03","7~13 days sampled range","AliExpress Selection Standard; ships from CN; DSers displayed US$2.15 shipping; tracking available","412","FAIL_REPRICE_REQUIRED","3.49","US$1.99~2.15 sampled","7~12 days sampled range","AliExpress Selection Standard; ships from CN; tracking available","412","PASS_REPRESENTATIVE_SAMPLE_PENDING_US_STOREFRONT_PRICE","DSers Shipping info checked 2026-07-26. Pink/1 to 2 Yrs had no Canada shipping but passed U.S. at US$1.99 in 7~12 days. Pink/3 to 6 Yrs and Black/7 to 12 Yrs returned tracked Canada shipping at US$2.15 in 7~13 days; Black returned U.S. US$2.15 in 7~12 days. Composition, size chart, care/origin, and child textile labeling still require verification."
"9326916993274","Children's Solid-Color Tights","summer-spring-candy-color-kids-pantyhose-ballet-dance-tights-for-girls-stocking-children-velvet-solid-white-pantyhose","DRAFT","no","49738547790074","Skin / 1 to 2 Yrs / China Mainland","14:350850#Skin;200000463:200025003#1 to 2 Yrs;200007763:201336100","True","419","12.99","3.35","3.17","no","3.35","3.03","7~13 days sampled range","AliExpress Selection Standard; ships from CN; DSers displayed US$2.15 shipping; tracking available","419","FAIL_REPRICE_REQUIRED","3.35","US$1.99~2.15 sampled","7~12 days sampled range","AliExpress Selection Standard; ships from CN; tracking available","419","PASS_REPRESENTATIVE_SAMPLE_PENDING_US_STOREFRONT_PRICE","DSers Shipping info checked 2026-07-26. Pink/1 to 2 Yrs had no Canada shipping but passed U.S. at US$1.99 in 7~12 days. Pink/3 to 6 Yrs and Black/7 to 12 Yrs returned tracked Canada shipping at US$2.15 in 7~13 days; Black returned U.S. US$2.15 in 7~12 days. Composition, size chart, care/origin, and child textile labeling still require verification."
"9326916993274","Children's Solid-Color Tights","summer-spring-candy-color-kids-pantyhose-ballet-dance-tights-for-girls-stocking-children-velvet-solid-white-pantyhose","DRAFT","no","49738548183290","Skin / 3 to 6 Yrs / China Mainland","14:350850#Skin;200000463:200169197#3 to 6 Yrs;200007763:201336100","True","388","12.99","3.47","3.05","no","3.47","3.03","7~13 days sampled range","AliExpress Selection Standard; ships from CN; DSers displayed US$2.15 shipping; tracking available","388","FAIL_REPRICE_REQUIRED","3.47","US$1.99~2.15 sampled","7~12 days sampled range","AliExpress Selection Standard; ships from CN; tracking available","388","PASS_REPRESENTATIVE_SAMPLE_PENDING_US_STOREFRONT_PRICE","DSers Shipping info checked 2026-07-26. Pink/1 to 2 Yrs had no Canada shipping but passed U.S. at US$1.99 in 7~12 days. Pink/3 to 6 Yrs and Black/7 to 12 Yrs returned tracked Canada shipping at US$2.15 in 7~13 days; Black returned U.S. US$2.15 in 7~12 days. Composition, size chart, care/origin, and child textile labeling still require verification."
"9326916993274","Children's Solid-Color Tights","summer-spring-candy-color-kids-pantyhose-ballet-dance-tights-for-girls-stocking-children-velvet-solid-white-pantyhose","DRAFT","no","49738547396858","Skin / 7 to 12 Yrs / China Mainland","14:350850#Skin;200000463:200661895#7 to 12 Yrs;200007763:201336100","True","480","13.99","3.50","3.55","no","3.50","3.03","7~13 days sampled range","AliExpress Selection Standard; ships from CN; DSers displayed US$2.15 shipping; tracking available","480","FAIL_REPRICE_REQUIRED","3.50","US$1.99~2.15 sampled","7~12 days sampled range","AliExpress Selection Standard; ships from CN; tracking available","480","PASS_REPRESENTATIVE_SAMPLE_PENDING_US_STOREFRONT_PRICE","DSers Shipping info checked 2026-07-26. Pink/1 to 2 Yrs had no Canada shipping but passed U.S. at US$1.99 in 7~12 days. Pink/3 to 6 Yrs and Black/7 to 12 Yrs returned tracked Canada shipping at US$2.15 in 7~13 days; Black returned U.S. US$2.15 in 7~12 days. Composition, size chart, care/origin, and child textile labeling still require verification."
"9326916993274","Children's Solid-Color Tights","summer-spring-candy-color-kids-pantyhose-ballet-dance-tights-for-girls-stocking-children-velvet-solid-white-pantyhose","DRAFT","no","49738548084986","Sky Blue / 1 to 2 Yrs / China Mainland","14:1254#Sky Blue;200000463:200025003#1 to 2 Yrs;200007763:201336100","True","448","12.99","3.35","3.17","no","3.35","3.03","7~13 days sampled range","AliExpress Selection Standard; ships from CN; DSers displayed US$2.15 shipping; tracking available","448","FAIL_REPRICE_REQUIRED","3.35","US$1.99~2.15 sampled","7~12 days sampled range","AliExpress Selection Standard; ships from CN; tracking available","448","PASS_REPRESENTATIVE_SAMPLE_PENDING_US_STOREFRONT_PRICE","DSers Shipping info checked 2026-07-26. Pink/1 to 2 Yrs had no Canada shipping but passed U.S. at US$1.99 in 7~12 days. Pink/3 to 6 Yrs and Black/7 to 12 Yrs returned tracked Canada shipping at US$2.15 in 7~13 days; Black returned U.S. US$2.15 in 7~12 days. Composition, size chart, care/origin, and child textile labeling still require verification."
"9326916993274","Children's Solid-Color Tights","summer-spring-candy-color-kids-pantyhose-ballet-dance-tights-for-girls-stocking-children-velvet-solid-white-pantyhose","DRAFT","no","49738548052218","Sky Blue / 3 to 6 Yrs / China Mainland","14:1254#Sky Blue;200000463:200169197#3 to 6 Yrs;200007763:201336100","True","406","12.99","3.43","3.09","no","3.43","3.03","7~13 days sampled range","AliExpress Selection Standard; ships from CN; DSers displayed US$2.15 shipping; tracking available","406","FAIL_REPRICE_REQUIRED","3.43","US$1.99~2.15 sampled","7~12 days sampled range","AliExpress Selection Standard; ships from CN; tracking available","406","PASS_REPRESENTATIVE_SAMPLE_PENDING_US_STOREFRONT_PRICE","DSers Shipping info checked 2026-07-26. Pink/1 to 2 Yrs had no Canada shipping but passed U.S. at US$1.99 in 7~12 days. Pink/3 to 6 Yrs and Black/7 to 12 Yrs returned tracked Canada shipping at US$2.15 in 7~13 days; Black returned U.S. US$2.15 in 7~12 days. Composition, size chart, care/origin, and child textile labeling still require verification."
"9326916993274","Children's Solid-Color Tights","summer-spring-candy-color-kids-pantyhose-ballet-dance-tights-for-girls-stocking-children-velvet-solid-white-pantyhose","DRAFT","no","49738547429626","Sky Blue / 7 to 12 Yrs / China Mainland","14:1254#Sky Blue;200000463:200661895#7 to 12 Yrs;200007763:201336100","True","4","12.99","3.47","3.05","no","3.47","3.03","7~13 days sampled range","AliExpress Selection Standard; ships from CN; DSers displayed US$2.15 shipping; tracking available","4","FAIL_REPRICE_REQUIRED","3.47","US$1.99~2.15 sampled","7~12 days sampled range","AliExpress Selection Standard; ships from CN; tracking available","4","PASS_REPRESENTATIVE_SAMPLE_PENDING_US_STOREFRONT_PRICE","DSers Shipping info checked 2026-07-26. Pink/1 to 2 Yrs had no Canada shipping but passed U.S. at US$1.99 in 7~12 days. Pink/3 to 6 Yrs and Black/7 to 12 Yrs returned tracked Canada shipping at US$2.15 in 7~13 days; Black returned U.S. US$2.15 in 7~12 days. Composition, size chart, care/origin, and child textile labeling still require verification."
"9326916993274","Children's Solid-Color Tights","summer-spring-candy-color-kids-pantyhose-ballet-dance-tights-for-girls-stocking-children-velvet-solid-white-pantyhose","DRAFT","no","49738547888378","Watermelon red / 1 to 2 Yrs / China Mainland","14:200002130#Watermelon red;200000463:200025003#1 to 2 Yrs;200007763:201336100","True","456","12.99","3.38","3.14","no","3.38","3.03","7~13 days sampled range","AliExpress Selection Standard; ships from CN; DSers displayed US$2.15 shipping; tracking available","456","FAIL_REPRICE_REQUIRED","3.38","US$1.99~2.15 sampled","7~12 days sampled range","AliExpress Selection Standard; ships from CN; tracking available","456","PASS_REPRESENTATIVE_SAMPLE_PENDING_US_STOREFRONT_PRICE","DSers Shipping info checked 2026-07-26. Pink/1 to 2 Yrs had no Canada shipping but passed U.S. at US$1.99 in 7~12 days. Pink/3 to 6 Yrs and Black/7 to 12 Yrs returned tracked Canada shipping at US$2.15 in 7~13 days; Black returned U.S. US$2.15 in 7~12 days. Composition, size chart, care/origin, and child textile labeling still require verification."
"9326916993274","Children's Solid-Color Tights","summer-spring-candy-color-kids-pantyhose-ballet-dance-tights-for-girls-stocking-children-velvet-solid-white-pantyhose","DRAFT","no","49738548150522","Watermelon red / 3 to 6 Yrs / China Mainland","14:200002130#Watermelon red;200000463:200169197#3 to 6 Yrs;200007763:201336100","True","442","12.99","3.45","3.07","no","3.45","3.03","7~13 days sampled range","AliExpress Selection Standard; ships from CN; DSers displayed US$2.15 shipping; tracking available","442","FAIL_REPRICE_REQUIRED","3.45","US$1.99~2.15 sampled","7~12 days sampled range","AliExpress Selection Standard; ships from CN; tracking available","442","PASS_REPRESENTATIVE_SAMPLE_PENDING_US_STOREFRONT_PRICE","DSers Shipping info checked 2026-07-26. Pink/1 to 2 Yrs had no Canada shipping but passed U.S. at US$1.99 in 7~12 days. Pink/3 to 6 Yrs and Black/7 to 12 Yrs returned tracked Canada shipping at US$2.15 in 7~13 days; Black returned U.S. US$2.15 in 7~12 days. Composition, size chart, care/origin, and child textile labeling still require verification."
"9326916993274","Children's Solid-Color Tights","summer-spring-candy-color-kids-pantyhose-ballet-dance-tights-for-girls-stocking-children-velvet-solid-white-pantyhose","DRAFT","no","49738548117754","Watermelon red / 7 to 12 Yrs / China Mainland","14:200002130#Watermelon red;200000463:200661895#7 to 12 Yrs;200007763:201336100","True","492","13.99","3.50","3.55","no","3.50","3.03","7~13 days sampled range","AliExpress Selection Standard; ships from CN; DSers displayed US$2.15 shipping; tracking available","492","FAIL_REPRICE_REQUIRED","3.50","US$1.99~2.15 sampled","7~12 days sampled range","AliExpress Selection Standard; ships from CN; tracking available","492","PASS_REPRESENTATIVE_SAMPLE_PENDING_US_STOREFRONT_PRICE","DSers Shipping info checked 2026-07-26. Pink/1 to 2 Yrs had no Canada shipping but passed U.S. at US$1.99 in 7~12 days. Pink/3 to 6 Yrs and Black/7 to 12 Yrs returned tracked Canada shipping at US$2.15 in 7~13 days; Black returned U.S. US$2.15 in 7~12 days. Composition, size chart, care/origin, and child textile labeling still require verification."
"9326916993274","Children's Solid-Color Tights","summer-spring-candy-color-kids-pantyhose-ballet-dance-tights-for-girls-stocking-children-velvet-solid-white-pantyhose","DRAFT","no","49738547691770","White / 1 to 2 Yrs / China Mainland","14:29#White;200000463:200025003#1 to 2 Yrs;200007763:201336100","True","2","12.99","3.29","3.23","no","3.29","3.03","7~13 days sampled range","AliExpress Selection Standard; ships from CN; DSers displayed US$2.15 shipping; tracking available","2","FAIL_REPRICE_REQUIRED","3.29","US$1.99~2.15 sampled","7~12 days sampled range","AliExpress Selection Standard; ships from CN; tracking available","2","PASS_REPRESENTATIVE_SAMPLE_PENDING_US_STOREFRONT_PRICE","DSers Shipping info checked 2026-07-26. Pink/1 to 2 Yrs had no Canada shipping but passed U.S. at US$1.99 in 7~12 days. Pink/3 to 6 Yrs and Black/7 to 12 Yrs returned tracked Canada shipping at US$2.15 in 7~13 days; Black returned U.S. US$2.15 in 7~12 days. Composition, size chart, care/origin, and child textile labeling still require verification."
"9326916993274","Children's Solid-Color Tights","summer-spring-candy-color-kids-pantyhose-ballet-dance-tights-for-girls-stocking-children-velvet-solid-white-pantyhose","DRAFT","no","49738547626234","White / 3 to 6 Yrs / China Mainland","14:29#White;200000463:200169197#3 to 6 Yrs;200007763:201336100","True","9","12.99","3.35","3.17","no","3.35","3.03","7~13 days sampled range","AliExpress Selection Standard; ships from CN; DSers displayed US$2.15 shipping; tracking available","9","FAIL_REPRICE_REQUIRED","3.35","US$1.99~2.15 sampled","7~12 days sampled range","AliExpress Selection Standard; ships from CN; tracking available","9","PASS_REPRESENTATIVE_SAMPLE_PENDING_US_STOREFRONT_PRICE","DSers Shipping info checked 2026-07-26. Pink/1 to 2 Yrs had no Canada shipping but passed U.S. at US$1.99 in 7~12 days. Pink/3 to 6 Yrs and Black/7 to 12 Yrs returned tracked Canada shipping at US$2.15 in 7~13 days; Black returned U.S. US$2.15 in 7~12 days. Composition, size chart, care/origin, and child textile labeling still require verification."
"9326916993274","Children's Solid-Color Tights","summer-spring-candy-color-kids-pantyhose-ballet-dance-tights-for-girls-stocking-children-velvet-solid-white-pantyhose","DRAFT","no","49738547134714","White / 7 to 12 Yrs / China Mainland","14:29#White;200000463:200661895#7 to 12 Yrs;200007763:201336100","True","14","12.99","3.49","3.03","no","3.49","3.03","7~13 days sampled range","AliExpress Selection Standard; ships from CN; DSers displayed US$2.15 shipping; tracking available","14","FAIL_REPRICE_REQUIRED","3.49","US$1.99~2.15 sampled","7~12 days sampled range","AliExpress Selection Standard; ships from CN; tracking available","14","PASS_REPRESENTATIVE_SAMPLE_PENDING_US_STOREFRONT_PRICE","DSers Shipping info checked 2026-07-26. Pink/1 to 2 Yrs had no Canada shipping but passed U.S. at US$1.99 in 7~12 days. Pink/3 to 6 Yrs and Black/7 to 12 Yrs returned tracked Canada shipping at US$2.15 in 7~13 days; Black returned U.S. US$2.15 in 7~12 days. Composition, size chart, care/origin, and child textile labeling still require verification."
"9326916993274","Children's Solid-Color Tights","summer-spring-candy-color-kids-pantyhose-ballet-dance-tights-for-girls-stocking-children-velvet-solid-white-pantyhose","DRAFT","no","49738547855610","Yellow / 1 to 2 Yrs / China Mainland","14:366#Yellow;200000463:200025003#1 to 2 Yrs;200007763:201336100","True","3","12.99","3.39","3.13","no","3.39","3.03","7~13 days sampled range","AliExpress Selection Standard; ships from CN; DSers displayed US$2.15 shipping; tracking available","3","FAIL_REPRICE_REQUIRED","3.39","US$1.99~2.15 sampled","7~12 days sampled range","AliExpress Selection Standard; ships from CN; tracking available","3","PASS_REPRESENTATIVE_SAMPLE_PENDING_US_STOREFRONT_PRICE","DSers Shipping info checked 2026-07-26. Pink/1 to 2 Yrs had no Canada shipping but passed U.S. at US$1.99 in 7~12 days. Pink/3 to 6 Yrs and Black/7 to 12 Yrs returned tracked Canada shipping at US$2.15 in 7~13 days; Black returned U.S. US$2.15 in 7~12 days. Composition, size chart, care/origin, and child textile labeling still require verification."
"9326916993274","Children's Solid-Color Tights","summer-spring-candy-color-kids-pantyhose-ballet-dance-tights-for-girls-stocking-children-velvet-solid-white-pantyhose","DRAFT","no","49738547822842","Yellow / 3 to 6 Yrs / China Mainland","14:366#Yellow;200000463:200169197#3 to 6 Yrs;200007763:201336100","True","7","12.99","3.31","3.21","no","3.31","3.03","7~13 days sampled range","AliExpress Selection Standard; ships from CN; DSers displayed US$2.15 shipping; tracking available","7","FAIL_REPRICE_REQUIRED","3.31","US$1.99~2.15 sampled","7~12 days sampled range","AliExpress Selection Standard; ships from CN; tracking available","7","PASS_REPRESENTATIVE_SAMPLE_PENDING_US_STOREFRONT_PRICE","DSers Shipping info checked 2026-07-26. Pink/1 to 2 Yrs had no Canada shipping but passed U.S. at US$1.99 in 7~12 days. Pink/3 to 6 Yrs and Black/7 to 12 Yrs returned tracked Canada shipping at US$2.15 in 7~13 days; Black returned U.S. US$2.15 in 7~12 days. Composition, size chart, care/origin, and child textile labeling still require verification."
"9326916993274","Children's Solid-Color Tights","summer-spring-candy-color-kids-pantyhose-ballet-dance-tights-for-girls-stocking-children-velvet-solid-white-pantyhose","DRAFT","no","49738547921146","Yellow / 7 to 12 Yrs / China Mainland","14:366#Yellow;200000463:200661895#7 to 12 Yrs;200007763:201336100","True","2","12.99","3.40","3.12","no","3.40","3.03","7~13 days sampled range","AliExpress Selection Standard; ships from CN; DSers displayed US$2.15 shipping; tracking available","2","FAIL_REPRICE_REQUIRED","3.40","US$1.99~2.15 sampled","7~12 days sampled range","AliExpress Selection Standard; ships from CN; tracking available","2","PASS_REPRESENTATIVE_SAMPLE_PENDING_US_STOREFRONT_PRICE","DSers Shipping info checked 2026-07-26. Pink/1 to 2 Yrs had no Canada shipping but passed U.S. at US$1.99 in 7~12 days. Pink/3 to 6 Yrs and Black/7 to 12 Yrs returned tracked Canada shipping at US$2.15 in 7~13 days; Black returned U.S. US$2.15 in 7~12 days. Composition, size chart, care/origin, and child textile labeling still require verification."
"9326918795514","Compact Bicycle Bell","compact-bicycle-bell","ACTIVE","yes","49738572038394","Black","14:29#Black","True","29","14.99","2.60","4.97","yes","2.60","3.03","7~12 days","AliExpress Selection Standard; ships from CN; DSers displayed US $2.15 shipping","617","PASS","US$1.78~2.58","US$1.99","7~13 days","AliExpress Selection Standard; ships from CN; tracking available","536","PASS_SHIPPING_PENDING_US_STOREFRONT_PRICE","Checked in DSers Shipping info modal for Canada on 2026-07-26. Blue, Green, Slivery, Black, Gold, and Red all returned US $2.15 shipping with tracking available. US shipping checked in DSers Shipping info for United States / Alabama on 2026-07-26. Blue, Green, Slivery, Black, Gold, and Red all returned US $1.99 shipping; delivery ranged 7~13 days with tracking."
"9326918795514","Compact Bicycle Bell","compact-bicycle-bell","ACTIVE","yes","49738571940090","Blue","14:366#Blue","True","22","14.99","2.73","4.84","yes","2.73","3.03","7~12 days","AliExpress Selection Standard; ships from CN; DSers displayed US $2.15 shipping","617","PASS","US$1.78~2.58","US$1.99","7~13 days","AliExpress Selection Standard; ships from CN; tracking available","536","PASS_SHIPPING_PENDING_US_STOREFRONT_PRICE","Checked in DSers Shipping info modal for Canada on 2026-07-26. Blue, Green, Slivery, Black, Gold, and Red all returned US $2.15 shipping with tracking available. US shipping checked in DSers Shipping info for United States / Alabama on 2026-07-26. Blue, Green, Slivery, Black, Gold, and Red all returned US $1.99 shipping; delivery ranged 7~13 days with tracking."
"9326918795514","Compact Bicycle Bell","compact-bicycle-bell","ACTIVE","yes","49738572071162","Gold","14:200002984#Gold","True","1","14.99","3.54","4.03","yes","3.54","3.03","7~12 days","AliExpress Selection Standard; ships from CN; DSers displayed US $2.15 shipping","617","PASS","US$1.78~2.58","US$1.99","7~13 days","AliExpress Selection Standard; ships from CN; tracking available","536","PASS_SHIPPING_PENDING_US_STOREFRONT_PRICE","Checked in DSers Shipping info modal for Canada on 2026-07-26. Blue, Green, Slivery, Black, Gold, and Red all returned US $2.15 shipping with tracking available. US shipping checked in DSers Shipping info for United States / Alabama on 2026-07-26. Blue, Green, Slivery, Black, Gold, and Red all returned US $1.99 shipping; delivery ranged 7~13 days with tracking."
"9326918795514","Compact Bicycle Bell","compact-bicycle-bell","ACTIVE","yes","49738571972858","Green","14:200006151#Green","True","133","14.99","3.57","4.00","yes","3.57","3.03","7~12 days","AliExpress Selection Standard; ships from CN; DSers displayed US $2.15 shipping","617","PASS","US$1.78~2.58","US$1.99","7~13 days","AliExpress Selection Standard; ships from CN; tracking available","536","PASS_SHIPPING_PENDING_US_STOREFRONT_PRICE","Checked in DSers Shipping info modal for Canada on 2026-07-26. Blue, Green, Slivery, Black, Gold, and Red all returned US $2.15 shipping with tracking available. US shipping checked in DSers Shipping info for United States / Alabama on 2026-07-26. Blue, Green, Slivery, Black, Gold, and Red all returned US $1.99 shipping; delivery ranged 7~13 days with tracking."
"9326918795514","Compact Bicycle Bell","compact-bicycle-bell","ACTIVE","yes","49738572103930","Red","14:10#Red","True","1","14.99","3.80","3.77","yes","3.80","3.03","7~12 days","AliExpress Selection Standard; ships from CN; DSers displayed US $2.15 shipping","617","PASS","US$1.78~2.58","US$1.99","7~13 days","AliExpress Selection Standard; ships from CN; tracking available","536","PASS_SHIPPING_PENDING_US_STOREFRONT_PRICE","Checked in DSers Shipping info modal for Canada on 2026-07-26. Blue, Green, Slivery, Black, Gold, and Red all returned US $2.15 shipping with tracking available. US shipping checked in DSers Shipping info for United States / Alabama on 2026-07-26. Blue, Green, Slivery, Black, Gold, and Red all returned US $1.99 shipping; delivery ranged 7~13 days with tracking."
"9326918795514","Compact Bicycle Bell","compact-bicycle-bell","ACTIVE","yes","49738572005626","Slivery","14:496#Slivery","True","3","14.99","3.54","4.03","yes","3.54","3.03","7~12 days","AliExpress Selection Standard; ships from CN; DSers displayed US $2.15 shipping","617","PASS","US$1.78~2.58","US$1.99","7~13 days","AliExpress Selection Standard; ships from CN; tracking available","536","PASS_SHIPPING_PENDING_US_STOREFRONT_PRICE","Checked in DSers Shipping info modal for Canada on 2026-07-26. Blue, Green, Slivery, Black, Gold, and Red all returned US $2.15 shipping with tracking available. US shipping checked in DSers Shipping info for United States / Alabama on 2026-07-26. Blue, Green, Slivery, Black, Gold, and Red all returned US $1.99 shipping; delivery ranged 7~13 days with tracking."
"9326920859898","Compact Manicure Set","compact-manicure-set","DRAFT","yes","49738579607802","6pcs set and clipper","14:10#6pcs set and clipper","True","6","15.01","6.01","1.58","yes","6.01","3.03","7~12 days sampled range","AliExpress Selection Standard; ships from CN; DSers displayed US $2.15 shipping","235","FAIL_REPRICE_OR_REJECT","","","","","","","Checked in DSers Shipping info modal for Canada on 2026-07-26. Black 9 pcs set returned US $2.15 shipping with tracking available; all worksheet caps are below CA$3.03, so reprice, replace supplier, or reject before launch."
"9326920859898","Compact Manicure Set","compact-manicure-set","DRAFT","yes","49738579575034","Black 6pcs set","14:29#Black 6pcs set","True","94","9.46","3.78","0.89","yes","3.78","3.03","7~12 days sampled range","AliExpress Selection Standard; ships from CN; DSers displayed US $2.15 shipping","235","FAIL_REPRICE_OR_REJECT","","","","","","","Checked in DSers Shipping info modal for Canada on 2026-07-26. Black 9 pcs set returned US $2.15 shipping with tracking available; all worksheet caps are below CA$3.03, so reprice, replace supplier, or reject before launch."
"9326920859898","Compact Manicure Set","compact-manicure-set","DRAFT","yes","49738579673338","Black 6pcs set 1","14:200006152#Black 6pcs set","True","5","11.71","4.68","1.17","yes","4.68","3.03","7~12 days sampled range","AliExpress Selection Standard; ships from CN; DSers displayed US $2.15 shipping","235","FAIL_REPRICE_OR_REJECT","","","","","","","Checked in DSers Shipping info modal for Canada on 2026-07-26. Black 9 pcs set returned US $2.15 shipping with tracking available; all worksheet caps are below CA$3.03, so reprice, replace supplier, or reject before launch."
"9326920859898","Compact Manicure Set","compact-manicure-set","DRAFT","yes","49738579509498","Black 9 pcs set","14:200006151#Black 9 pcs set","True","9","16.31","6.53","1.74","yes","6.53","3.03","7~12 days sampled range","AliExpress Selection Standard; ships from CN; DSers displayed US $2.15 shipping","235","FAIL_REPRICE_OR_REJECT","","","","","","","Checked in DSers Shipping info modal for Canada on 2026-07-26. Black 9 pcs set returned US $2.15 shipping with tracking available; all worksheet caps are below CA$3.03, so reprice, replace supplier, or reject before launch."
"9326920859898","Compact Manicure Set","compact-manicure-set","DRAFT","yes","49738579476730","Green 6pcs set","14:1052#Green 6pcs set","True","92","11.78","4.71","1.18","yes","4.71","3.03","7~12 days sampled range","AliExpress Selection Standard; ships from CN; DSers displayed US $2.15 shipping","235","FAIL_REPRICE_OR_REJECT","","","","","","","Checked in DSers Shipping info modal for Canada on 2026-07-26. Black 9 pcs set returned US $2.15 shipping with tracking available; all worksheet caps are below CA$3.03, so reprice, replace supplier, or reject before launch."
"9326920859898","Compact Manicure Set","compact-manicure-set","DRAFT","yes","49738579640570","Green 6pcs set 1","14:193#Green 6pcs set","True","974","9.70","3.88","0.92","yes","3.88","3.03","7~12 days sampled range","AliExpress Selection Standard; ships from CN; DSers displayed US $2.15 shipping","235","FAIL_REPRICE_OR_REJECT","","","","","","","Checked in DSers Shipping info modal for Canada on 2026-07-26. Black 9 pcs set returned US $2.15 shipping with tracking available; all worksheet caps are below CA$3.03, so reprice, replace supplier, or reject before launch."
"9326920859898","Compact Manicure Set","compact-manicure-set","DRAFT","yes","49738579542266","Green 9pcs set","14:175#Green 9pcs set","True","7","18.81","7.52","2.06","yes","7.52","3.03","7~12 days sampled range","AliExpress Selection Standard; ships from CN; DSers displayed US $2.15 shipping","235","FAIL_REPRICE_OR_REJECT","","","","","","","Checked in DSers Shipping info modal for Canada on 2026-07-26. Black 9 pcs set returned US $2.15 shipping with tracking available; all worksheet caps are below CA$3.03, so reprice, replace supplier, or reject before launch."
"9326919876858","Copper Washer Assortment","300-280-200-100pcs-washer-copper-sealing-solid-gasket-washer-sump-plug-oil-for-boat-crush-flat-seal-ring-tool","DRAFT","no","49738576527610","100Pcs M4-M14","100006028:200169420#100Pcs M4-M14","True","8","18.99","6.44","3.24","yes","6.44","3.03","6~12 days sampled range","AliExpress Selection Standard; ships from CN; DSers displayed US$2.15 shipping; tracking available","8","FAIL_REPRICE_REQUIRED","6.44","US$1.99~2.15 sampled","7~12 days","AliExpress Selection Standard; ships from CN; tracking available","8","PASS_REPRESENTATIVE_SAMPLE_PENDING_US_STOREFRONT_PRICE","DSers Shipping info checked 2026-07-26. 200Pcs M5-M14 had no Canada shipping but passed U.S. at US$1.99 in 7~12 days. 100Pcs M4-M14 and 280Pcs M5-M20 returned tracked Canada shipping at US$2.15 in 6~12 days; the 280Pcs sample returned U.S. US$2.15 in 7~12 days. Verify copper material, counts, dimensions, and fitment before activation."
"9326919876858","Copper Washer Assortment","300-280-200-100pcs-washer-copper-sealing-solid-gasket-washer-sump-plug-oil-for-boat-crush-flat-seal-ring-tool","DRAFT","no","49738576494842","200Pcs M5-M14","100006028:200104129#200Pcs M5-M14","True","116","31.29","12.52","3.62","yes","12.52","3.03","6~12 days sampled range","AliExpress Selection Standard; ships from CN; DSers displayed US$2.15 shipping; tracking available","116","FAIL_NO_SHIPPING","12.52","US$1.99~2.15 sampled","7~12 days","AliExpress Selection Standard; ships from CN; tracking available","116","PASS_REPRESENTATIVE_SAMPLE_PENDING_US_STOREFRONT_PRICE","DSers Shipping info checked 2026-07-26. 200Pcs M5-M14 had no Canada shipping but passed U.S. at US$1.99 in 7~12 days. 100Pcs M4-M14 and 280Pcs M5-M20 returned tracked Canada shipping at US$2.15 in 6~12 days; the 280Pcs sample returned U.S. US$2.15 in 7~12 days. Verify copper material, counts, dimensions, and fitment before activation."
"9326919876858","Copper Washer Assortment","300-280-200-100pcs-washer-copper-sealing-solid-gasket-washer-sump-plug-oil-for-boat-crush-flat-seal-ring-tool","DRAFT","no","49738576560378","280Pcs M5-M20","100006028:200040020#280Pcs M5-M20","True","1","53.76","21.50","6.44","yes","21.50","3.03","6~12 days sampled range","AliExpress Selection Standard; ships from CN; DSers displayed US$2.15 shipping; tracking available","1","PASS_REPRESENTATIVE_SAMPLE","21.50","US$1.99~2.15 sampled","7~12 days","AliExpress Selection Standard; ships from CN; tracking available","1","PASS_REPRESENTATIVE_SAMPLE_PENDING_US_STOREFRONT_PRICE","DSers Shipping info checked 2026-07-26. 200Pcs M5-M14 had no Canada shipping but passed U.S. at US$1.99 in 7~12 days. 100Pcs M4-M14 and 280Pcs M5-M20 returned tracked Canada shipping at US$2.15 in 6~12 days; the 280Pcs sample returned U.S. US$2.15 in 7~12 days. Verify copper material, counts, dimensions, and fitment before activation."
"9326919876858","Copper Washer Assortment","300-280-200-100pcs-washer-copper-sealing-solid-gasket-washer-sump-plug-oil-for-boat-crush-flat-seal-ring-tool","DRAFT","no","49738576593146","300Pcs M5-M20","100006028:200169434#300Pcs M5-M20","True","2","53.97","21.59","6.46","yes","21.59","3.03","6~12 days sampled range","AliExpress Selection Standard; ships from CN; DSers displayed US$2.15 shipping; tracking available","2","PASS_REPRESENTATIVE_SAMPLE","21.59","US$1.99~2.15 sampled","7~12 days","AliExpress Selection Standard; ships from CN; tracking available","2","PASS_REPRESENTATIVE_SAMPLE_PENDING_US_STOREFRONT_PRICE","DSers Shipping info checked 2026-07-26. 200Pcs M5-M14 had no Canada shipping but passed U.S. at US$1.99 in 7~12 days. 100Pcs M4-M14 and 280Pcs M5-M20 returned tracked Canada shipping at US$2.15 in 6~12 days; the 280Pcs sample returned U.S. US$2.15 in 7~12 days. Verify copper material, counts, dimensions, and fitment before activation."
"9327785246970","Custom Neon Sign","custom-neon-sign","DRAFT","no","49742398882042","Default Title","","True","0","23.79","","","no","","","","","","","","","","","","",""
"9327785345274","Cute Duck Night Light","cute-duck-night-light","DRAFT","no","49742398947578","Default Title","","True","0","29.99","","","no","US$7.83","3.03","7~12 days","AliExpress Selection Standard; ships from CN; DSers displayed US $2.15 shipping","7993","PASS_SHIPPING_HOLD_ELECTRICAL_REVIEW","US$7.83","US$1.99","7~13 days","AliExpress Selection Standard; ships from CN; tracking available","7993","PASS_EXACT_HOLD_ELECTRICAL_REVIEW","Exact mapped 1Pc SKU checked on 2026-07-26. Ships to Canada and the United States; keep Draft until electrical documentation and landed margin are approved."
"9326919385338","Digital Watch & Jewellery Gift Set","6-piece-set-of-fashion-electronic-watch-necklace-earrings-ring-set-for-teenagers-boys-and-girls-the-best-choice-for-frien-watch-for-women-women-watches","DRAFT","no","49738575216890","5pc / United States","14:201447598#5pc;200007763:201336106","True","622","36.99","18.48","0.65","yes","18.48","NO_SHIPPING","No Shipping","No Canada shipping method available for the mapped US-warehouse SKU","1748","FAIL_NO_SHIPPING","US$13.05~13.43","US$0.00","4~13 days","Seller Shipping; ships from US; tracking available","1748","PASS_EXACT_PENDING_US_STOREFRONT_PRICE","Exact DSers quote on 2026-07-26 for all four mapped variants. Every variant returned No Shipping to Canada. Every variant returned free Seller Shipping from the US warehouse to the United States in 4~13 days with tracking available. Keep excluded from Canada; assess USD storefront price and content before considering US-only activation."
"9326919385338","Digital Watch & Jewellery Gift Set","6-piece-set-of-fashion-electronic-watch-necklace-earrings-ring-set-for-teenagers-boys-and-girls-the-best-choice-for-frien-watch-for-women-women-watches","DRAFT","no","49738575151354","5pc-1 / United States","14:200000080#5pc-1;200007763:201336106","True","465","36.99","18.38","0.75","yes","18.38","NO_SHIPPING","No Shipping","No Canada shipping method available for the mapped US-warehouse SKU","1748","FAIL_NO_SHIPPING","US$13.05~13.43","US$0.00","4~13 days","Seller Shipping; ships from US; tracking available","1748","PASS_EXACT_PENDING_US_STOREFRONT_PRICE","Exact DSers quote on 2026-07-26 for all four mapped variants. Every variant returned No Shipping to Canada. Every variant returned free Seller Shipping from the US warehouse to the United States in 4~13 days with tracking available. Keep excluded from Canada; assess USD storefront price and content before considering US-only activation."
"9326919385338","Digital Watch & Jewellery Gift Set","6-piece-set-of-fashion-electronic-watch-necklace-earrings-ring-set-for-teenagers-boys-and-girls-the-best-choice-for-frien-watch-for-women-women-watches","DRAFT","no","49738575184122","6pc / United States","14:201447303#6pc;200007763:201336106","True","458","36.99","18.92","0.21","yes","18.92","NO_SHIPPING","No Shipping","No Canada shipping method available for the mapped US-warehouse SKU","1748","FAIL_NO_SHIPPING","US$13.05~13.43","US$0.00","4~13 days","Seller Shipping; ships from US; tracking available","1748","PASS_EXACT_PENDING_US_STOREFRONT_PRICE","Exact DSers quote on 2026-07-26 for all four mapped variants. Every variant returned No Shipping to Canada. Every variant returned free Seller Shipping from the US warehouse to the United States in 4~13 days with tracking available. Keep excluded from Canada; assess USD storefront price and content before considering US-only activation."
"9326919385338","Digital Watch & Jewellery Gift Set","6-piece-set-of-fashion-electronic-watch-necklace-earrings-ring-set-for-teenagers-boys-and-girls-the-best-choice-for-frien-watch-for-women-women-watches","DRAFT","no","49738575249658","6pc-1 / United States","14:200005100#6pc-1;200007763:201336106","True","203","36.99","18.64","0.49","yes","18.64","NO_SHIPPING","No Shipping","No Canada shipping method available for the mapped US-warehouse SKU","1748","FAIL_NO_SHIPPING","US$13.05~13.43","US$0.00","4~13 days","Seller Shipping; ships from US; tracking available","1748","PASS_EXACT_PENDING_US_STOREFRONT_PRICE","Exact DSers quote on 2026-07-26 for all four mapped variants. Every variant returned No Shipping to Canada. Every variant returned free Seller Shipping from the US warehouse to the United States in 4~13 days with tracking available. Keep excluded from Canada; assess USD storefront price and content before considering US-only activation."
"9326919418106","Everyday Carabiner Clip Set","4pcs-metal-carabiner-clip-keychain-hook-holder-key-ring-organizer-for-car-keys-daily-storage","ACTIVE","yes","49738575085818","black / 4pcs","14:193#black;5:200004763#4pcs","True","23","14.99","3.05","4.52","yes","3.05","3.03","7~12 days","AliExpress Selection Standard; ships from CN; DSers displayed US $2.15 shipping","47","PASS","US$2.07~2.08","US$1.99","7~12 days","AliExpress Selection Standard; ships from CN; tracking available","47","PASS_SHIPPING_PENDING_US_STOREFRONT_PRICE","Checked in DSers Shipping info modal for Canada on 2026-07-26. black-4pcs and black silver-4pcs returned US $2.15 shipping with tracking available. US shipping checked in DSers Shipping info for United States / Alabama on 2026-07-26. black-4pcs and black silver-4pcs both returned US $1.99 shipping, 7~12 days, tracking available."
"9326919418106","Everyday Carabiner Clip Set","4pcs-metal-carabiner-clip-keychain-hook-holder-key-ring-organizer-for-car-keys-daily-storage","ACTIVE","yes","49738575118586","black silver / 4pcs","14:29#black silver;5:200004763#4pcs","True","4","14.99","3.04","4.53","yes","3.04","3.03","6~11 days","AliExpress Selection Standard; ships from CN; DSers displayed US $2.15 shipping","47","PASS","US$2.07~2.08","US$1.99","7~12 days","AliExpress Selection Standard; ships from CN; tracking available","47","PASS_SHIPPING_PENDING_US_STOREFRONT_PRICE","Checked in DSers Shipping info modal for Canada on 2026-07-26. black-4pcs and black silver-4pcs returned US $2.15 shipping with tracking available. US shipping checked in DSers Shipping info for United States / Alabama on 2026-07-26. black-4pcs and black silver-4pcs both returned US $1.99 shipping, 7~12 days, tracking available."
"9326918369530","Everyday Crew-Neck T-Shirt","100-pure-cotton-t-shirt-with-round-neck-shoulder-design-for-both-men-women-summer-solid-color-short-sleeved-casual-loose-fit","DRAFT","no","49738561945850","Advanced Gray / L","14:173#Advanced Gray;5:361385","True","2","59.99","27.88","3.34","yes","27.88","3.03","7~13 days sampled range","AliExpress Selection Standard; ships from CN; representative shipping varied from free to US$2.15; tracking available","2","FAIL_REPRICE_REQUIRED","27.88","Free to US$1.99 sampled","8~14 days sampled range","AliExpress Selection Standard; ships from CN; tracking available","2","PASS_REPRESENTATIVE_SAMPLE_PENDING_US_STOREFRONT_PRICE","DSers Shipping info checked 2026-07-26. Black/L returned no Canada shipping but US$1.99 U.S. shipping in 9~14 days. Black/M returned tracked CN shipping to both markets (Canada observed between free and US$2.15 during refresh; U.S. free, 8~13 days). All worksheet Canada caps are below the conservative CA$3.03 floor, so reprice or reject; verify the 100% cotton claim before any launch."
"9326918369530","Everyday Crew-Neck T-Shirt","100-pure-cotton-t-shirt-with-round-neck-shoulder-design-for-both-men-women-summer-solid-color-short-sleeved-casual-loose-fit","DRAFT","no","49738561978618","Advanced Gray / M","14:173#Advanced Gray;5:361386","True","2","58.99","27.37","3.32","yes","27.37","3.03","7~13 days sampled range","AliExpress Selection Standard; ships from CN; representative shipping varied from free to US$2.15; tracking available","2","FAIL_REPRICE_REQUIRED","27.37","Free to US$1.99 sampled","8~14 days sampled range","AliExpress Selection Standard; ships from CN; tracking available","2","PASS_REPRESENTATIVE_SAMPLE_PENDING_US_STOREFRONT_PRICE","DSers Shipping info checked 2026-07-26. Black/L returned no Canada shipping but US$1.99 U.S. shipping in 9~14 days. Black/M returned tracked CN shipping to both markets (Canada observed between free and US$2.15 during refresh; U.S. free, 8~13 days). All worksheet Canada caps are below the conservative CA$3.03 floor, so reprice or reject; verify the 100% cotton claim before any launch."
"9326918369530","Everyday Crew-Neck T-Shirt","100-pure-cotton-t-shirt-with-round-neck-shoulder-design-for-both-men-women-summer-solid-color-short-sleeved-casual-loose-fit","DRAFT","no","49738561618170","Advanced Gray / S","14:173#Advanced Gray;5:100014064","True","2","57.99","26.79","3.38","yes","26.79","3.03","7~13 days sampled range","AliExpress Selection Standard; ships from CN; representative shipping varied from free to US$2.15; tracking available","2","FAIL_REPRICE_REQUIRED","26.79","Free to US$1.99 sampled","8~14 days sampled range","AliExpress Selection Standard; ships from CN; tracking available","2","PASS_REPRESENTATIVE_SAMPLE_PENDING_US_STOREFRONT_PRICE","DSers Shipping info checked 2026-07-26. Black/L returned no Canada shipping but US$1.99 U.S. shipping in 9~14 days. Black/M returned tracked CN shipping to both markets (Canada observed between free and US$2.15 during refresh; U.S. free, 8~13 days). All worksheet Canada caps are below the conservative CA$3.03 floor, so reprice or reject; verify the 100% cotton claim before any launch."
"9326918369530","Everyday Crew-Neck T-Shirt","100-pure-cotton-t-shirt-with-round-neck-shoulder-design-for-both-men-women-summer-solid-color-short-sleeved-casual-loose-fit","DRAFT","no","49738561683706","Advanced Gray / XL","14:173#Advanced Gray;5:100014065","True","2","60.99","28.61","3.13","yes","28.61","3.03","7~13 days sampled range","AliExpress Selection Standard; ships from CN; representative shipping varied from free to US$2.15; tracking available","2","FAIL_REPRICE_REQUIRED","28.61","Free to US$1.99 sampled","8~14 days sampled range","AliExpress Selection Standard; ships from CN; tracking available","2","PASS_REPRESENTATIVE_SAMPLE_PENDING_US_STOREFRONT_PRICE","DSers Shipping info checked 2026-07-26. Black/L returned no Canada shipping but US$1.99 U.S. shipping in 9~14 days. Black/M returned tracked CN shipping to both markets (Canada observed between free and US$2.15 during refresh; U.S. free, 8~13 days). All worksheet Canada caps are below the conservative CA$3.03 floor, so reprice or reject; verify the 100% cotton claim before any launch."
"9326918369530","Everyday Crew-Neck T-Shirt","100-pure-cotton-t-shirt-with-round-neck-shoulder-design-for-both-men-women-summer-solid-color-short-sleeved-casual-loose-fit","DRAFT","no","49738561650938","Advanced Gray / XXL","14:173#Advanced Gray;5:4182","True","2","62.99","29.24","3.55","yes","29.24","3.03","7~13 days sampled range","AliExpress Selection Standard; ships from CN; representative shipping varied from free to US$2.15; tracking available","2","FAIL_REPRICE_REQUIRED","29.24","Free to US$1.99 sampled","8~14 days sampled range","AliExpress Selection Standard; ships from CN; tracking available","2","PASS_REPRESENTATIVE_SAMPLE_PENDING_US_STOREFRONT_PRICE","DSers Shipping info checked 2026-07-26. Black/L returned no Canada shipping but US$1.99 U.S. shipping in 9~14 days. Black/M returned tracked CN shipping to both markets (Canada observed between free and US$2.15 during refresh; U.S. free, 8~13 days). All worksheet Canada caps are below the conservative CA$3.03 floor, so reprice or reject; verify the 100% cotton claim before any launch."
"9326918369530","Everyday Crew-Neck T-Shirt","100-pure-cotton-t-shirt-with-round-neck-shoulder-design-for-both-men-women-summer-solid-color-short-sleeved-casual-loose-fit","DRAFT","no","49738561913082","Advanced Gray / XXXL","14:173#Advanced Gray;5:4183","True","2","63.99","29.86","3.46","yes","29.86","3.03","7~13 days sampled range","AliExpress Selection Standard; ships from CN; representative shipping varied from free to US$2.15; tracking available","2","FAIL_REPRICE_REQUIRED","29.86","Free to US$1.99 sampled","8~14 days sampled range","AliExpress Selection Standard; ships from CN; tracking available","2","PASS_REPRESENTATIVE_SAMPLE_PENDING_US_STOREFRONT_PRICE","DSers Shipping info checked 2026-07-26. Black/L returned no Canada shipping but US$1.99 U.S. shipping in 9~14 days. Black/M returned tracked CN shipping to both markets (Canada observed between free and US$2.15 during refresh; U.S. free, 8~13 days). All worksheet Canada caps are below the conservative CA$3.03 floor, so reprice or reject; verify the 100% cotton claim before any launch."
"9326918369530","Everyday Crew-Neck T-Shirt","100-pure-cotton-t-shirt-with-round-neck-shoulder-design-for-both-men-women-summer-solid-color-short-sleeved-casual-loose-fit","DRAFT","no","49738561421562","Black / L","14:193#Black;5:361385","True","6","49.99","22.85","3.11","yes","22.85","3.03","7~13 days sampled range","AliExpress Selection Standard; ships from CN; representative shipping varied from free to US$2.15; tracking available","6","FAIL_NO_SHIPPING","22.85","Free to US$1.99 sampled","8~14 days sampled range","AliExpress Selection Standard; ships from CN; tracking available","6","PASS_REPRESENTATIVE_SAMPLE_PENDING_US_STOREFRONT_PRICE","DSers Shipping info checked 2026-07-26. Black/L returned no Canada shipping but US$1.99 U.S. shipping in 9~14 days. Black/M returned tracked CN shipping to both markets (Canada observed between free and US$2.15 during refresh; U.S. free, 8~13 days). All worksheet Canada caps are below the conservative CA$3.03 floor, so reprice or reject; verify the 100% cotton claim before any launch."
"9326918369530","Everyday Crew-Neck T-Shirt","100-pure-cotton-t-shirt-with-round-neck-shoulder-design-for-both-men-women-summer-solid-color-short-sleeved-casual-loose-fit","DRAFT","no","49738561454330","Black / M","14:193#Black;5:361386","True","2","58.99","27.37","3.32","yes","27.37","3.03","7~13 days sampled range","AliExpress Selection Standard; ships from CN; representative shipping varied from free to US$2.15; tracking available","2","FAIL_REPRICE_REQUIRED","27.37","Free to US$1.99 sampled","8~14 days sampled range","AliExpress Selection Standard; ships from CN; tracking available","2","PASS_REPRESENTATIVE_SAMPLE_PENDING_US_STOREFRONT_PRICE","DSers Shipping info checked 2026-07-26. Black/L returned no Canada shipping but US$1.99 U.S. shipping in 9~14 days. Black/M returned tracked CN shipping to both markets (Canada observed between free and US$2.15 during refresh; U.S. free, 8~13 days). All worksheet Canada caps are below the conservative CA$3.03 floor, so reprice or reject; verify the 100% cotton claim before any launch."
"9326918369530","Everyday Crew-Neck T-Shirt","100-pure-cotton-t-shirt-with-round-neck-shoulder-design-for-both-men-women-summer-solid-color-short-sleeved-casual-loose-fit","DRAFT","no","49738561487098","Black / S","14:193#Black;5:100014064","True","2","57.99","26.79","3.38","yes","26.79","3.03","7~13 days sampled range","AliExpress Selection Standard; ships from CN; representative shipping varied from free to US$2.15; tracking available","2","FAIL_REPRICE_REQUIRED","26.79","Free to US$1.99 sampled","8~14 days sampled range","AliExpress Selection Standard; ships from CN; tracking available","2","PASS_REPRESENTATIVE_SAMPLE_PENDING_US_STOREFRONT_PRICE","DSers Shipping info checked 2026-07-26. Black/L returned no Canada shipping but US$1.99 U.S. shipping in 9~14 days. Black/M returned tracked CN shipping to both markets (Canada observed between free and US$2.15 during refresh; U.S. free, 8~13 days). All worksheet Canada caps are below the conservative CA$3.03 floor, so reprice or reject; verify the 100% cotton claim before any launch."
"9326918369530","Everyday Crew-Neck T-Shirt","100-pure-cotton-t-shirt-with-round-neck-shoulder-design-for-both-men-women-summer-solid-color-short-sleeved-casual-loose-fit","DRAFT","no","49738561552634","Black / XL","14:193#Black;5:100014065","True","3","61.99","28.89","3.38","yes","28.89","3.03","7~13 days sampled range","AliExpress Selection Standard; ships from CN; representative shipping varied from free to US$2.15; tracking available","3","FAIL_REPRICE_REQUIRED","28.89","Free to US$1.99 sampled","8~14 days sampled range","AliExpress Selection Standard; ships from CN; tracking available","3","PASS_REPRESENTATIVE_SAMPLE_PENDING_US_STOREFRONT_PRICE","DSers Shipping info checked 2026-07-26. Black/L returned no Canada shipping but US$1.99 U.S. shipping in 9~14 days. Black/M returned tracked CN shipping to both markets (Canada observed between free and US$2.15 during refresh; U.S. free, 8~13 days). All worksheet Canada caps are below the conservative CA$3.03 floor, so reprice or reject; verify the 100% cotton claim before any launch."
"9326918369530","Everyday Crew-Neck T-Shirt","100-pure-cotton-t-shirt-with-round-neck-shoulder-design-for-both-men-women-summer-solid-color-short-sleeved-casual-loose-fit","DRAFT","no","49738561519866","Black / XXL","14:193#Black;5:4182","True","2","62.99","29.24","3.55","yes","29.24","3.03","7~13 days sampled range","AliExpress Selection Standard; ships from CN; representative shipping varied from free to US$2.15; tracking available","2","FAIL_REPRICE_REQUIRED","29.24","Free to US$1.99 sampled","8~14 days sampled range","AliExpress Selection Standard; ships from CN; tracking available","2","PASS_REPRESENTATIVE_SAMPLE_PENDING_US_STOREFRONT_PRICE","DSers Shipping info checked 2026-07-26. Black/L returned no Canada shipping but US$1.99 U.S. shipping in 9~14 days. Black/M returned tracked CN shipping to both markets (Canada observed between free and US$2.15 during refresh; U.S. free, 8~13 days). All worksheet Canada caps are below the conservative CA$3.03 floor, so reprice or reject; verify the 100% cotton claim before any launch."
"9326918369530","Everyday Crew-Neck T-Shirt","100-pure-cotton-t-shirt-with-round-neck-shoulder-design-for-both-men-women-summer-solid-color-short-sleeved-casual-loose-fit","DRAFT","no","49738561847546","Black / XXXL","14:193#Black;5:4183","True","1","64.99","30.35","3.49","yes","30.35","3.03","7~13 days sampled range","AliExpress Selection Standard; ships from CN; representative shipping varied from free to US$2.15; tracking available","1","FAIL_REPRICE_REQUIRED","30.35","Free to US$1.99 sampled","8~14 days sampled range","AliExpress Selection Standard; ships from CN; tracking available","1","PASS_REPRESENTATIVE_SAMPLE_PENDING_US_STOREFRONT_PRICE","DSers Shipping info checked 2026-07-26. Black/L returned no Canada shipping but US$1.99 U.S. shipping in 9~14 days. Black/M returned tracked CN shipping to both markets (Canada observed between free and US$2.15 during refresh; U.S. free, 8~13 days). All worksheet Canada caps are below the conservative CA$3.03 floor, so reprice or reject; verify the 100% cotton claim before any launch."
"9326918369530","Everyday Crew-Neck T-Shirt","100-pure-cotton-t-shirt-with-round-neck-shoulder-design-for-both-men-women-summer-solid-color-short-sleeved-casual-loose-fit","DRAFT","no","49738561716474","White / L","14:771#White;5:361385","True","2","59.99","27.88","3.34","yes","27.88","3.03","7~13 days sampled range","AliExpress Selection Standard; ships from CN; representative shipping varied from free to US$2.15; tracking available","2","FAIL_REPRICE_REQUIRED","27.88","Free to US$1.99 sampled","8~14 days sampled range","AliExpress Selection Standard; ships from CN; tracking available","2","PASS_REPRESENTATIVE_SAMPLE_PENDING_US_STOREFRONT_PRICE","DSers Shipping info checked 2026-07-26. Black/L returned no Canada shipping but US$1.99 U.S. shipping in 9~14 days. Black/M returned tracked CN shipping to both markets (Canada observed between free and US$2.15 during refresh; U.S. free, 8~13 days). All worksheet Canada caps are below the conservative CA$3.03 floor, so reprice or reject; verify the 100% cotton claim before any launch."
"9326918369530","Everyday Crew-Neck T-Shirt","100-pure-cotton-t-shirt-with-round-neck-shoulder-design-for-both-men-women-summer-solid-color-short-sleeved-casual-loose-fit","DRAFT","no","49738561749242","White / M","14:771#White;5:361386","True","2","58.99","27.37","3.32","yes","27.37","3.03","7~13 days sampled range","AliExpress Selection Standard; ships from CN; representative shipping varied from free to US$2.15; tracking available","2","FAIL_REPRICE_REQUIRED","27.37","Free to US$1.99 sampled","8~14 days sampled range","AliExpress Selection Standard; ships from CN; tracking available","2","PASS_REPRESENTATIVE_SAMPLE_PENDING_US_STOREFRONT_PRICE","DSers Shipping info checked 2026-07-26. Black/L returned no Canada shipping but US$1.99 U.S. shipping in 9~14 days. Black/M returned tracked CN shipping to both markets (Canada observed between free and US$2.15 during refresh; U.S. free, 8~13 days). All worksheet Canada caps are below the conservative CA$3.03 floor, so reprice or reject; verify the 100% cotton claim before any launch."
"9326918369530","Everyday Crew-Neck T-Shirt","100-pure-cotton-t-shirt-with-round-neck-shoulder-design-for-both-men-women-summer-solid-color-short-sleeved-casual-loose-fit","DRAFT","no","49738561880314","White / S","14:771#White;5:100014064","True","2","57.99","26.79","3.38","yes","26.79","3.03","7~13 days sampled range","AliExpress Selection Standard; ships from CN; representative shipping varied from free to US$2.15; tracking available","2","FAIL_REPRICE_REQUIRED","26.79","Free to US$1.99 sampled","8~14 days sampled range","AliExpress Selection Standard; ships from CN; tracking available","2","PASS_REPRESENTATIVE_SAMPLE_PENDING_US_STOREFRONT_PRICE","DSers Shipping info checked 2026-07-26. Black/L returned no Canada shipping but US$1.99 U.S. shipping in 9~14 days. Black/M returned tracked CN shipping to both markets (Canada observed between free and US$2.15 during refresh; U.S. free, 8~13 days). All worksheet Canada caps are below the conservative CA$3.03 floor, so reprice or reject; verify the 100% cotton claim before any launch."
"9326918369530","Everyday Crew-Neck T-Shirt","100-pure-cotton-t-shirt-with-round-neck-shoulder-design-for-both-men-women-summer-solid-color-short-sleeved-casual-loose-fit","DRAFT","no","49738561814778","White / XL","14:771#White;5:100014065","True","1","61.99","28.80","3.47","yes","28.80","3.03","7~13 days sampled range","AliExpress Selection Standard; ships from CN; representative shipping varied from free to US$2.15; tracking available","1","FAIL_REPRICE_REQUIRED","28.80","Free to US$1.99 sampled","8~14 days sampled range","AliExpress Selection Standard; ships from CN; tracking available","1","PASS_REPRESENTATIVE_SAMPLE_PENDING_US_STOREFRONT_PRICE","DSers Shipping info checked 2026-07-26. Black/L returned no Canada shipping but US$1.99 U.S. shipping in 9~14 days. Black/M returned tracked CN shipping to both markets (Canada observed between free and US$2.15 during refresh; U.S. free, 8~13 days). All worksheet Canada caps are below the conservative CA$3.03 floor, so reprice or reject; verify the 100% cotton claim before any launch."
"9326918369530","Everyday Crew-Neck T-Shirt","100-pure-cotton-t-shirt-with-round-neck-shoulder-design-for-both-men-women-summer-solid-color-short-sleeved-casual-loose-fit","DRAFT","no","49738561782010","White / XXL","14:771#White;5:4182","True","1","63.99","29.80","3.52","yes","29.80","3.03","7~13 days sampled range","AliExpress Selection Standard; ships from CN; representative shipping varied from free to US$2.15; tracking available","1","FAIL_REPRICE_REQUIRED","29.80","Free to US$1.99 sampled","8~14 days sampled range","AliExpress Selection Standard; ships from CN; tracking available","1","PASS_REPRESENTATIVE_SAMPLE_PENDING_US_STOREFRONT_PRICE","DSers Shipping info checked 2026-07-26. Black/L returned no Canada shipping but US$1.99 U.S. shipping in 9~14 days. Black/M returned tracked CN shipping to both markets (Canada observed between free and US$2.15 during refresh; U.S. free, 8~13 days). All worksheet Canada caps are below the conservative CA$3.03 floor, so reprice or reject; verify the 100% cotton claim before any launch."
"9326918369530","Everyday Crew-Neck T-Shirt","100-pure-cotton-t-shirt-with-round-neck-shoulder-design-for-both-men-women-summer-solid-color-short-sleeved-casual-loose-fit","DRAFT","no","49738561585402","White / XXXL","14:771#White;5:4183","True","1","62.99","29.68","3.11","yes","29.68","3.03","7~13 days sampled range","AliExpress Selection Standard; ships from CN; representative shipping varied from free to US$2.15; tracking available","1","FAIL_REPRICE_REQUIRED","29.68","Free to US$1.99 sampled","8~14 days sampled range","AliExpress Selection Standard; ships from CN; tracking available","1","PASS_REPRESENTATIVE_SAMPLE_PENDING_US_STOREFRONT_PRICE","DSers Shipping info checked 2026-07-26. Black/L returned no Canada shipping but US$1.99 U.S. shipping in 9~14 days. Black/M returned tracked CN shipping to both markets (Canada observed between free and US$2.15 during refresh; U.S. free, 8~13 days). All worksheet Canada caps are below the conservative CA$3.03 floor, so reprice or reject; verify the 100% cotton claim before any launch."
"9326917681402","Everyday Fleece Joggers","hot-sales-mens-sweatpants-printing-casual-pants-outdoor-gym-sports-jogging-pants-autumn-winter-man-trousers-fitness-sportswear","ACTIVE","yes","49738555261178","2XL / Black","14:193#Black;5:4182#2XL","True","3","30.31","12.12","3.50","yes","12.12","3.03","6~12 days sampled range","AliExpress Selection Standard; ships from CN; DSers displayed US $2.15 shipping","510","PASS_TIGHT_REPRESENTATIVE_SAMPLE","US$8.36~11.84","US$1.99","7~12 days","AliExpress Selection Standard; ships from CN; tracking available","510","PASS_REPRESENTATIVE_SAMPLE_PENDING_US_STOREFRONT_PRICE","Checked in DSers Shipping info modal for Canada on 2026-07-26. Representative SKUs 3XL-Navy, L-Navy, 4XL-Grey, and M-Black returned US $2.15 shipping with tracking available; lowest worksheet cap is CA$3.24, so keep as tight-margin candidate and spot-check before ad spend. Representative U.S. DSers quote on 2026-07-26: L/XL Navy and 4XL/M Grey returned US$1.99 shipping in 7~12 days, tracking available. Applied across remaining mapped variants pending final spot-check."
"9326917681402","Everyday Fleece Joggers","hot-sales-mens-sweatpants-printing-casual-pants-outdoor-gym-sports-jogging-pants-autumn-winter-man-trousers-fitness-sportswear","ACTIVE","yes","49738554900730","2XL / Grey","14:175#Grey;5:4182#2XL","True","4","31.26","12.50","3.62","yes","12.50","3.03","6~12 days sampled range","AliExpress Selection Standard; ships from CN; DSers displayed US $2.15 shipping","510","PASS_TIGHT_REPRESENTATIVE_SAMPLE","US$8.36~11.84","US$1.99","7~12 days","AliExpress Selection Standard; ships from CN; tracking available","510","PASS_REPRESENTATIVE_SAMPLE_PENDING_US_STOREFRONT_PRICE","Checked in DSers Shipping info modal for Canada on 2026-07-26. Representative SKUs 3XL-Navy, L-Navy, 4XL-Grey, and M-Black returned US $2.15 shipping with tracking available; lowest worksheet cap is CA$3.24, so keep as tight-margin candidate and spot-check before ad spend. Representative U.S. DSers quote on 2026-07-26: L/XL Navy and 4XL/M Grey returned US$1.99 shipping in 7~12 days, tracking available. Applied across remaining mapped variants pending final spot-check."
"9326917681402","Everyday Fleece Joggers","hot-sales-mens-sweatpants-printing-casual-pants-outdoor-gym-sports-jogging-pants-autumn-winter-man-trousers-fitness-sportswear","ACTIVE","yes","49738554769658","2XL / Navy","14:200004889#Navy;5:4182#2XL","True","1","38.36","15.34","4.51","yes","15.34","3.03","6~12 days sampled range","AliExpress Selection Standard; ships from CN; DSers displayed US $2.15 shipping","510","PASS_TIGHT_REPRESENTATIVE_SAMPLE","US$8.36~11.84","US$1.99","7~12 days","AliExpress Selection Standard; ships from CN; tracking available","510","PASS_REPRESENTATIVE_SAMPLE_PENDING_US_STOREFRONT_PRICE","Checked in DSers Shipping info modal for Canada on 2026-07-26. Representative SKUs 3XL-Navy, L-Navy, 4XL-Grey, and M-Black returned US $2.15 shipping with tracking available; lowest worksheet cap is CA$3.24, so keep as tight-margin candidate and spot-check before ad spend. Representative U.S. DSers quote on 2026-07-26: L/XL Navy and 4XL/M Grey returned US$1.99 shipping in 7~12 days, tracking available. Applied across remaining mapped variants pending final spot-check."
"9326917681402","Everyday Fleece Joggers","hot-sales-mens-sweatpants-printing-casual-pants-outdoor-gym-sports-jogging-pants-autumn-winter-man-trousers-fitness-sportswear","ACTIVE","yes","49738555031802","3XL / Black","14:193#Black;5:4183#3XL","True","53","38.68","15.47","4.55","yes","15.47","3.03","6~12 days sampled range","AliExpress Selection Standard; ships from CN; DSers displayed US $2.15 shipping","510","PASS_TIGHT_REPRESENTATIVE_SAMPLE","US$8.36~11.84","US$1.99","7~12 days","AliExpress Selection Standard; ships from CN; tracking available","510","PASS_REPRESENTATIVE_SAMPLE_PENDING_US_STOREFRONT_PRICE","Checked in DSers Shipping info modal for Canada on 2026-07-26. Representative SKUs 3XL-Navy, L-Navy, 4XL-Grey, and M-Black returned US $2.15 shipping with tracking available; lowest worksheet cap is CA$3.24, so keep as tight-margin candidate and spot-check before ad spend. Representative U.S. DSers quote on 2026-07-26: L/XL Navy and 4XL/M Grey returned US$1.99 shipping in 7~12 days, tracking available. Applied across remaining mapped variants pending final spot-check."
"9326917681402","Everyday Fleece Joggers","hot-sales-mens-sweatpants-printing-casual-pants-outdoor-gym-sports-jogging-pants-autumn-winter-man-trousers-fitness-sportswear","ACTIVE","yes","49738554933498","3XL / Grey","14:175#Grey;5:4183#3XL","True","1","31.82","12.73","3.69","yes","12.73","3.03","6~12 days sampled range","AliExpress Selection Standard; ships from CN; DSers displayed US $2.15 shipping","510","PASS_TIGHT_REPRESENTATIVE_SAMPLE","US$8.36~11.84","US$1.99","7~12 days","AliExpress Selection Standard; ships from CN; tracking available","510","PASS_REPRESENTATIVE_SAMPLE_PENDING_US_STOREFRONT_PRICE","Checked in DSers Shipping info modal for Canada on 2026-07-26. Representative SKUs 3XL-Navy, L-Navy, 4XL-Grey, and M-Black returned US $2.15 shipping with tracking available; lowest worksheet cap is CA$3.24, so keep as tight-margin candidate and spot-check before ad spend. Representative U.S. DSers quote on 2026-07-26: L/XL Navy and 4XL/M Grey returned US$1.99 shipping in 7~12 days, tracking available. Applied across remaining mapped variants pending final spot-check."
"9326917681402","Everyday Fleece Joggers","hot-sales-mens-sweatpants-printing-casual-pants-outdoor-gym-sports-jogging-pants-autumn-winter-man-trousers-fitness-sportswear","ACTIVE","yes","49738554671354","3XL / Navy","14:200004889#Navy;5:4183#3XL","False","0","38.54","15.41","4.54","yes","15.41","3.03","6~12 days sampled range","AliExpress Selection Standard; ships from CN; DSers displayed US $2.15 shipping","510","PASS_TIGHT_REPRESENTATIVE_SAMPLE","US$8.36~11.84","NO SHIPPING","","","510","FAIL_NO_US_SHIPPING","Checked in DSers Shipping info modal for Canada on 2026-07-26. Representative SKUs 3XL-Navy, L-Navy, 4XL-Grey, and M-Black returned US $2.15 shipping with tracking available; lowest worksheet cap is CA$3.24, so keep as tight-margin candidate and spot-check before ad spend. U.S. quote checked in DSers on 2026-07-26: exact 3XL-Navy supplier SKU returned no shipping. Shopify control applied and re-read 2026-07-26: inventory 0, policy DENY, availableForSale false; the product remains ACTIVE and passing variants remain sellable."
"9326917681402","Everyday Fleece Joggers","hot-sales-mens-sweatpants-printing-casual-pants-outdoor-gym-sports-jogging-pants-autumn-winter-man-trousers-fitness-sportswear","ACTIVE","yes","49738555130106","4XL / Black","14:193#Black;5:200000990","True","51","39.20","15.68","4.61","yes","15.68","3.03","6~12 days sampled range","AliExpress Selection Standard; ships from CN; DSers displayed US $2.15 shipping","510","PASS_TIGHT_REPRESENTATIVE_SAMPLE","US$8.36~11.84","US$1.99","7~12 days","AliExpress Selection Standard; ships from CN; tracking available","510","PASS_REPRESENTATIVE_SAMPLE_PENDING_US_STOREFRONT_PRICE","Checked in DSers Shipping info modal for Canada on 2026-07-26. Representative SKUs 3XL-Navy, L-Navy, 4XL-Grey, and M-Black returned US $2.15 shipping with tracking available; lowest worksheet cap is CA$3.24, so keep as tight-margin candidate and spot-check before ad spend. Representative U.S. DSers quote on 2026-07-26: L/XL Navy and 4XL/M Grey returned US$1.99 shipping in 7~12 days, tracking available. Applied across remaining mapped variants pending final spot-check."
"9326917681402","Everyday Fleece Joggers","hot-sales-mens-sweatpants-printing-casual-pants-outdoor-gym-sports-jogging-pants-autumn-winter-man-trousers-fitness-sportswear","ACTIVE","yes","49738554802426","4XL / Grey","14:175#Grey;5:200000990","True","14","31.72","12.69","3.67","yes","12.69","3.03","6~12 days sampled range","AliExpress Selection Standard; ships from CN; DSers displayed US $2.15 shipping","510","PASS_TIGHT_REPRESENTATIVE_SAMPLE","US$8.36~11.84","US$1.99","7~12 days","AliExpress Selection Standard; ships from CN; tracking available","510","PASS_REPRESENTATIVE_SAMPLE_PENDING_US_STOREFRONT_PRICE","Checked in DSers Shipping info modal for Canada on 2026-07-26. Representative SKUs 3XL-Navy, L-Navy, 4XL-Grey, and M-Black returned US $2.15 shipping with tracking available; lowest worksheet cap is CA$3.24, so keep as tight-margin candidate and spot-check before ad spend. Representative U.S. DSers quote on 2026-07-26: L/XL Navy and 4XL/M Grey returned US$1.99 shipping in 7~12 days, tracking available. Applied across remaining mapped variants pending final spot-check."
"9326917681402","Everyday Fleece Joggers","hot-sales-mens-sweatpants-printing-casual-pants-outdoor-gym-sports-jogging-pants-autumn-winter-man-trousers-fitness-sportswear","ACTIVE","yes","49738555228410","4XL / Navy","14:200004889#Navy;5:200000990","True","47","39.98","15.99","4.71","yes","15.99","3.03","6~12 days sampled range","AliExpress Selection Standard; ships from CN; DSers displayed US $2.15 shipping","510","PASS_TIGHT_REPRESENTATIVE_SAMPLE","US$8.36~11.84","US$1.99","7~12 days","AliExpress Selection Standard; ships from CN; tracking available","510","PASS_REPRESENTATIVE_SAMPLE_PENDING_US_STOREFRONT_PRICE","Checked in DSers Shipping info modal for Canada on 2026-07-26. Representative SKUs 3XL-Navy, L-Navy, 4XL-Grey, and M-Black returned US $2.15 shipping with tracking available; lowest worksheet cap is CA$3.24, so keep as tight-margin candidate and spot-check before ad spend. Representative U.S. DSers quote on 2026-07-26: L/XL Navy and 4XL/M Grey returned US$1.99 shipping in 7~12 days, tracking available. Applied across remaining mapped variants pending final spot-check."
"9326917681402","Everyday Fleece Joggers","hot-sales-mens-sweatpants-printing-casual-pants-outdoor-gym-sports-jogging-pants-autumn-winter-man-trousers-fitness-sportswear","ACTIVE","yes","49738555195642","L / Black","14:193#Black;5:361385","True","8","28.45","11.38","3.27","yes","11.38","3.03","6~12 days sampled range","AliExpress Selection Standard; ships from CN; DSers displayed US $2.15 shipping","510","PASS_TIGHT_REPRESENTATIVE_SAMPLE","US$8.36~11.84","US$1.99","7~12 days","AliExpress Selection Standard; ships from CN; tracking available","510","PASS_REPRESENTATIVE_SAMPLE_PENDING_US_STOREFRONT_PRICE","Checked in DSers Shipping info modal for Canada on 2026-07-26. Representative SKUs 3XL-Navy, L-Navy, 4XL-Grey, and M-Black returned US $2.15 shipping with tracking available; lowest worksheet cap is CA$3.24, so keep as tight-margin candidate and spot-check before ad spend. Representative U.S. DSers quote on 2026-07-26: L/XL Navy and 4XL/M Grey returned US$1.99 shipping in 7~12 days, tracking available. Applied across remaining mapped variants pending final spot-check."
"9326917681402","Everyday Fleece Joggers","hot-sales-mens-sweatpants-printing-casual-pants-outdoor-gym-sports-jogging-pants-autumn-winter-man-trousers-fitness-sportswear","ACTIVE","yes","49738554835194","L / Grey","14:175#Grey;5:361385","True","8","30.24","12.10","3.49","yes","12.10","3.03","6~12 days sampled range","AliExpress Selection Standard; ships from CN; DSers displayed US $2.15 shipping","510","PASS_TIGHT_REPRESENTATIVE_SAMPLE","US$8.36~11.84","US$1.99","7~12 days","AliExpress Selection Standard; ships from CN; tracking available","510","PASS_REPRESENTATIVE_SAMPLE_PENDING_US_STOREFRONT_PRICE","Checked in DSers Shipping info modal for Canada on 2026-07-26. Representative SKUs 3XL-Navy, L-Navy, 4XL-Grey, and M-Black returned US $2.15 shipping with tracking available; lowest worksheet cap is CA$3.24, so keep as tight-margin candidate and spot-check before ad spend. Representative U.S. DSers quote on 2026-07-26: L/XL Navy and 4XL/M Grey returned US$1.99 shipping in 7~12 days, tracking available. Applied across remaining mapped variants pending final spot-check."
"9326917681402","Everyday Fleece Joggers","hot-sales-mens-sweatpants-printing-casual-pants-outdoor-gym-sports-jogging-pants-autumn-winter-man-trousers-fitness-sportswear","ACTIVE","yes","49738554704122","L / Navy","14:200004889#Navy;5:361385","True","2","29.32","11.73","3.37","yes","11.73","3.03","6~12 days sampled range","AliExpress Selection Standard; ships from CN; DSers displayed US $2.15 shipping","510","PASS_TIGHT_REPRESENTATIVE_SAMPLE","US$8.36~11.84","US$1.99","7~12 days","AliExpress Selection Standard; ships from CN; tracking available","510","PASS_REPRESENTATIVE_SAMPLE_PENDING_US_STOREFRONT_PRICE","Checked in DSers Shipping info modal for Canada on 2026-07-26. Representative SKUs 3XL-Navy, L-Navy, 4XL-Grey, and M-Black returned US $2.15 shipping with tracking available; lowest worksheet cap is CA$3.24, so keep as tight-margin candidate and spot-check before ad spend. Representative U.S. DSers quote on 2026-07-26: L/XL Navy and 4XL/M Grey returned US$1.99 shipping in 7~12 days, tracking available. Applied across remaining mapped variants pending final spot-check."
"9326917681402","Everyday Fleece Joggers","hot-sales-mens-sweatpants-printing-casual-pants-outdoor-gym-sports-jogging-pants-autumn-winter-man-trousers-fitness-sportswear","ACTIVE","yes","49738554966266","M / Black","14:193#Black;5:361386","True","6","28.34","11.34","3.25","yes","11.34","3.03","6~12 days sampled range","AliExpress Selection Standard; ships from CN; DSers displayed US $2.15 shipping","510","PASS_TIGHT_REPRESENTATIVE_SAMPLE","US$8.36~11.84","US$1.99","7~12 days","AliExpress Selection Standard; ships from CN; tracking available","510","PASS_REPRESENTATIVE_SAMPLE_PENDING_US_STOREFRONT_PRICE","Checked in DSers Shipping info modal for Canada on 2026-07-26. Representative SKUs 3XL-Navy, L-Navy, 4XL-Grey, and M-Black returned US $2.15 shipping with tracking available; lowest worksheet cap is CA$3.24, so keep as tight-margin candidate and spot-check before ad spend. Representative U.S. DSers quote on 2026-07-26: L/XL Navy and 4XL/M Grey returned US$1.99 shipping in 7~12 days, tracking available. Applied across remaining mapped variants pending final spot-check."
"9326917681402","Everyday Fleece Joggers","hot-sales-mens-sweatpants-printing-casual-pants-outdoor-gym-sports-jogging-pants-autumn-winter-man-trousers-fitness-sportswear","ACTIVE","yes","49738554867962","M / Grey","14:175#Grey;5:361386","True","3","28.23","11.29","3.24","yes","11.29","3.03","6~12 days sampled range","AliExpress Selection Standard; ships from CN; DSers displayed US $2.15 shipping","510","PASS_TIGHT_REPRESENTATIVE_SAMPLE","US$8.36~11.84","US$1.99","7~12 days","AliExpress Selection Standard; ships from CN; tracking available","510","PASS_REPRESENTATIVE_SAMPLE_PENDING_US_STOREFRONT_PRICE","Checked in DSers Shipping info modal for Canada on 2026-07-26. Representative SKUs 3XL-Navy, L-Navy, 4XL-Grey, and M-Black returned US $2.15 shipping with tracking available; lowest worksheet cap is CA$3.24, so keep as tight-margin candidate and spot-check before ad spend. Representative U.S. DSers quote on 2026-07-26: L/XL Navy and 4XL/M Grey returned US$1.99 shipping in 7~12 days, tracking available. Applied across remaining mapped variants pending final spot-check."
"9326917681402","Everyday Fleece Joggers","hot-sales-mens-sweatpants-printing-casual-pants-outdoor-gym-sports-jogging-pants-autumn-winter-man-trousers-fitness-sportswear","ACTIVE","yes","49738555326714","M / Navy","14:200004889#Navy;5:361386","True","11","36.64","14.66","4.29","yes","14.66","3.03","6~12 days sampled range","AliExpress Selection Standard; ships from CN; DSers displayed US $2.15 shipping","510","PASS_TIGHT_REPRESENTATIVE_SAMPLE","US$8.36~11.84","US$1.99","7~12 days","AliExpress Selection Standard; ships from CN; tracking available","510","PASS_REPRESENTATIVE_SAMPLE_PENDING_US_STOREFRONT_PRICE","Checked in DSers Shipping info modal for Canada on 2026-07-26. Representative SKUs 3XL-Navy, L-Navy, 4XL-Grey, and M-Black returned US $2.15 shipping with tracking available; lowest worksheet cap is CA$3.24, so keep as tight-margin candidate and spot-check before ad spend. Representative U.S. DSers quote on 2026-07-26: L/XL Navy and 4XL/M Grey returned US$1.99 shipping in 7~12 days, tracking available. Applied across remaining mapped variants pending final spot-check."
"9326917681402","Everyday Fleece Joggers","hot-sales-mens-sweatpants-printing-casual-pants-outdoor-gym-sports-jogging-pants-autumn-winter-man-trousers-fitness-sportswear","ACTIVE","yes","49738555064570","S / Black","14:193#Black;5:100014064","True","59","36.18","14.47","4.24","yes","14.47","3.03","6~12 days sampled range","AliExpress Selection Standard; ships from CN; DSers displayed US $2.15 shipping","510","PASS_TIGHT_REPRESENTATIVE_SAMPLE","US$8.36~11.84","US$1.99","7~12 days","AliExpress Selection Standard; ships from CN; tracking available","510","PASS_REPRESENTATIVE_SAMPLE_PENDING_US_STOREFRONT_PRICE","Checked in DSers Shipping info modal for Canada on 2026-07-26. Representative SKUs 3XL-Navy, L-Navy, 4XL-Grey, and M-Black returned US $2.15 shipping with tracking available; lowest worksheet cap is CA$3.24, so keep as tight-margin candidate and spot-check before ad spend. Representative U.S. DSers quote on 2026-07-26: L/XL Navy and 4XL/M Grey returned US$1.99 shipping in 7~12 days, tracking available. Applied across remaining mapped variants pending final spot-check."
"9326917681402","Everyday Fleece Joggers","hot-sales-mens-sweatpants-printing-casual-pants-outdoor-gym-sports-jogging-pants-autumn-winter-man-trousers-fitness-sportswear","ACTIVE","yes","49738555293946","S / Grey","14:175#Grey;5:100014064","True","57","36.04","14.42","4.21","yes","14.42","3.03","6~12 days sampled range","AliExpress Selection Standard; ships from CN; DSers displayed US $2.15 shipping","510","PASS_TIGHT_REPRESENTATIVE_SAMPLE","US$8.36~11.84","US$1.99","7~12 days","AliExpress Selection Standard; ships from CN; tracking available","510","PASS_REPRESENTATIVE_SAMPLE_PENDING_US_STOREFRONT_PRICE","Checked in DSers Shipping info modal for Canada on 2026-07-26. Representative SKUs 3XL-Navy, L-Navy, 4XL-Grey, and M-Black returned US $2.15 shipping with tracking available; lowest worksheet cap is CA$3.24, so keep as tight-margin candidate and spot-check before ad spend. Representative U.S. DSers quote on 2026-07-26: L/XL Navy and 4XL/M Grey returned US$1.99 shipping in 7~12 days, tracking available. Applied across remaining mapped variants pending final spot-check."
"9326917681402","Everyday Fleece Joggers","hot-sales-mens-sweatpants-printing-casual-pants-outdoor-gym-sports-jogging-pants-autumn-winter-man-trousers-fitness-sportswear","ACTIVE","yes","49738555162874","S / Navy","14:200004889#Navy;5:100014064","True","8","35.58","14.23","4.16","yes","14.23","3.03","6~12 days sampled range","AliExpress Selection Standard; ships from CN; DSers displayed US $2.15 shipping","510","PASS_TIGHT_REPRESENTATIVE_SAMPLE","US$8.36~11.84","US$1.99","7~12 days","AliExpress Selection Standard; ships from CN; tracking available","510","PASS_REPRESENTATIVE_SAMPLE_PENDING_US_STOREFRONT_PRICE","Checked in DSers Shipping info modal for Canada on 2026-07-26. Representative SKUs 3XL-Navy, L-Navy, 4XL-Grey, and M-Black returned US $2.15 shipping with tracking available; lowest worksheet cap is CA$3.24, so keep as tight-margin candidate and spot-check before ad spend. Representative U.S. DSers quote on 2026-07-26: L/XL Navy and 4XL/M Grey returned US$1.99 shipping in 7~12 days, tracking available. Applied across remaining mapped variants pending final spot-check."
"9326917681402","Everyday Fleece Joggers","hot-sales-mens-sweatpants-printing-casual-pants-outdoor-gym-sports-jogging-pants-autumn-winter-man-trousers-fitness-sportswear","ACTIVE","yes","49738555097338","XL / Black","14:193#Black;5:100014065","True","53","37.90","15.16","4.45","yes","15.16","3.03","6~12 days sampled range","AliExpress Selection Standard; ships from CN; DSers displayed US $2.15 shipping","510","PASS_TIGHT_REPRESENTATIVE_SAMPLE","US$8.36~11.84","US$1.99","7~12 days","AliExpress Selection Standard; ships from CN; tracking available","510","PASS_REPRESENTATIVE_SAMPLE_PENDING_US_STOREFRONT_PRICE","Checked in DSers Shipping info modal for Canada on 2026-07-26. Representative SKUs 3XL-Navy, L-Navy, 4XL-Grey, and M-Black returned US $2.15 shipping with tracking available; lowest worksheet cap is CA$3.24, so keep as tight-margin candidate and spot-check before ad spend. Representative U.S. DSers quote on 2026-07-26: L/XL Navy and 4XL/M Grey returned US$1.99 shipping in 7~12 days, tracking available. Applied across remaining mapped variants pending final spot-check."
"9326917681402","Everyday Fleece Joggers","hot-sales-mens-sweatpants-printing-casual-pants-outdoor-gym-sports-jogging-pants-autumn-winter-man-trousers-fitness-sportswear","ACTIVE","yes","49738554999034","XL / Grey","14:175#Grey;5:100014065","True","4","30.06","12.03","3.46","yes","12.03","3.03","6~12 days sampled range","AliExpress Selection Standard; ships from CN; DSers displayed US $2.15 shipping","510","PASS_TIGHT_REPRESENTATIVE_SAMPLE","US$8.36~11.84","US$1.99","7~12 days","AliExpress Selection Standard; ships from CN; tracking available","510","PASS_REPRESENTATIVE_SAMPLE_PENDING_US_STOREFRONT_PRICE","Checked in DSers Shipping info modal for Canada on 2026-07-26. Representative SKUs 3XL-Navy, L-Navy, 4XL-Grey, and M-Black returned US $2.15 shipping with tracking available; lowest worksheet cap is CA$3.24, so keep as tight-margin candidate and spot-check before ad spend. Representative U.S. DSers quote on 2026-07-26: L/XL Navy and 4XL/M Grey returned US$1.99 shipping in 7~12 days, tracking available. Applied across remaining mapped variants pending final spot-check."
"9326917681402","Everyday Fleece Joggers","hot-sales-mens-sweatpants-printing-casual-pants-outdoor-gym-sports-jogging-pants-autumn-winter-man-trousers-fitness-sportswear","ACTIVE","yes","49738554736890","XL / Navy","14:200004889#Navy;5:100014065","True","5","37.27","14.91","4.37","yes","14.91","3.03","6~12 days sampled range","AliExpress Selection Standard; ships from CN; DSers displayed US $2.15 shipping","510","PASS_TIGHT_REPRESENTATIVE_SAMPLE","US$8.36~11.84","US$1.99","7~12 days","AliExpress Selection Standard; ships from CN; tracking available","510","PASS_REPRESENTATIVE_SAMPLE_PENDING_US_STOREFRONT_PRICE","Checked in DSers Shipping info modal for Canada on 2026-07-26. Representative SKUs 3XL-Navy, L-Navy, 4XL-Grey, and M-Black returned US $2.15 shipping with tracking available; lowest worksheet cap is CA$3.24, so keep as tight-margin candidate and spot-check before ad spend. Representative U.S. DSers quote on 2026-07-26: L/XL Navy and 4XL/M Grey returned US$1.99 shipping in 7~12 days, tracking available. Applied across remaining mapped variants pending final spot-check."
"9326917517562","Everyday Performance Shorts","clearance_summer-running-shorts-for-men-casual-jogging-sport-short-pants-wave-pattern-solid-color-drawstring-loose-dry-gym-sport","ACTIVE","yes","49738550542586","Black / 2XL  70-80KG","14:193#Black;5:4182#2XL  70-80KG","True","4","45.81","18.33","5.44","yes","18.33","3.03","7~12 days","AliExpress Selection Standard; ships from CN; DSers displayed US $2.15 shipping","780","PASS_REPRESENTATIVE_SAMPLE","US$9.74~15.62","US$1.99","7~13 days","AliExpress Selection Standard; ships from CN; tracking available","780","PASS_REPRESENTATIVE_SAMPLE_PENDING_US_STOREFRONT_PRICE","Checked in DSers Shipping info modal for Canada on 2026-07-26. Representative SKUs Black-5XL 100-120KG, White-4XL 90-100KG, Black-3XL 80-90KG, and Gray-3XL 80-90KG returned US $2.15 shipping with tracking available; applied to mapped performance shorts variants pending final spot-check before ad spend. Representative U.S. DSers quote on 2026-07-26: Black 5XL, Black 2XL, White 4XL, Gray 3XL, and Gray XL returned US$1.99 shipping in 7~13 days, tracking available. Applied across mapped variants pending final spot-check."
"9326917517562","Everyday Performance Shorts","clearance_summer-running-shorts-for-men-casual-jogging-sport-short-pants-wave-pattern-solid-color-drawstring-loose-dry-gym-sport","ACTIVE","yes","49738550509818","Black / 3XL  80-90KG","14:193#Black;5:4183#3XL  80-90KG","True","48","45.67","18.27","5.42","yes","18.27","3.03","7~12 days","AliExpress Selection Standard; ships from CN; DSers displayed US $2.15 shipping","780","PASS_REPRESENTATIVE_SAMPLE","US$9.74~15.62","US$1.99","7~13 days","AliExpress Selection Standard; ships from CN; tracking available","780","PASS_REPRESENTATIVE_SAMPLE_PENDING_US_STOREFRONT_PRICE","Checked in DSers Shipping info modal for Canada on 2026-07-26. Representative SKUs Black-5XL 100-120KG, White-4XL 90-100KG, Black-3XL 80-90KG, and Gray-3XL 80-90KG returned US $2.15 shipping with tracking available; applied to mapped performance shorts variants pending final spot-check before ad spend. Representative U.S. DSers quote on 2026-07-26: Black 5XL, Black 2XL, White 4XL, Gray 3XL, and Gray XL returned US$1.99 shipping in 7~13 days, tracking available. Applied across mapped variants pending final spot-check."
"9326917517562","Everyday Performance Shorts","clearance_summer-running-shorts-for-men-casual-jogging-sport-short-pants-wave-pattern-solid-color-drawstring-loose-dry-gym-sport","ACTIVE","yes","49738550804730","Black / 4XL  90-100KG","14:193#Black;5:200000990#4XL  90-100KG","True","25","47.15","18.86","5.61","yes","18.86","3.03","7~12 days","AliExpress Selection Standard; ships from CN; DSers displayed US $2.15 shipping","780","PASS_REPRESENTATIVE_SAMPLE","US$9.74~15.62","US$1.99","7~13 days","AliExpress Selection Standard; ships from CN; tracking available","780","PASS_REPRESENTATIVE_SAMPLE_PENDING_US_STOREFRONT_PRICE","Checked in DSers Shipping info modal for Canada on 2026-07-26. Representative SKUs Black-5XL 100-120KG, White-4XL 90-100KG, Black-3XL 80-90KG, and Gray-3XL 80-90KG returned US $2.15 shipping with tracking available; applied to mapped performance shorts variants pending final spot-check before ad spend. Representative U.S. DSers quote on 2026-07-26: Black 5XL, Black 2XL, White 4XL, Gray 3XL, and Gray XL returned US$1.99 shipping in 7~13 days, tracking available. Applied across mapped variants pending final spot-check."
"9326917517562","Everyday Performance Shorts","clearance_summer-running-shorts-for-men-casual-jogging-sport-short-pants-wave-pattern-solid-color-drawstring-loose-dry-gym-sport","ACTIVE","yes","49738550444282","Black / 5XL  100-120KG","14:193#Black;5:200000991#5XL  100-120KG","True","38","45.88","18.35","5.45","yes","18.35","3.03","7~12 days","AliExpress Selection Standard; ships from CN; DSers displayed US $2.15 shipping","780","PASS_REPRESENTATIVE_SAMPLE","US$9.74~15.62","US$1.99","7~13 days","AliExpress Selection Standard; ships from CN; tracking available","780","PASS_REPRESENTATIVE_SAMPLE_PENDING_US_STOREFRONT_PRICE","Checked in DSers Shipping info modal for Canada on 2026-07-26. Representative SKUs Black-5XL 100-120KG, White-4XL 90-100KG, Black-3XL 80-90KG, and Gray-3XL 80-90KG returned US $2.15 shipping with tracking available; applied to mapped performance shorts variants pending final spot-check before ad spend. Representative U.S. DSers quote on 2026-07-26: Black 5XL, Black 2XL, White 4XL, Gray 3XL, and Gray XL returned US$1.99 shipping in 7~13 days, tracking available. Applied across mapped variants pending final spot-check."
"9326917517562","Everyday Performance Shorts","clearance_summer-running-shorts-for-men-casual-jogging-sport-short-pants-wave-pattern-solid-color-drawstring-loose-dry-gym-sport","ACTIVE","yes","49738550771962","Black / L  50-60KG","14:193#Black;5:361385#L  50-60KG","True","94","44.94","17.97","5.34","yes","17.97","3.03","7~12 days","AliExpress Selection Standard; ships from CN; DSers displayed US $2.15 shipping","780","PASS_REPRESENTATIVE_SAMPLE","US$9.74~15.62","US$1.99","7~13 days","AliExpress Selection Standard; ships from CN; tracking available","780","PASS_REPRESENTATIVE_SAMPLE_PENDING_US_STOREFRONT_PRICE","Checked in DSers Shipping info modal for Canada on 2026-07-26. Representative SKUs Black-5XL 100-120KG, White-4XL 90-100KG, Black-3XL 80-90KG, and Gray-3XL 80-90KG returned US $2.15 shipping with tracking available; applied to mapped performance shorts variants pending final spot-check before ad spend. Representative U.S. DSers quote on 2026-07-26: Black 5XL, Black 2XL, White 4XL, Gray 3XL, and Gray XL returned US$1.99 shipping in 7~13 days, tracking available. Applied across mapped variants pending final spot-check."
"9326917517562","Everyday Performance Shorts","clearance_summer-running-shorts-for-men-casual-jogging-sport-short-pants-wave-pattern-solid-color-drawstring-loose-dry-gym-sport","ACTIVE","yes","49738551001338","Black / M","14:193#Black;5:361386","True","46","43.46","17.38","5.15","yes","17.38","3.03","7~12 days","AliExpress Selection Standard; ships from CN; DSers displayed US $2.15 shipping","780","PASS_REPRESENTATIVE_SAMPLE","US$9.74~15.62","US$1.99","7~13 days","AliExpress Selection Standard; ships from CN; tracking available","780","PASS_REPRESENTATIVE_SAMPLE_PENDING_US_STOREFRONT_PRICE","Checked in DSers Shipping info modal for Canada on 2026-07-26. Representative SKUs Black-5XL 100-120KG, White-4XL 90-100KG, Black-3XL 80-90KG, and Gray-3XL 80-90KG returned US $2.15 shipping with tracking available; applied to mapped performance shorts variants pending final spot-check before ad spend. Representative U.S. DSers quote on 2026-07-26: Black 5XL, Black 2XL, White 4XL, Gray 3XL, and Gray XL returned US$1.99 shipping in 7~13 days, tracking available. Applied across mapped variants pending final spot-check."
"9326917517562","Everyday Performance Shorts","clearance_summer-running-shorts-for-men-casual-jogging-sport-short-pants-wave-pattern-solid-color-drawstring-loose-dry-gym-sport","ACTIVE","yes","49738550837498","Black / XL  60-70KG","14:193#Black;5:100014065#XL  60-70KG","True","4","45.22","18.09","5.37","yes","18.09","3.03","7~12 days","AliExpress Selection Standard; ships from CN; DSers displayed US $2.15 shipping","780","PASS_REPRESENTATIVE_SAMPLE","US$9.74~15.62","US$1.99","7~13 days","AliExpress Selection Standard; ships from CN; tracking available","780","PASS_REPRESENTATIVE_SAMPLE_PENDING_US_STOREFRONT_PRICE","Checked in DSers Shipping info modal for Canada on 2026-07-26. Representative SKUs Black-5XL 100-120KG, White-4XL 90-100KG, Black-3XL 80-90KG, and Gray-3XL 80-90KG returned US $2.15 shipping with tracking available; applied to mapped performance shorts variants pending final spot-check before ad spend. Representative U.S. DSers quote on 2026-07-26: Black 5XL, Black 2XL, White 4XL, Gray 3XL, and Gray XL returned US$1.99 shipping in 7~13 days, tracking available. Applied across mapped variants pending final spot-check."
"9326917517562","Everyday Performance Shorts","clearance_summer-running-shorts-for-men-casual-jogging-sport-short-pants-wave-pattern-solid-color-drawstring-loose-dry-gym-sport","ACTIVE","yes","49738551034106","Gray / 2XL  70-80KG","14:691#Gray;5:4182#2XL  70-80KG","True","49","34.32","13.73","4.00","yes","13.73","3.03","7~12 days","AliExpress Selection Standard; ships from CN; DSers displayed US $2.15 shipping","780","PASS_REPRESENTATIVE_SAMPLE","US$9.74~15.62","US$1.99","7~13 days","AliExpress Selection Standard; ships from CN; tracking available","780","PASS_REPRESENTATIVE_SAMPLE_PENDING_US_STOREFRONT_PRICE","Checked in DSers Shipping info modal for Canada on 2026-07-26. Representative SKUs Black-5XL 100-120KG, White-4XL 90-100KG, Black-3XL 80-90KG, and Gray-3XL 80-90KG returned US $2.15 shipping with tracking available; applied to mapped performance shorts variants pending final spot-check before ad spend. Representative U.S. DSers quote on 2026-07-26: Black 5XL, Black 2XL, White 4XL, Gray 3XL, and Gray XL returned US$1.99 shipping in 7~13 days, tracking available. Applied across mapped variants pending final spot-check."
"9326917517562","Everyday Performance Shorts","clearance_summer-running-shorts-for-men-casual-jogging-sport-short-pants-wave-pattern-solid-color-drawstring-loose-dry-gym-sport","ACTIVE","yes","49738550575354","Gray / 3XL  80-90KG","14:691#Gray;5:4183#3XL  80-90KG","True","1","46.24","18.49","5.50","yes","18.49","3.03","7~12 days","AliExpress Selection Standard; ships from CN; DSers displayed US $2.15 shipping","780","PASS_REPRESENTATIVE_SAMPLE","US$9.74~15.62","US$1.99","7~13 days","AliExpress Selection Standard; ships from CN; tracking available","780","PASS_REPRESENTATIVE_SAMPLE_PENDING_US_STOREFRONT_PRICE","Checked in DSers Shipping info modal for Canada on 2026-07-26. Representative SKUs Black-5XL 100-120KG, White-4XL 90-100KG, Black-3XL 80-90KG, and Gray-3XL 80-90KG returned US $2.15 shipping with tracking available; applied to mapped performance shorts variants pending final spot-check before ad spend. Representative U.S. DSers quote on 2026-07-26: Black 5XL, Black 2XL, White 4XL, Gray 3XL, and Gray XL returned US$1.99 shipping in 7~13 days, tracking available. Applied across mapped variants pending final spot-check."
"9326917517562","Everyday Performance Shorts","clearance_summer-running-shorts-for-men-casual-jogging-sport-short-pants-wave-pattern-solid-color-drawstring-loose-dry-gym-sport","ACTIVE","yes","49738550608122","Gray / 4XL  90-100KG","14:691#Gray;5:200000990#4XL  90-100KG","True","50","46.66","18.66","5.55","yes","18.66","3.03","7~12 days","AliExpress Selection Standard; ships from CN; DSers displayed US $2.15 shipping","780","PASS_REPRESENTATIVE_SAMPLE","US$9.74~15.62","US$1.99","7~13 days","AliExpress Selection Standard; ships from CN; tracking available","780","PASS_REPRESENTATIVE_SAMPLE_PENDING_US_STOREFRONT_PRICE","Checked in DSers Shipping info modal for Canada on 2026-07-26. Representative SKUs Black-5XL 100-120KG, White-4XL 90-100KG, Black-3XL 80-90KG, and Gray-3XL 80-90KG returned US $2.15 shipping with tracking available; applied to mapped performance shorts variants pending final spot-check before ad spend. Representative U.S. DSers quote on 2026-07-26: Black 5XL, Black 2XL, White 4XL, Gray 3XL, and Gray XL returned US$1.99 shipping in 7~13 days, tracking available. Applied across mapped variants pending final spot-check."
"9326917517562","Everyday Performance Shorts","clearance_summer-running-shorts-for-men-casual-jogging-sport-short-pants-wave-pattern-solid-color-drawstring-loose-dry-gym-sport","ACTIVE","yes","49738550706426","Gray / 5XL  100-120KG","14:691#Gray;5:200000991#5XL  100-120KG","True","44","47.19","18.87","5.62","yes","18.87","3.03","7~12 days","AliExpress Selection Standard; ships from CN; DSers displayed US $2.15 shipping","780","PASS_REPRESENTATIVE_SAMPLE","US$9.74~15.62","US$1.99","7~13 days","AliExpress Selection Standard; ships from CN; tracking available","780","PASS_REPRESENTATIVE_SAMPLE_PENDING_US_STOREFRONT_PRICE","Checked in DSers Shipping info modal for Canada on 2026-07-26. Representative SKUs Black-5XL 100-120KG, White-4XL 90-100KG, Black-3XL 80-90KG, and Gray-3XL 80-90KG returned US $2.15 shipping with tracking available; applied to mapped performance shorts variants pending final spot-check before ad spend. Representative U.S. DSers quote on 2026-07-26: Black 5XL, Black 2XL, White 4XL, Gray 3XL, and Gray XL returned US$1.99 shipping in 7~13 days, tracking available. Applied across mapped variants pending final spot-check."
"9326917517562","Everyday Performance Shorts","clearance_summer-running-shorts-for-men-casual-jogging-sport-short-pants-wave-pattern-solid-color-drawstring-loose-dry-gym-sport","ACTIVE","yes","49738550870266","Gray / L  50-60KG","14:691#Gray;5:361385#L  50-60KG","True","20","54.99","22.00","6.59","yes","22.00","3.03","7~12 days","AliExpress Selection Standard; ships from CN; DSers displayed US $2.15 shipping","780","PASS_REPRESENTATIVE_SAMPLE","US$9.74~15.62","US$1.99","7~13 days","AliExpress Selection Standard; ships from CN; tracking available","780","PASS_REPRESENTATIVE_SAMPLE_PENDING_US_STOREFRONT_PRICE","Checked in DSers Shipping info modal for Canada on 2026-07-26. Representative SKUs Black-5XL 100-120KG, White-4XL 90-100KG, Black-3XL 80-90KG, and Gray-3XL 80-90KG returned US $2.15 shipping with tracking available; applied to mapped performance shorts variants pending final spot-check before ad spend. Representative U.S. DSers quote on 2026-07-26: Black 5XL, Black 2XL, White 4XL, Gray 3XL, and Gray XL returned US$1.99 shipping in 7~13 days, tracking available. Applied across mapped variants pending final spot-check."
"9326917517562","Everyday Performance Shorts","clearance_summer-running-shorts-for-men-casual-jogging-sport-short-pants-wave-pattern-solid-color-drawstring-loose-dry-gym-sport","ACTIVE","yes","49738550673658","Gray / M","14:691#Gray;5:361386","True","47","45.29","18.11","5.38","yes","18.11","3.03","7~12 days","AliExpress Selection Standard; ships from CN; DSers displayed US $2.15 shipping","780","PASS_REPRESENTATIVE_SAMPLE","US$9.74~15.62","US$1.99","7~13 days","AliExpress Selection Standard; ships from CN; tracking available","780","PASS_REPRESENTATIVE_SAMPLE_PENDING_US_STOREFRONT_PRICE","Checked in DSers Shipping info modal for Canada on 2026-07-26. Representative SKUs Black-5XL 100-120KG, White-4XL 90-100KG, Black-3XL 80-90KG, and Gray-3XL 80-90KG returned US $2.15 shipping with tracking available; applied to mapped performance shorts variants pending final spot-check before ad spend. Representative U.S. DSers quote on 2026-07-26: Black 5XL, Black 2XL, White 4XL, Gray 3XL, and Gray XL returned US$1.99 shipping in 7~13 days, tracking available. Applied across mapped variants pending final spot-check."
"9326917517562","Everyday Performance Shorts","clearance_summer-running-shorts-for-men-casual-jogging-sport-short-pants-wave-pattern-solid-color-drawstring-loose-dry-gym-sport","ACTIVE","yes","49738550640890","Gray / XL  60-70KG","14:691#Gray;5:100014065#XL  60-70KG","True","45","46.06","18.42","5.48","yes","18.42","3.03","7~12 days","AliExpress Selection Standard; ships from CN; DSers displayed US $2.15 shipping","780","PASS_REPRESENTATIVE_SAMPLE","US$9.74~15.62","US$1.99","7~13 days","AliExpress Selection Standard; ships from CN; tracking available","780","PASS_REPRESENTATIVE_SAMPLE_PENDING_US_STOREFRONT_PRICE","Checked in DSers Shipping info modal for Canada on 2026-07-26. Representative SKUs Black-5XL 100-120KG, White-4XL 90-100KG, Black-3XL 80-90KG, and Gray-3XL 80-90KG returned US $2.15 shipping with tracking available; applied to mapped performance shorts variants pending final spot-check before ad spend. Representative U.S. DSers quote on 2026-07-26: Black 5XL, Black 2XL, White 4XL, Gray 3XL, and Gray XL returned US$1.99 shipping in 7~13 days, tracking available. Applied across mapped variants pending final spot-check."
"9326917517562","Everyday Performance Shorts","clearance_summer-running-shorts-for-men-casual-jogging-sport-short-pants-wave-pattern-solid-color-drawstring-loose-dry-gym-sport","ACTIVE","yes","49738551066874","White / 2XL  70-80KG","14:29#White;5:4182#2XL  70-80KG","True","4","46.73","18.69","5.56","yes","18.69","3.03","7~12 days","AliExpress Selection Standard; ships from CN; DSers displayed US $2.15 shipping","780","PASS_REPRESENTATIVE_SAMPLE","US$9.74~15.62","US$1.99","7~13 days","AliExpress Selection Standard; ships from CN; tracking available","780","PASS_REPRESENTATIVE_SAMPLE_PENDING_US_STOREFRONT_PRICE","Checked in DSers Shipping info modal for Canada on 2026-07-26. Representative SKUs Black-5XL 100-120KG, White-4XL 90-100KG, Black-3XL 80-90KG, and Gray-3XL 80-90KG returned US $2.15 shipping with tracking available; applied to mapped performance shorts variants pending final spot-check before ad spend. Representative U.S. DSers quote on 2026-07-26: Black 5XL, Black 2XL, White 4XL, Gray 3XL, and Gray XL returned US$1.99 shipping in 7~13 days, tracking available. Applied across mapped variants pending final spot-check."
"9326917517562","Everyday Performance Shorts","clearance_summer-running-shorts-for-men-casual-jogging-sport-short-pants-wave-pattern-solid-color-drawstring-loose-dry-gym-sport","ACTIVE","yes","49738550903034","White / 3XL  80-90KG","14:29#White;5:4183#3XL  80-90KG","True","39","46.66","18.66","5.55","yes","18.66","3.03","7~12 days","AliExpress Selection Standard; ships from CN; DSers displayed US $2.15 shipping","780","PASS_REPRESENTATIVE_SAMPLE","US$9.74~15.62","US$1.99","7~13 days","AliExpress Selection Standard; ships from CN; tracking available","780","PASS_REPRESENTATIVE_SAMPLE_PENDING_US_STOREFRONT_PRICE","Checked in DSers Shipping info modal for Canada on 2026-07-26. Representative SKUs Black-5XL 100-120KG, White-4XL 90-100KG, Black-3XL 80-90KG, and Gray-3XL 80-90KG returned US $2.15 shipping with tracking available; applied to mapped performance shorts variants pending final spot-check before ad spend. Representative U.S. DSers quote on 2026-07-26: Black 5XL, Black 2XL, White 4XL, Gray 3XL, and Gray XL returned US$1.99 shipping in 7~13 days, tracking available. Applied across mapped variants pending final spot-check."
"9326917517562","Everyday Performance Shorts","clearance_summer-running-shorts-for-men-casual-jogging-sport-short-pants-wave-pattern-solid-color-drawstring-loose-dry-gym-sport","ACTIVE","yes","49738550477050","White / 4XL  90-100KG","14:29#White;5:200000990#4XL  90-100KG","True","97","44.94","17.97","5.34","yes","17.97","3.03","7~12 days","AliExpress Selection Standard; ships from CN; DSers displayed US $2.15 shipping","780","PASS_REPRESENTATIVE_SAMPLE","US$9.74~15.62","US$1.99","7~13 days","AliExpress Selection Standard; ships from CN; tracking available","780","PASS_REPRESENTATIVE_SAMPLE_PENDING_US_STOREFRONT_PRICE","Checked in DSers Shipping info modal for Canada on 2026-07-26. Representative SKUs Black-5XL 100-120KG, White-4XL 90-100KG, Black-3XL 80-90KG, and Gray-3XL 80-90KG returned US $2.15 shipping with tracking available; applied to mapped performance shorts variants pending final spot-check before ad spend. Representative U.S. DSers quote on 2026-07-26: Black 5XL, Black 2XL, White 4XL, Gray 3XL, and Gray XL returned US$1.99 shipping in 7~13 days, tracking available. Applied across mapped variants pending final spot-check."
"9326917517562","Everyday Performance Shorts","clearance_summer-running-shorts-for-men-casual-jogging-sport-short-pants-wave-pattern-solid-color-drawstring-loose-dry-gym-sport","ACTIVE","yes","49738551099642","White / 5XL  100-120KG","14:29#White;5:200000991#5XL  100-120KG","True","77","46.55","18.62","5.54","yes","18.62","3.03","7~12 days","AliExpress Selection Standard; ships from CN; DSers displayed US $2.15 shipping","780","PASS_REPRESENTATIVE_SAMPLE","US$9.74~15.62","US$1.99","7~13 days","AliExpress Selection Standard; ships from CN; tracking available","780","PASS_REPRESENTATIVE_SAMPLE_PENDING_US_STOREFRONT_PRICE","Checked in DSers Shipping info modal for Canada on 2026-07-26. Representative SKUs Black-5XL 100-120KG, White-4XL 90-100KG, Black-3XL 80-90KG, and Gray-3XL 80-90KG returned US $2.15 shipping with tracking available; applied to mapped performance shorts variants pending final spot-check before ad spend. Representative U.S. DSers quote on 2026-07-26: Black 5XL, Black 2XL, White 4XL, Gray 3XL, and Gray XL returned US$1.99 shipping in 7~13 days, tracking available. Applied across mapped variants pending final spot-check."
"9326917517562","Everyday Performance Shorts","clearance_summer-running-shorts-for-men-casual-jogging-sport-short-pants-wave-pattern-solid-color-drawstring-loose-dry-gym-sport","ACTIVE","yes","49738550968570","White / L  50-60KG","14:29#White;5:361385#L  50-60KG","True","1","43.21","17.29","5.11","yes","17.29","3.03","7~12 days","AliExpress Selection Standard; ships from CN; DSers displayed US $2.15 shipping","780","PASS_REPRESENTATIVE_SAMPLE","US$9.74~15.62","US$1.99","7~13 days","AliExpress Selection Standard; ships from CN; tracking available","780","PASS_REPRESENTATIVE_SAMPLE_PENDING_US_STOREFRONT_PRICE","Checked in DSers Shipping info modal for Canada on 2026-07-26. Representative SKUs Black-5XL 100-120KG, White-4XL 90-100KG, Black-3XL 80-90KG, and Gray-3XL 80-90KG returned US $2.15 shipping with tracking available; applied to mapped performance shorts variants pending final spot-check before ad spend. Representative U.S. DSers quote on 2026-07-26: Black 5XL, Black 2XL, White 4XL, Gray 3XL, and Gray XL returned US$1.99 shipping in 7~13 days, tracking available. Applied across mapped variants pending final spot-check."
"9326917517562","Everyday Performance Shorts","clearance_summer-running-shorts-for-men-casual-jogging-sport-short-pants-wave-pattern-solid-color-drawstring-loose-dry-gym-sport","ACTIVE","yes","49738550739194","White / M","14:29#White;5:361386","True","44","45.08","18.03","5.35","yes","18.03","3.03","7~12 days","AliExpress Selection Standard; ships from CN; DSers displayed US $2.15 shipping","780","PASS_REPRESENTATIVE_SAMPLE","US$9.74~15.62","US$1.99","7~13 days","AliExpress Selection Standard; ships from CN; tracking available","780","PASS_REPRESENTATIVE_SAMPLE_PENDING_US_STOREFRONT_PRICE","Checked in DSers Shipping info modal for Canada on 2026-07-26. Representative SKUs Black-5XL 100-120KG, White-4XL 90-100KG, Black-3XL 80-90KG, and Gray-3XL 80-90KG returned US $2.15 shipping with tracking available; applied to mapped performance shorts variants pending final spot-check before ad spend. Representative U.S. DSers quote on 2026-07-26: Black 5XL, Black 2XL, White 4XL, Gray 3XL, and Gray XL returned US$1.99 shipping in 7~13 days, tracking available. Applied across mapped variants pending final spot-check."
"9326917517562","Everyday Performance Shorts","clearance_summer-running-shorts-for-men-casual-jogging-sport-short-pants-wave-pattern-solid-color-drawstring-loose-dry-gym-sport","ACTIVE","yes","49738550935802","White / XL  60-70KG","14:29#White;5:100014065#XL  60-70KG","True","3","45.92","18.37","5.45","yes","18.37","3.03","7~12 days","AliExpress Selection Standard; ships from CN; DSers displayed US $2.15 shipping","780","PASS_REPRESENTATIVE_SAMPLE","US$9.74~15.62","US$1.99","7~13 days","AliExpress Selection Standard; ships from CN; tracking available","780","PASS_REPRESENTATIVE_SAMPLE_PENDING_US_STOREFRONT_PRICE","Checked in DSers Shipping info modal for Canada on 2026-07-26. Representative SKUs Black-5XL 100-120KG, White-4XL 90-100KG, Black-3XL 80-90KG, and Gray-3XL 80-90KG returned US $2.15 shipping with tracking available; applied to mapped performance shorts variants pending final spot-check before ad spend. Representative U.S. DSers quote on 2026-07-26: Black 5XL, Black 2XL, White 4XL, Gray 3XL, and Gray XL returned US$1.99 shipping in 7~13 days, tracking available. Applied across mapped variants pending final spot-check."
"9326918664442","Everyday Polarized Sunglasses","nd-dimming-glasses-polarized-sunglasses-men-women-round-retro-punk-driving-eyeglasses-outdoor-shades-uv400-adjustable-eyewear","ACTIVE","yes","49738571055354","BLACK BLACK / China Mainland","200007763:201336100;73:193#BLACK BLACK","True","337","29.99","9.14","6.32","yes","9.14","3.03","6~11 days","AliExpress Selection Standard; ships from CN; DSers displayed US $2.15 shipping","104282","PASS_TIGHT","US$6.22~8.28","US$1.99","7~11 days","AliExpress Selection Standard; ships from CN; tracking available","104282","PASS_SHIPPING_PENDING_US_STOREFRONT_PRICE","Checked in DSers Shipping info modal for Canada on 2026-07-26. All three sunglasses SKUs returned US $2.15 shipping with tracking available; batch worksheet shipping_cap_ca was blank and should be recalculated before final pricing lock. Final cap check: CA$3.03 shipping is within the CA$3.29 allowance by CA$0.26; approved as tight-margin launch on 2026-07-26. U.S. quote checked in DSers on 2026-07-26: US$1.99 shipping, 7~11 days, tracking available."
"9326918664442","Everyday Polarized Sunglasses","nd-dimming-glasses-polarized-sunglasses-men-women-round-retro-punk-driving-eyeglasses-outdoor-shades-uv400-adjustable-eyewear","ACTIVE","yes","49738571120890","GOLD BLACK / China Mainland","200007763:201336100;73:350850#GOLD BLACK","True","51984","29.99","12.14","3.32","yes","12.14","3.03","8~13 days","AliExpress Selection Standard; ships from CN; DSers displayed US $2.15 shipping","104282","PASS_TIGHT","US$6.22~8.28","US$1.99","9~14 days","AliExpress Selection Standard; ships from CN; tracking available","104282","PASS_SHIPPING_PENDING_US_STOREFRONT_PRICE","Checked in DSers Shipping info modal for Canada on 2026-07-26. All three sunglasses SKUs returned US $2.15 shipping with tracking available; batch worksheet shipping_cap_ca was blank and should be recalculated before final pricing lock. Final cap check: CA$3.03 shipping is within the CA$3.29 allowance by CA$0.26; approved as tight-margin launch on 2026-07-26. U.S. quote checked in DSers on 2026-07-26: US$1.99 shipping, 9~14 days, tracking available."
"9326918664442","Everyday Polarized Sunglasses","nd-dimming-glasses-polarized-sunglasses-men-women-round-retro-punk-driving-eyeglasses-outdoor-shades-uv400-adjustable-eyewear","ACTIVE","yes","49738571088122","SILVER BLACK / China Mainland","200007763:201336100;73:350853#SILVER BLACK","True","51971","29.99","12.17","3.29","yes","12.17","3.03","8~13 days","AliExpress Selection Standard; ships from CN; DSers displayed US $2.15 shipping","104282","PASS_TIGHT","US$6.22~8.28","US$1.99","7~11 days","AliExpress Selection Standard; ships from CN; tracking available","104282","PASS_SHIPPING_PENDING_US_STOREFRONT_PRICE","Checked in DSers Shipping info modal for Canada on 2026-07-26. All three sunglasses SKUs returned US $2.15 shipping with tracking available; batch worksheet shipping_cap_ca was blank and should be recalculated before final pricing lock. Final cap check: CA$3.03 shipping is within the CA$3.29 allowance by CA$0.26; approved as tight-margin launch on 2026-07-26. U.S. quote checked in DSers on 2026-07-26: US$1.99 shipping, 7~11 days, tracking available."
"9326917845242","Everyday Printed Joggers","2024-mens-print-pants-autumn-winter-new-in-mens-clothing-trousers-sport-jogging-fitness-running-trousers-harajuku-streetwear","ACTIVE","yes","49738555851002","L / BLACK","14:193#BLACK;5:361385","True","9","25.99","9.97","3.38","yes","9.97","3.03","6~11 days","AliExpress Selection Standard; ships from CN; DSers displayed US $2.15 shipping","160","FAIL_REPRICE_REQUIRED","US$6.20~7.63","US$1.99","7~11 days","AliExpress Selection Standard; ships from CN; tracking available","160","PASS_REPRESENTATIVE_SAMPLE_PENDING_US_STOREFRONT_PRICE","Representative DSers quote on 2026-07-26 across M/S/XXL/XXXL navy, M/XXL grey, and XL black. Canada returned US$2.15 shipping in 6~11 days; United States returned US$1.99 shipping in 7~11 days; tracking available. Canada rows below the CA$3.03 shipping allowance require repricing before activation."
"9326917845242","Everyday Printed Joggers","2024-mens-print-pants-autumn-winter-new-in-mens-clothing-trousers-sport-jogging-fitness-running-trousers-harajuku-streetwear","ACTIVE","yes","49738555752698","L / GREY","14:691#GREY;5:361385","True","20","25.99","9.86","3.49","yes","9.86","3.03","6~11 days","AliExpress Selection Standard; ships from CN; DSers displayed US $2.15 shipping","160","FAIL_REPRICE_REQUIRED","US$6.20~7.63","US$1.99","7~11 days","AliExpress Selection Standard; ships from CN; tracking available","160","PASS_REPRESENTATIVE_SAMPLE_PENDING_US_STOREFRONT_PRICE","Representative DSers quote on 2026-07-26 across M/S/XXL/XXXL navy, M/XXL grey, and XL black. Canada returned US$2.15 shipping in 6~11 days; United States returned US$1.99 shipping in 7~11 days; tracking available. Canada rows below the CA$3.03 shipping allowance require repricing before activation."
"9326917845242","Everyday Printed Joggers","2024-mens-print-pants-autumn-winter-new-in-mens-clothing-trousers-sport-jogging-fitness-running-trousers-harajuku-streetwear","ACTIVE","yes","49738556047610","L / NAVY","14:200006157#NAVY;5:361385","True","16","25.99","9.92","3.43","yes","9.92","3.03","6~11 days","AliExpress Selection Standard; ships from CN; DSers displayed US $2.15 shipping","160","FAIL_REPRICE_REQUIRED","US$6.20~7.63","US$1.99","7~11 days","AliExpress Selection Standard; ships from CN; tracking available","160","PASS_REPRESENTATIVE_SAMPLE_PENDING_US_STOREFRONT_PRICE","Representative DSers quote on 2026-07-26 across M/S/XXL/XXXL navy, M/XXL grey, and XL black. Canada returned US$2.15 shipping in 6~11 days; United States returned US$1.99 shipping in 7~11 days; tracking available. Canada rows below the CA$3.03 shipping allowance require repricing before activation."
"9326917845242","Everyday Printed Joggers","2024-mens-print-pants-autumn-winter-new-in-mens-clothing-trousers-sport-jogging-fitness-running-trousers-harajuku-streetwear","ACTIVE","yes","49738555949306","M / BLACK","14:193#BLACK;5:361386","True","9","28.02","9.13","5.29","yes","9.13","3.03","6~11 days","AliExpress Selection Standard; ships from CN; DSers displayed US $2.15 shipping","160","FAIL_REPRICE_REQUIRED","US$6.20~7.63","US$1.99","7~11 days","AliExpress Selection Standard; ships from CN; tracking available","160","PASS_REPRESENTATIVE_SAMPLE_PENDING_US_STOREFRONT_PRICE","Representative DSers quote on 2026-07-26 across M/S/XXL/XXXL navy, M/XXL grey, and XL black. Canada returned US$2.15 shipping in 6~11 days; United States returned US$1.99 shipping in 7~11 days; tracking available. Canada rows below the CA$3.03 shipping allowance require repricing before activation."
"9326917845242","Everyday Printed Joggers","2024-mens-print-pants-autumn-winter-new-in-mens-clothing-trousers-sport-jogging-fitness-running-trousers-harajuku-streetwear","ACTIVE","yes","49738555556090","M / GREY","14:691#GREY;5:361386","True","9","28.02","9.11","5.31","yes","9.11","3.03","6~11 days","AliExpress Selection Standard; ships from CN; DSers displayed US $2.15 shipping","160","FAIL_REPRICE_REQUIRED","US$6.20~7.63","US$1.99","7~11 days","AliExpress Selection Standard; ships from CN; tracking available","160","PASS_REPRESENTATIVE_SAMPLE_PENDING_US_STOREFRONT_PRICE","Representative DSers quote on 2026-07-26 across M/S/XXL/XXXL navy, M/XXL grey, and XL black. Canada returned US$2.15 shipping in 6~11 days; United States returned US$1.99 shipping in 7~11 days; tracking available. Canada rows below the CA$3.03 shipping allowance require repricing before activation."
"9326917845242","Everyday Printed Joggers","2024-mens-print-pants-autumn-winter-new-in-mens-clothing-trousers-sport-jogging-fitness-running-trousers-harajuku-streetwear","ACTIVE","yes","49738555588858","M / NAVY","14:200006157#NAVY;5:361386","True","6","28.02","11.21","3.21","yes","11.21","3.03","6~11 days","AliExpress Selection Standard; ships from CN; DSers displayed US $2.15 shipping","160","PASS_REPRESENTATIVE_SAMPLE","US$6.20~7.63","US$1.99","7~11 days","AliExpress Selection Standard; ships from CN; tracking available","160","PASS_REPRESENTATIVE_SAMPLE_PENDING_US_STOREFRONT_PRICE","Representative DSers quote on 2026-07-26 across M/S/XXL/XXXL navy, M/XXL grey, and XL black. Canada returned US$2.15 shipping in 6~11 days; United States returned US$1.99 shipping in 7~11 days; tracking available. Canada rows below the CA$3.03 shipping allowance require repricing before activation."
"9326917845242","Everyday Printed Joggers","2024-mens-print-pants-autumn-winter-new-in-mens-clothing-trousers-sport-jogging-fitness-running-trousers-harajuku-streetwear","ACTIVE","yes","49738555818234","S / BLACK","14:193#BLACK;5:100014064","True","6","24.99","9.63","3.20","yes","9.63","3.03","6~11 days","AliExpress Selection Standard; ships from CN; DSers displayed US $2.15 shipping","160","FAIL_REPRICE_REQUIRED","US$6.20~7.63","US$1.99","7~11 days","AliExpress Selection Standard; ships from CN; tracking available","160","PASS_REPRESENTATIVE_SAMPLE_PENDING_US_STOREFRONT_PRICE","Representative DSers quote on 2026-07-26 across M/S/XXL/XXXL navy, M/XXL grey, and XL black. Canada returned US$2.15 shipping in 6~11 days; United States returned US$1.99 shipping in 7~11 days; tracking available. Canada rows below the CA$3.03 shipping allowance require repricing before activation."
"9326917845242","Everyday Printed Joggers","2024-mens-print-pants-autumn-winter-new-in-mens-clothing-trousers-sport-jogging-fitness-running-trousers-harajuku-streetwear","ACTIVE","yes","49738555982074","S / GREY","14:691#GREY;5:100014064","True","11","24.99","9.69","3.14","yes","9.69","3.03","6~11 days","AliExpress Selection Standard; ships from CN; DSers displayed US $2.15 shipping","160","FAIL_REPRICE_REQUIRED","US$6.20~7.63","US$1.99","7~11 days","AliExpress Selection Standard; ships from CN; tracking available","160","PASS_REPRESENTATIVE_SAMPLE_PENDING_US_STOREFRONT_PRICE","Representative DSers quote on 2026-07-26 across M/S/XXL/XXXL navy, M/XXL grey, and XL black. Canada returned US$2.15 shipping in 6~11 days; United States returned US$1.99 shipping in 7~11 days; tracking available. Canada rows below the CA$3.03 shipping allowance require repricing before activation."
"9326917845242","Everyday Printed Joggers","2024-mens-print-pants-autumn-winter-new-in-mens-clothing-trousers-sport-jogging-fitness-running-trousers-harajuku-streetwear","ACTIVE","yes","49738555719930","S / NAVY","14:200006157#NAVY;5:100014064","True","6","24.99","9.62","3.21","yes","9.62","3.03","6~11 days","AliExpress Selection Standard; ships from CN; DSers displayed US $2.15 shipping","160","FAIL_REPRICE_REQUIRED","US$6.20~7.63","US$1.99","7~11 days","AliExpress Selection Standard; ships from CN; tracking available","160","PASS_REPRESENTATIVE_SAMPLE_PENDING_US_STOREFRONT_PRICE","Representative DSers quote on 2026-07-26 across M/S/XXL/XXXL navy, M/XXL grey, and XL black. Canada returned US$2.15 shipping in 6~11 days; United States returned US$1.99 shipping in 7~11 days; tracking available. Canada rows below the CA$3.03 shipping allowance require repricing before activation."
"9326917845242","Everyday Printed Joggers","2024-mens-print-pants-autumn-winter-new-in-mens-clothing-trousers-sport-jogging-fitness-running-trousers-harajuku-streetwear","ACTIVE","yes","49738555785466","XL / BLACK","14:193#BLACK;5:100014065","True","10","27.53","11.01","3.15","yes","11.01","3.03","6~11 days","AliExpress Selection Standard; ships from CN; DSers displayed US $2.15 shipping","160","PASS_REPRESENTATIVE_SAMPLE","US$6.20~7.63","US$1.99","7~11 days","AliExpress Selection Standard; ships from CN; tracking available","160","PASS_REPRESENTATIVE_SAMPLE_PENDING_US_STOREFRONT_PRICE","Representative DSers quote on 2026-07-26 across M/S/XXL/XXXL navy, M/XXL grey, and XL black. Canada returned US$2.15 shipping in 6~11 days; United States returned US$1.99 shipping in 7~11 days; tracking available. Canada rows below the CA$3.03 shipping allowance require repricing before activation."
"9326917845242","Everyday Printed Joggers","2024-mens-print-pants-autumn-winter-new-in-mens-clothing-trousers-sport-jogging-fitness-running-trousers-harajuku-streetwear","ACTIVE","yes","49738555687162","XL / GREY","14:691#GREY;5:100014065","True","9","27.53","10.03","4.13","yes","10.03","3.03","6~11 days","AliExpress Selection Standard; ships from CN; DSers displayed US $2.15 shipping","160","FAIL_REPRICE_REQUIRED","US$6.20~7.63","US$1.99","7~11 days","AliExpress Selection Standard; ships from CN; tracking available","160","PASS_REPRESENTATIVE_SAMPLE_PENDING_US_STOREFRONT_PRICE","Representative DSers quote on 2026-07-26 across M/S/XXL/XXXL navy, M/XXL grey, and XL black. Canada returned US$2.15 shipping in 6~11 days; United States returned US$1.99 shipping in 7~11 days; tracking available. Canada rows below the CA$3.03 shipping allowance require repricing before activation."
"9326917845242","Everyday Printed Joggers","2024-mens-print-pants-autumn-winter-new-in-mens-clothing-trousers-sport-jogging-fitness-running-trousers-harajuku-streetwear","ACTIVE","yes","49738555883770","XL / NAVY","14:200006157#NAVY;5:100014065","True","18","27.53","9.97","4.19","yes","9.97","3.03","6~11 days","AliExpress Selection Standard; ships from CN; DSers displayed US $2.15 shipping","160","FAIL_REPRICE_REQUIRED","US$6.20~7.63","US$1.99","7~11 days","AliExpress Selection Standard; ships from CN; tracking available","160","PASS_REPRESENTATIVE_SAMPLE_PENDING_US_STOREFRONT_PRICE","Representative DSers quote on 2026-07-26 across M/S/XXL/XXXL navy, M/XXL grey, and XL black. Canada returned US$2.15 shipping in 6~11 days; United States returned US$1.99 shipping in 7~11 days; tracking available. Canada rows below the CA$3.03 shipping allowance require repricing before activation."
"9326917845242","Everyday Printed Joggers","2024-mens-print-pants-autumn-winter-new-in-mens-clothing-trousers-sport-jogging-fitness-running-trousers-harajuku-streetwear","ACTIVE","yes","49738555916538","XXL / BLACK","14:193#BLACK;5:4182","True","11","25.99","9.97","3.38","yes","9.97","3.03","6~11 days","AliExpress Selection Standard; ships from CN; DSers displayed US $2.15 shipping","160","FAIL_REPRICE_REQUIRED","US$6.20~7.63","US$1.99","7~11 days","AliExpress Selection Standard; ships from CN; tracking available","160","PASS_REPRESENTATIVE_SAMPLE_PENDING_US_STOREFRONT_PRICE","Representative DSers quote on 2026-07-26 across M/S/XXL/XXXL navy, M/XXL grey, and XL black. Canada returned US$2.15 shipping in 6~11 days; United States returned US$1.99 shipping in 7~11 days; tracking available. Canada rows below the CA$3.03 shipping allowance require repricing before activation."
"9326917845242","Everyday Printed Joggers","2024-mens-print-pants-autumn-winter-new-in-mens-clothing-trousers-sport-jogging-fitness-running-trousers-harajuku-streetwear","ACTIVE","yes","49738555654394","XXL / GREY","14:691#GREY;5:4182","True","6","25.99","10.30","3.05","yes","10.30","3.03","6~11 days","AliExpress Selection Standard; ships from CN; DSers displayed US $2.15 shipping","160","FAIL_REPRICE_REQUIRED","US$6.20~7.63","US$1.99","7~11 days","AliExpress Selection Standard; ships from CN; tracking available","160","PASS_REPRESENTATIVE_SAMPLE_PENDING_US_STOREFRONT_PRICE","Representative DSers quote on 2026-07-26 across M/S/XXL/XXXL navy, M/XXL grey, and XL black. Canada returned US$2.15 shipping in 6~11 days; United States returned US$1.99 shipping in 7~11 days; tracking available. Canada rows below the CA$3.03 shipping allowance require repricing before activation."
"9326917845242","Everyday Printed Joggers","2024-mens-print-pants-autumn-winter-new-in-mens-clothing-trousers-sport-jogging-fitness-running-trousers-harajuku-streetwear","ACTIVE","yes","49738556113146","XXL / NAVY","14:200006157#NAVY;5:4182","True","7","25.99","10.17","3.18","yes","10.17","3.03","6~11 days","AliExpress Selection Standard; ships from CN; DSers displayed US $2.15 shipping","160","FAIL_REPRICE_REQUIRED","US$6.20~7.63","US$1.99","7~11 days","AliExpress Selection Standard; ships from CN; tracking available","160","PASS_REPRESENTATIVE_SAMPLE_PENDING_US_STOREFRONT_PRICE","Representative DSers quote on 2026-07-26 across M/S/XXL/XXXL navy, M/XXL grey, and XL black. Canada returned US$2.15 shipping in 6~11 days; United States returned US$1.99 shipping in 7~11 days; tracking available. Canada rows below the CA$3.03 shipping allowance require repricing before activation."
"9326917845242","Everyday Printed Joggers","2024-mens-print-pants-autumn-winter-new-in-mens-clothing-trousers-sport-jogging-fitness-running-trousers-harajuku-streetwear","ACTIVE","yes","49738556080378","XXXL / BLACK","14:193#BLACK;5:4183","True","5","26.99","10.38","3.50","yes","10.38","3.03","6~11 days","AliExpress Selection Standard; ships from CN; DSers displayed US $2.15 shipping","160","FAIL_REPRICE_REQUIRED","US$6.20~7.63","US$1.99","7~11 days","AliExpress Selection Standard; ships from CN; tracking available","160","PASS_REPRESENTATIVE_SAMPLE_PENDING_US_STOREFRONT_PRICE","Representative DSers quote on 2026-07-26 across M/S/XXL/XXXL navy, M/XXL grey, and XL black. Canada returned US$2.15 shipping in 6~11 days; United States returned US$1.99 shipping in 7~11 days; tracking available. Canada rows below the CA$3.03 shipping allowance require repricing before activation."
"9326917845242","Everyday Printed Joggers","2024-mens-print-pants-autumn-winter-new-in-mens-clothing-trousers-sport-jogging-fitness-running-trousers-harajuku-streetwear","ACTIVE","yes","49738556014842","XXXL / GREY","14:691#GREY;5:4183","True","11","26.99","10.75","3.13","yes","10.75","3.03","6~11 days","AliExpress Selection Standard; ships from CN; DSers displayed US $2.15 shipping","160","PASS_REPRESENTATIVE_SAMPLE","US$6.20~7.63","US$1.99","7~11 days","AliExpress Selection Standard; ships from CN; tracking available","160","PASS_REPRESENTATIVE_SAMPLE_PENDING_US_STOREFRONT_PRICE","Representative DSers quote on 2026-07-26 across M/S/XXL/XXXL navy, M/XXL grey, and XL black. Canada returned US$2.15 shipping in 6~11 days; United States returned US$1.99 shipping in 7~11 days; tracking available. Canada rows below the CA$3.03 shipping allowance require repricing before activation."
"9326917845242","Everyday Printed Joggers","2024-mens-print-pants-autumn-winter-new-in-mens-clothing-trousers-sport-jogging-fitness-running-trousers-harajuku-streetwear","ACTIVE","yes","49738555621626","XXXL / NAVY","14:200006157#NAVY;5:4183","True","7","26.99","10.69","3.19","yes","10.69","3.03","6~11 days","AliExpress Selection Standard; ships from CN; DSers displayed US $2.15 shipping","160","PASS_REPRESENTATIVE_SAMPLE","US$6.20~7.63","US$1.99","7~11 days","AliExpress Selection Standard; ships from CN; tracking available","160","PASS_REPRESENTATIVE_SAMPLE_PENDING_US_STOREFRONT_PRICE","Representative DSers quote on 2026-07-26 across M/S/XXL/XXXL navy, M/XXL grey, and XL black. Canada returned US$2.15 shipping in 6~11 days; United States returned US$1.99 shipping in 7~11 days; tracking available. Canada rows below the CA$3.03 shipping allowance require repricing before activation."
"9326918074618","Everyday Pullover Hoodie","mens-casual-sports-hoodie-spring-autumn-fashion-solid-color-long-sleeved-pullover-with-arm-pocket-and-pull-rope-plus-size","DRAFT","no","49738560209146","L / image color","14:366#image color;5:361385","True","100","55.99","25.70","3.41","yes","25.70","3.03","8~14 days sampled range","AliExpress Selection Standard; ships from CN; DSers displayed US$1.99~2.15 shipping; tracking available","100","FAIL_REPRICE_REQUIRED","25.70","US$1.99","9~14 days","AliExpress Selection Standard; ships from CN; tracking available","100","PASS_REPRESENTATIVE_SAMPLE_PENDING_US_STOREFRONT_PRICE","DSers Shipping info checked 2026-07-26. Representative M-image color and XXL-image color SKUs returned Canada shipping of US$2.15 (8~13 days) and US$1.99 (9~14 days), respectively; both tracked from CN. U.S. representative samples returned US$1.99 in 9~14 days. Canada decision uses the conservative CA$3.03 shipping floor. Product remains on content hold until unsupported Canadian-warehouse, fast-shipping, premium-quality, and guarantee claims are removed."
"9326918074618","Everyday Pullover Hoodie","mens-casual-sports-hoodie-spring-autumn-fashion-solid-color-long-sleeved-pullover-with-arm-pocket-and-pull-rope-plus-size","DRAFT","no","49738560012538","L / image color 1","14:29#image color;5:361385","True","100","55.99","25.70","3.41","yes","25.70","3.03","8~14 days sampled range","AliExpress Selection Standard; ships from CN; DSers displayed US$1.99~2.15 shipping; tracking available","100","FAIL_REPRICE_REQUIRED","25.70","US$1.99","9~14 days","AliExpress Selection Standard; ships from CN; tracking available","100","PASS_REPRESENTATIVE_SAMPLE_PENDING_US_STOREFRONT_PRICE","DSers Shipping info checked 2026-07-26. Representative M-image color and XXL-image color SKUs returned Canada shipping of US$2.15 (8~13 days) and US$1.99 (9~14 days), respectively; both tracked from CN. U.S. representative samples returned US$1.99 in 9~14 days. Canada decision uses the conservative CA$3.03 shipping floor. Product remains on content hold until unsupported Canadian-warehouse, fast-shipping, premium-quality, and guarantee claims are removed."
"9326918074618","Everyday Pullover Hoodie","mens-casual-sports-hoodie-spring-autumn-fashion-solid-color-long-sleeved-pullover-with-arm-pocket-and-pull-rope-plus-size","DRAFT","no","49738560536826","L / image color 2","14:1254#image color;5:361385","True","100","55.99","25.70","3.41","yes","25.70","3.03","8~14 days sampled range","AliExpress Selection Standard; ships from CN; DSers displayed US$1.99~2.15 shipping; tracking available","100","FAIL_REPRICE_REQUIRED","25.70","US$1.99","9~14 days","AliExpress Selection Standard; ships from CN; tracking available","100","PASS_REPRESENTATIVE_SAMPLE_PENDING_US_STOREFRONT_PRICE","DSers Shipping info checked 2026-07-26. Representative M-image color and XXL-image color SKUs returned Canada shipping of US$2.15 (8~13 days) and US$1.99 (9~14 days), respectively; both tracked from CN. U.S. representative samples returned US$1.99 in 9~14 days. Canada decision uses the conservative CA$3.03 shipping floor. Product remains on content hold until unsupported Canadian-warehouse, fast-shipping, premium-quality, and guarantee claims are removed."
"9326918074618","Everyday Pullover Hoodie","mens-casual-sports-hoodie-spring-autumn-fashion-solid-color-long-sleeved-pullover-with-arm-pocket-and-pull-rope-plus-size","DRAFT","no","49738560078074","L / image color 3","14:1052#image color;5:361385","True","100","55.99","25.70","3.41","yes","25.70","3.03","8~14 days sampled range","AliExpress Selection Standard; ships from CN; DSers displayed US$1.99~2.15 shipping; tracking available","100","FAIL_REPRICE_REQUIRED","25.70","US$1.99","9~14 days","AliExpress Selection Standard; ships from CN; tracking available","100","PASS_REPRESENTATIVE_SAMPLE_PENDING_US_STOREFRONT_PRICE","DSers Shipping info checked 2026-07-26. Representative M-image color and XXL-image color SKUs returned Canada shipping of US$2.15 (8~13 days) and US$1.99 (9~14 days), respectively; both tracked from CN. U.S. representative samples returned US$1.99 in 9~14 days. Canada decision uses the conservative CA$3.03 shipping floor. Product remains on content hold until unsupported Canadian-warehouse, fast-shipping, premium-quality, and guarantee claims are removed."
"9326918074618","Everyday Pullover Hoodie","mens-casual-sports-hoodie-spring-autumn-fashion-solid-color-long-sleeved-pullover-with-arm-pocket-and-pull-rope-plus-size","DRAFT","no","49738560602362","L / image color 4","14:771#image color;5:361385","True","100","54.99","24.50","4.09","yes","24.50","3.03","8~14 days sampled range","AliExpress Selection Standard; ships from CN; DSers displayed US$1.99~2.15 shipping; tracking available","100","PASS_REPRESENTATIVE_SAMPLE","24.50","US$1.99","9~14 days","AliExpress Selection Standard; ships from CN; tracking available","100","PASS_REPRESENTATIVE_SAMPLE_PENDING_US_STOREFRONT_PRICE","DSers Shipping info checked 2026-07-26. Representative M-image color and XXL-image color SKUs returned Canada shipping of US$2.15 (8~13 days) and US$1.99 (9~14 days), respectively; both tracked from CN. U.S. representative samples returned US$1.99 in 9~14 days. Canada decision uses the conservative CA$3.03 shipping floor. Product remains on content hold until unsupported Canadian-warehouse, fast-shipping, premium-quality, and guarantee claims are removed."
"9326918074618","Everyday Pullover Hoodie","mens-casual-sports-hoodie-spring-autumn-fashion-solid-color-long-sleeved-pullover-with-arm-pocket-and-pull-rope-plus-size","DRAFT","no","49738561323258","L / image color 5","14:350850#image color;5:361385","True","100","54.99","24.29","4.30","yes","24.29","3.03","8~14 days sampled range","AliExpress Selection Standard; ships from CN; DSers displayed US$1.99~2.15 shipping; tracking available","100","PASS_REPRESENTATIVE_SAMPLE","24.29","US$1.99","9~14 days","AliExpress Selection Standard; ships from CN; tracking available","100","PASS_REPRESENTATIVE_SAMPLE_PENDING_US_STOREFRONT_PRICE","DSers Shipping info checked 2026-07-26. Representative M-image color and XXL-image color SKUs returned Canada shipping of US$2.15 (8~13 days) and US$1.99 (9~14 days), respectively; both tracked from CN. U.S. representative samples returned US$1.99 in 9~14 days. Canada decision uses the conservative CA$3.03 shipping floor. Product remains on content hold until unsupported Canadian-warehouse, fast-shipping, premium-quality, and guarantee claims are removed."
"9326918074618","Everyday Pullover Hoodie","mens-casual-sports-hoodie-spring-autumn-fashion-solid-color-long-sleeved-pullover-with-arm-pocket-and-pull-rope-plus-size","DRAFT","no","49738561028346","L / image color 6","14:193#image color;5:361385","True","100","58.99","27.27","3.42","yes","27.27","3.03","8~14 days sampled range","AliExpress Selection Standard; ships from CN; DSers displayed US$1.99~2.15 shipping; tracking available","100","FAIL_REPRICE_REQUIRED","27.27","US$1.99","9~14 days","AliExpress Selection Standard; ships from CN; tracking available","100","PASS_REPRESENTATIVE_SAMPLE_PENDING_US_STOREFRONT_PRICE","DSers Shipping info checked 2026-07-26. Representative M-image color and XXL-image color SKUs returned Canada shipping of US$2.15 (8~13 days) and US$1.99 (9~14 days), respectively; both tracked from CN. U.S. representative samples returned US$1.99 in 9~14 days. Canada decision uses the conservative CA$3.03 shipping floor. Product remains on content hold until unsupported Canadian-warehouse, fast-shipping, premium-quality, and guarantee claims are removed."
"9326918074618","Everyday Pullover Hoodie","mens-casual-sports-hoodie-spring-autumn-fashion-solid-color-long-sleeved-pullover-with-arm-pocket-and-pull-rope-plus-size","DRAFT","no","49738561126650","L / image color 7","14:691#image color;5:361385","True","100","54.99","24.84","3.75","yes","24.84","3.03","8~14 days sampled range","AliExpress Selection Standard; ships from CN; DSers displayed US$1.99~2.15 shipping; tracking available","100","PASS_REPRESENTATIVE_SAMPLE","24.84","US$1.99","9~14 days","AliExpress Selection Standard; ships from CN; tracking available","100","PASS_REPRESENTATIVE_SAMPLE_PENDING_US_STOREFRONT_PRICE","DSers Shipping info checked 2026-07-26. Representative M-image color and XXL-image color SKUs returned Canada shipping of US$2.15 (8~13 days) and US$1.99 (9~14 days), respectively; both tracked from CN. U.S. representative samples returned US$1.99 in 9~14 days. Canada decision uses the conservative CA$3.03 shipping floor. Product remains on content hold until unsupported Canadian-warehouse, fast-shipping, premium-quality, and guarantee claims are removed."
"9326918074618","Everyday Pullover Hoodie","mens-casual-sports-hoodie-spring-autumn-fashion-solid-color-long-sleeved-pullover-with-arm-pocket-and-pull-rope-plus-size","DRAFT","no","49738559783162","M / image color","14:366#image color;5:361386","True","100","54.99","23.15","5.44","yes","23.15","3.03","8~14 days sampled range","AliExpress Selection Standard; ships from CN; DSers displayed US$1.99~2.15 shipping; tracking available","100","PASS_REPRESENTATIVE_SAMPLE","23.15","US$1.99","9~14 days","AliExpress Selection Standard; ships from CN; tracking available","100","PASS_REPRESENTATIVE_SAMPLE_PENDING_US_STOREFRONT_PRICE","DSers Shipping info checked 2026-07-26. Representative M-image color and XXL-image color SKUs returned Canada shipping of US$2.15 (8~13 days) and US$1.99 (9~14 days), respectively; both tracked from CN. U.S. representative samples returned US$1.99 in 9~14 days. Canada decision uses the conservative CA$3.03 shipping floor. Product remains on content hold until unsupported Canadian-warehouse, fast-shipping, premium-quality, and guarantee claims are removed."
"9326918074618","Everyday Pullover Hoodie","mens-casual-sports-hoodie-spring-autumn-fashion-solid-color-long-sleeved-pullover-with-arm-pocket-and-pull-rope-plus-size","DRAFT","no","49738559914234","M / image color 1","14:29#image color;5:361386","True","100","54.99","25.55","3.04","yes","25.55","3.03","8~14 days sampled range","AliExpress Selection Standard; ships from CN; DSers displayed US$1.99~2.15 shipping; tracking available","100","PASS_REPRESENTATIVE_SAMPLE","25.55","US$1.99","9~14 days","AliExpress Selection Standard; ships from CN; tracking available","100","PASS_REPRESENTATIVE_SAMPLE_PENDING_US_STOREFRONT_PRICE","DSers Shipping info checked 2026-07-26. Representative M-image color and XXL-image color SKUs returned Canada shipping of US$2.15 (8~13 days) and US$1.99 (9~14 days), respectively; both tracked from CN. U.S. representative samples returned US$1.99 in 9~14 days. Canada decision uses the conservative CA$3.03 shipping floor. Product remains on content hold until unsupported Canadian-warehouse, fast-shipping, premium-quality, and guarantee claims are removed."
"9326918074618","Everyday Pullover Hoodie","mens-casual-sports-hoodie-spring-autumn-fashion-solid-color-long-sleeved-pullover-with-arm-pocket-and-pull-rope-plus-size","DRAFT","no","49738560372986","M / image color 2","14:1254#image color;5:361386","True","100","54.99","25.55","3.04","yes","25.55","3.03","8~14 days sampled range","AliExpress Selection Standard; ships from CN; DSers displayed US$1.99~2.15 shipping; tracking available","100","PASS_REPRESENTATIVE_SAMPLE","25.55","US$1.99","9~14 days","AliExpress Selection Standard; ships from CN; tracking available","100","PASS_REPRESENTATIVE_SAMPLE_PENDING_US_STOREFRONT_PRICE","DSers Shipping info checked 2026-07-26. Representative M-image color and XXL-image color SKUs returned Canada shipping of US$2.15 (8~13 days) and US$1.99 (9~14 days), respectively; both tracked from CN. U.S. representative samples returned US$1.99 in 9~14 days. Canada decision uses the conservative CA$3.03 shipping floor. Product remains on content hold until unsupported Canadian-warehouse, fast-shipping, premium-quality, and guarantee claims are removed."
"9326918074618","Everyday Pullover Hoodie","mens-casual-sports-hoodie-spring-autumn-fashion-solid-color-long-sleeved-pullover-with-arm-pocket-and-pull-rope-plus-size","DRAFT","no","49738560176378","M / image color 3","14:1052#image color;5:361386","True","100","54.99","25.55","3.04","yes","25.55","3.03","8~14 days sampled range","AliExpress Selection Standard; ships from CN; DSers displayed US$1.99~2.15 shipping; tracking available","100","PASS_REPRESENTATIVE_SAMPLE","25.55","US$1.99","9~14 days","AliExpress Selection Standard; ships from CN; tracking available","100","PASS_REPRESENTATIVE_SAMPLE_PENDING_US_STOREFRONT_PRICE","DSers Shipping info checked 2026-07-26. Representative M-image color and XXL-image color SKUs returned Canada shipping of US$2.15 (8~13 days) and US$1.99 (9~14 days), respectively; both tracked from CN. U.S. representative samples returned US$1.99 in 9~14 days. Canada decision uses the conservative CA$3.03 shipping floor. Product remains on content hold until unsupported Canadian-warehouse, fast-shipping, premium-quality, and guarantee claims are removed."
"9326918074618","Everyday Pullover Hoodie","mens-casual-sports-hoodie-spring-autumn-fashion-solid-color-long-sleeved-pullover-with-arm-pocket-and-pull-rope-plus-size","DRAFT","no","49738560700666","M / image color 4","14:771#image color;5:361386","True","100","54.99","25.55","3.04","yes","25.55","3.03","8~14 days sampled range","AliExpress Selection Standard; ships from CN; DSers displayed US$1.99~2.15 shipping; tracking available","100","PASS_REPRESENTATIVE_SAMPLE","25.55","US$1.99","9~14 days","AliExpress Selection Standard; ships from CN; tracking available","100","PASS_REPRESENTATIVE_SAMPLE_PENDING_US_STOREFRONT_PRICE","DSers Shipping info checked 2026-07-26. Representative M-image color and XXL-image color SKUs returned Canada shipping of US$2.15 (8~13 days) and US$1.99 (9~14 days), respectively; both tracked from CN. U.S. representative samples returned US$1.99 in 9~14 days. Canada decision uses the conservative CA$3.03 shipping floor. Product remains on content hold until unsupported Canadian-warehouse, fast-shipping, premium-quality, and guarantee claims are removed."
"9326918074618","Everyday Pullover Hoodie","mens-casual-sports-hoodie-spring-autumn-fashion-solid-color-long-sleeved-pullover-with-arm-pocket-and-pull-rope-plus-size","DRAFT","no","49738560766202","M / image color 5","14:350850#image color;5:361386","True","100","54.99","24.46","4.13","yes","24.46","3.03","8~14 days sampled range","AliExpress Selection Standard; ships from CN; DSers displayed US$1.99~2.15 shipping; tracking available","100","PASS_REPRESENTATIVE_SAMPLE","24.46","US$1.99","9~14 days","AliExpress Selection Standard; ships from CN; tracking available","100","PASS_REPRESENTATIVE_SAMPLE_PENDING_US_STOREFRONT_PRICE","DSers Shipping info checked 2026-07-26. Representative M-image color and XXL-image color SKUs returned Canada shipping of US$2.15 (8~13 days) and US$1.99 (9~14 days), respectively; both tracked from CN. U.S. representative samples returned US$1.99 in 9~14 days. Canada decision uses the conservative CA$3.03 shipping floor. Product remains on content hold until unsupported Canadian-warehouse, fast-shipping, premium-quality, and guarantee claims are removed."
"9326918074618","Everyday Pullover Hoodie","mens-casual-sports-hoodie-spring-autumn-fashion-solid-color-long-sleeved-pullover-with-arm-pocket-and-pull-rope-plus-size","DRAFT","no","49738560995578","M / image color 6","14:193#image color;5:361386","True","100","54.99","25.44","3.15","yes","25.44","3.03","8~14 days sampled range","AliExpress Selection Standard; ships from CN; DSers displayed US$1.99~2.15 shipping; tracking available","100","PASS_REPRESENTATIVE_SAMPLE","25.44","US$1.99","9~14 days","AliExpress Selection Standard; ships from CN; tracking available","100","PASS_REPRESENTATIVE_SAMPLE_PENDING_US_STOREFRONT_PRICE","DSers Shipping info checked 2026-07-26. Representative M-image color and XXL-image color SKUs returned Canada shipping of US$2.15 (8~13 days) and US$1.99 (9~14 days), respectively; both tracked from CN. U.S. representative samples returned US$1.99 in 9~14 days. Canada decision uses the conservative CA$3.03 shipping floor. Product remains on content hold until unsupported Canadian-warehouse, fast-shipping, premium-quality, and guarantee claims are removed."
"9326918074618","Everyday Pullover Hoodie","mens-casual-sports-hoodie-spring-autumn-fashion-solid-color-long-sleeved-pullover-with-arm-pocket-and-pull-rope-plus-size","DRAFT","no","49738561093882","M / image color 7","14:691#image color;5:361386","True","100","54.99","25.55","3.04","yes","25.55","3.03","8~14 days sampled range","AliExpress Selection Standard; ships from CN; DSers displayed US$1.99~2.15 shipping; tracking available","100","PASS_REPRESENTATIVE_SAMPLE","25.55","US$1.99","9~14 days","AliExpress Selection Standard; ships from CN; tracking available","100","PASS_REPRESENTATIVE_SAMPLE_PENDING_US_STOREFRONT_PRICE","DSers Shipping info checked 2026-07-26. Representative M-image color and XXL-image color SKUs returned Canada shipping of US$2.15 (8~13 days) and US$1.99 (9~14 days), respectively; both tracked from CN. U.S. representative samples returned US$1.99 in 9~14 days. Canada decision uses the conservative CA$3.03 shipping floor. Product remains on content hold until unsupported Canadian-warehouse, fast-shipping, premium-quality, and guarantee claims are removed."
"9326918074618","Everyday Pullover Hoodie","mens-casual-sports-hoodie-spring-autumn-fashion-solid-color-long-sleeved-pullover-with-arm-pocket-and-pull-rope-plus-size","DRAFT","no","49738560274682","S / image color","14:366#image color;5:100014064","True","100","54.99","23.94","4.65","yes","23.94","3.03","8~14 days sampled range","AliExpress Selection Standard; ships from CN; DSers displayed US$1.99~2.15 shipping; tracking available","100","PASS_REPRESENTATIVE_SAMPLE","23.94","US$1.99","9~14 days","AliExpress Selection Standard; ships from CN; tracking available","100","PASS_REPRESENTATIVE_SAMPLE_PENDING_US_STOREFRONT_PRICE","DSers Shipping info checked 2026-07-26. Representative M-image color and XXL-image color SKUs returned Canada shipping of US$2.15 (8~13 days) and US$1.99 (9~14 days), respectively; both tracked from CN. U.S. representative samples returned US$1.99 in 9~14 days. Canada decision uses the conservative CA$3.03 shipping floor. Product remains on content hold until unsupported Canadian-warehouse, fast-shipping, premium-quality, and guarantee claims are removed."
"9326918074618","Everyday Pullover Hoodie","mens-casual-sports-hoodie-spring-autumn-fashion-solid-color-long-sleeved-pullover-with-arm-pocket-and-pull-rope-plus-size","DRAFT","no","49738559881466","S / image color 1","14:29#image color;5:100014064","True","100","54.99","25.40","3.19","yes","25.40","3.03","8~14 days sampled range","AliExpress Selection Standard; ships from CN; DSers displayed US$1.99~2.15 shipping; tracking available","100","PASS_REPRESENTATIVE_SAMPLE","25.40","US$1.99","9~14 days","AliExpress Selection Standard; ships from CN; tracking available","100","PASS_REPRESENTATIVE_SAMPLE_PENDING_US_STOREFRONT_PRICE","DSers Shipping info checked 2026-07-26. Representative M-image color and XXL-image color SKUs returned Canada shipping of US$2.15 (8~13 days) and US$1.99 (9~14 days), respectively; both tracked from CN. U.S. representative samples returned US$1.99 in 9~14 days. Canada decision uses the conservative CA$3.03 shipping floor. Product remains on content hold until unsupported Canadian-warehouse, fast-shipping, premium-quality, and guarantee claims are removed."
"9326918074618","Everyday Pullover Hoodie","mens-casual-sports-hoodie-spring-autumn-fashion-solid-color-long-sleeved-pullover-with-arm-pocket-and-pull-rope-plus-size","DRAFT","no","49738560340218","S / image color 2","14:1254#image color;5:100014064","True","100","54.99","24.19","4.40","yes","24.19","3.03","8~14 days sampled range","AliExpress Selection Standard; ships from CN; DSers displayed US$1.99~2.15 shipping; tracking available","100","PASS_REPRESENTATIVE_SAMPLE","24.19","US$1.99","9~14 days","AliExpress Selection Standard; ships from CN; tracking available","100","PASS_REPRESENTATIVE_SAMPLE_PENDING_US_STOREFRONT_PRICE","DSers Shipping info checked 2026-07-26. Representative M-image color and XXL-image color SKUs returned Canada shipping of US$2.15 (8~13 days) and US$1.99 (9~14 days), respectively; both tracked from CN. U.S. representative samples returned US$1.99 in 9~14 days. Canada decision uses the conservative CA$3.03 shipping floor. Product remains on content hold until unsupported Canadian-warehouse, fast-shipping, premium-quality, and guarantee claims are removed."
"9326918074618","Everyday Pullover Hoodie","mens-casual-sports-hoodie-spring-autumn-fashion-solid-color-long-sleeved-pullover-with-arm-pocket-and-pull-rope-plus-size","DRAFT","no","49738560143610","S / image color 3","14:1052#image color;5:100014064","True","100","54.99","24.18","4.41","yes","24.18","3.03","8~14 days sampled range","AliExpress Selection Standard; ships from CN; DSers displayed US$1.99~2.15 shipping; tracking available","100","PASS_REPRESENTATIVE_SAMPLE","24.18","US$1.99","9~14 days","AliExpress Selection Standard; ships from CN; tracking available","100","PASS_REPRESENTATIVE_SAMPLE_PENDING_US_STOREFRONT_PRICE","DSers Shipping info checked 2026-07-26. Representative M-image color and XXL-image color SKUs returned Canada shipping of US$2.15 (8~13 days) and US$1.99 (9~14 days), respectively; both tracked from CN. U.S. representative samples returned US$1.99 in 9~14 days. Canada decision uses the conservative CA$3.03 shipping floor. Product remains on content hold until unsupported Canadian-warehouse, fast-shipping, premium-quality, and guarantee claims are removed."
"9326918074618","Everyday Pullover Hoodie","mens-casual-sports-hoodie-spring-autumn-fashion-solid-color-long-sleeved-pullover-with-arm-pocket-and-pull-rope-plus-size","DRAFT","no","49738560667898","S / image color 4","14:771#image color;5:100014064","True","100","54.99","25.40","3.19","yes","25.40","3.03","8~14 days sampled range","AliExpress Selection Standard; ships from CN; DSers displayed US$1.99~2.15 shipping; tracking available","100","PASS_REPRESENTATIVE_SAMPLE","25.40","US$1.99","9~14 days","AliExpress Selection Standard; ships from CN; tracking available","100","PASS_REPRESENTATIVE_SAMPLE_PENDING_US_STOREFRONT_PRICE","DSers Shipping info checked 2026-07-26. Representative M-image color and XXL-image color SKUs returned Canada shipping of US$2.15 (8~13 days) and US$1.99 (9~14 days), respectively; both tracked from CN. U.S. representative samples returned US$1.99 in 9~14 days. Canada decision uses the conservative CA$3.03 shipping floor. Product remains on content hold until unsupported Canadian-warehouse, fast-shipping, premium-quality, and guarantee claims are removed."
"9326918074618","Everyday Pullover Hoodie","mens-casual-sports-hoodie-spring-autumn-fashion-solid-color-long-sleeved-pullover-with-arm-pocket-and-pull-rope-plus-size","DRAFT","no","49738560733434","S / image color 5","14:350850#image color;5:100014064","True","100","54.99","25.40","3.19","yes","25.40","3.03","8~14 days sampled range","AliExpress Selection Standard; ships from CN; DSers displayed US$1.99~2.15 shipping; tracking available","100","PASS_REPRESENTATIVE_SAMPLE","25.40","US$1.99","9~14 days","AliExpress Selection Standard; ships from CN; tracking available","100","PASS_REPRESENTATIVE_SAMPLE_PENDING_US_STOREFRONT_PRICE","DSers Shipping info checked 2026-07-26. Representative M-image color and XXL-image color SKUs returned Canada shipping of US$2.15 (8~13 days) and US$1.99 (9~14 days), respectively; both tracked from CN. U.S. representative samples returned US$1.99 in 9~14 days. Canada decision uses the conservative CA$3.03 shipping floor. Product remains on content hold until unsupported Canadian-warehouse, fast-shipping, premium-quality, and guarantee claims are removed."
"9326918074618","Everyday Pullover Hoodie","mens-casual-sports-hoodie-spring-autumn-fashion-solid-color-long-sleeved-pullover-with-arm-pocket-and-pull-rope-plus-size","DRAFT","no","49738560962810","S / image color 6","14:193#image color;5:100014064","True","100","54.99","24.02","4.57","yes","24.02","3.03","8~14 days sampled range","AliExpress Selection Standard; ships from CN; DSers displayed US$1.99~2.15 shipping; tracking available","100","PASS_REPRESENTATIVE_SAMPLE","24.02","US$1.99","9~14 days","AliExpress Selection Standard; ships from CN; tracking available","100","PASS_REPRESENTATIVE_SAMPLE_PENDING_US_STOREFRONT_PRICE","DSers Shipping info checked 2026-07-26. Representative M-image color and XXL-image color SKUs returned Canada shipping of US$2.15 (8~13 days) and US$1.99 (9~14 days), respectively; both tracked from CN. U.S. representative samples returned US$1.99 in 9~14 days. Canada decision uses the conservative CA$3.03 shipping floor. Product remains on content hold until unsupported Canadian-warehouse, fast-shipping, premium-quality, and guarantee claims are removed."
"9326918074618","Everyday Pullover Hoodie","mens-casual-sports-hoodie-spring-autumn-fashion-solid-color-long-sleeved-pullover-with-arm-pocket-and-pull-rope-plus-size","DRAFT","no","49738561224954","S / image color 7","14:691#image color;5:100014064","True","100","54.99","25.40","3.19","yes","25.40","3.03","8~14 days sampled range","AliExpress Selection Standard; ships from CN; DSers displayed US$1.99~2.15 shipping; tracking available","100","PASS_REPRESENTATIVE_SAMPLE","25.40","US$1.99","9~14 days","AliExpress Selection Standard; ships from CN; tracking available","100","PASS_REPRESENTATIVE_SAMPLE_PENDING_US_STOREFRONT_PRICE","DSers Shipping info checked 2026-07-26. Representative M-image color and XXL-image color SKUs returned Canada shipping of US$2.15 (8~13 days) and US$1.99 (9~14 days), respectively; both tracked from CN. U.S. representative samples returned US$1.99 in 9~14 days. Canada decision uses the conservative CA$3.03 shipping floor. Product remains on content hold until unsupported Canadian-warehouse, fast-shipping, premium-quality, and guarantee claims are removed."
"9326918074618","Everyday Pullover Hoodie","mens-casual-sports-hoodie-spring-autumn-fashion-solid-color-long-sleeved-pullover-with-arm-pocket-and-pull-rope-plus-size","DRAFT","no","49738560241914","XL / image color","14:366#image color;5:100014065","True","100","54.99","24.60","3.99","yes","24.60","3.03","8~14 days sampled range","AliExpress Selection Standard; ships from CN; DSers displayed US$1.99~2.15 shipping; tracking available","100","PASS_REPRESENTATIVE_SAMPLE","24.60","US$1.99","9~14 days","AliExpress Selection Standard; ships from CN; tracking available","100","PASS_REPRESENTATIVE_SAMPLE_PENDING_US_STOREFRONT_PRICE","DSers Shipping info checked 2026-07-26. Representative M-image color and XXL-image color SKUs returned Canada shipping of US$2.15 (8~13 days) and US$1.99 (9~14 days), respectively; both tracked from CN. U.S. representative samples returned US$1.99 in 9~14 days. Canada decision uses the conservative CA$3.03 shipping floor. Product remains on content hold until unsupported Canadian-warehouse, fast-shipping, premium-quality, and guarantee claims are removed."
"9326918074618","Everyday Pullover Hoodie","mens-casual-sports-hoodie-spring-autumn-fashion-solid-color-long-sleeved-pullover-with-arm-pocket-and-pull-rope-plus-size","DRAFT","no","49738560930042","XL / image color 1","14:29#image color;5:100014065","True","100","55.99","25.84","3.27","yes","25.84","3.03","8~14 days sampled range","AliExpress Selection Standard; ships from CN; DSers displayed US$1.99~2.15 shipping; tracking available","100","FAIL_REPRICE_REQUIRED","25.84","US$1.99","9~14 days","AliExpress Selection Standard; ships from CN; tracking available","100","PASS_REPRESENTATIVE_SAMPLE_PENDING_US_STOREFRONT_PRICE","DSers Shipping info checked 2026-07-26. Representative M-image color and XXL-image color SKUs returned Canada shipping of US$2.15 (8~13 days) and US$1.99 (9~14 days), respectively; both tracked from CN. U.S. representative samples returned US$1.99 in 9~14 days. Canada decision uses the conservative CA$3.03 shipping floor. Product remains on content hold until unsupported Canadian-warehouse, fast-shipping, premium-quality, and guarantee claims are removed."
"9326918074618","Everyday Pullover Hoodie","mens-casual-sports-hoodie-spring-autumn-fashion-solid-color-long-sleeved-pullover-with-arm-pocket-and-pull-rope-plus-size","DRAFT","no","49738560045306","XL / image color 2","14:1254#image color;5:100014065","True","100","55.99","25.84","3.27","yes","25.84","3.03","8~14 days sampled range","AliExpress Selection Standard; ships from CN; DSers displayed US$1.99~2.15 shipping; tracking available","100","FAIL_REPRICE_REQUIRED","25.84","US$1.99","9~14 days","AliExpress Selection Standard; ships from CN; tracking available","100","PASS_REPRESENTATIVE_SAMPLE_PENDING_US_STOREFRONT_PRICE","DSers Shipping info checked 2026-07-26. Representative M-image color and XXL-image color SKUs returned Canada shipping of US$2.15 (8~13 days) and US$1.99 (9~14 days), respectively; both tracked from CN. U.S. representative samples returned US$1.99 in 9~14 days. Canada decision uses the conservative CA$3.03 shipping floor. Product remains on content hold until unsupported Canadian-warehouse, fast-shipping, premium-quality, and guarantee claims are removed."
"9326918074618","Everyday Pullover Hoodie","mens-casual-sports-hoodie-spring-autumn-fashion-solid-color-long-sleeved-pullover-with-arm-pocket-and-pull-rope-plus-size","DRAFT","no","49738560110842","XL / image color 3","14:1052#image color;5:100014065","True","100","55.99","25.84","3.27","yes","25.84","3.03","8~14 days sampled range","AliExpress Selection Standard; ships from CN; DSers displayed US$1.99~2.15 shipping; tracking available","100","FAIL_REPRICE_REQUIRED","25.84","US$1.99","9~14 days","AliExpress Selection Standard; ships from CN; tracking available","100","PASS_REPRESENTATIVE_SAMPLE_PENDING_US_STOREFRONT_PRICE","DSers Shipping info checked 2026-07-26. Representative M-image color and XXL-image color SKUs returned Canada shipping of US$2.15 (8~13 days) and US$1.99 (9~14 days), respectively; both tracked from CN. U.S. representative samples returned US$1.99 in 9~14 days. Canada decision uses the conservative CA$3.03 shipping floor. Product remains on content hold until unsupported Canadian-warehouse, fast-shipping, premium-quality, and guarantee claims are removed."
"9326918074618","Everyday Pullover Hoodie","mens-casual-sports-hoodie-spring-autumn-fashion-solid-color-long-sleeved-pullover-with-arm-pocket-and-pull-rope-plus-size","DRAFT","no","49738560635130","XL / image color 4","14:771#image color;5:100014065","True","100","55.99","25.84","3.27","yes","25.84","3.03","8~14 days sampled range","AliExpress Selection Standard; ships from CN; DSers displayed US$1.99~2.15 shipping; tracking available","100","FAIL_REPRICE_REQUIRED","25.84","US$1.99","9~14 days","AliExpress Selection Standard; ships from CN; tracking available","100","PASS_REPRESENTATIVE_SAMPLE_PENDING_US_STOREFRONT_PRICE","DSers Shipping info checked 2026-07-26. Representative M-image color and XXL-image color SKUs returned Canada shipping of US$2.15 (8~13 days) and US$1.99 (9~14 days), respectively; both tracked from CN. U.S. representative samples returned US$1.99 in 9~14 days. Canada decision uses the conservative CA$3.03 shipping floor. Product remains on content hold until unsupported Canadian-warehouse, fast-shipping, premium-quality, and guarantee claims are removed."
"9326918074618","Everyday Pullover Hoodie","mens-casual-sports-hoodie-spring-autumn-fashion-solid-color-long-sleeved-pullover-with-arm-pocket-and-pull-rope-plus-size","DRAFT","no","49738560569594","XL / image color 5","14:350850#image color;5:100014065","True","100","54.99","25.16","3.43","yes","25.16","3.03","8~14 days sampled range","AliExpress Selection Standard; ships from CN; DSers displayed US$1.99~2.15 shipping; tracking available","100","PASS_REPRESENTATIVE_SAMPLE","25.16","US$1.99","9~14 days","AliExpress Selection Standard; ships from CN; tracking available","100","PASS_REPRESENTATIVE_SAMPLE_PENDING_US_STOREFRONT_PRICE","DSers Shipping info checked 2026-07-26. Representative M-image color and XXL-image color SKUs returned Canada shipping of US$2.15 (8~13 days) and US$1.99 (9~14 days), respectively; both tracked from CN. U.S. representative samples returned US$1.99 in 9~14 days. Canada decision uses the conservative CA$3.03 shipping floor. Product remains on content hold until unsupported Canadian-warehouse, fast-shipping, premium-quality, and guarantee claims are removed."
"9326918074618","Everyday Pullover Hoodie","mens-casual-sports-hoodie-spring-autumn-fashion-solid-color-long-sleeved-pullover-with-arm-pocket-and-pull-rope-plus-size","DRAFT","no","49738560831738","XL / image color 6","14:193#image color;5:100014065","True","100","59.99","27.72","3.50","yes","27.72","3.03","8~14 days sampled range","AliExpress Selection Standard; ships from CN; DSers displayed US$1.99~2.15 shipping; tracking available","100","FAIL_REPRICE_REQUIRED","27.72","US$1.99","9~14 days","AliExpress Selection Standard; ships from CN; tracking available","100","PASS_REPRESENTATIVE_SAMPLE_PENDING_US_STOREFRONT_PRICE","DSers Shipping info checked 2026-07-26. Representative M-image color and XXL-image color SKUs returned Canada shipping of US$2.15 (8~13 days) and US$1.99 (9~14 days), respectively; both tracked from CN. U.S. representative samples returned US$1.99 in 9~14 days. Canada decision uses the conservative CA$3.03 shipping floor. Product remains on content hold until unsupported Canadian-warehouse, fast-shipping, premium-quality, and guarantee claims are removed."
"9326918074618","Everyday Pullover Hoodie","mens-casual-sports-hoodie-spring-autumn-fashion-solid-color-long-sleeved-pullover-with-arm-pocket-and-pull-rope-plus-size","DRAFT","no","49738561159418","XL / image color 7","14:691#image color;5:100014065","True","100","54.99","25.08","3.51","yes","25.08","3.03","8~14 days sampled range","AliExpress Selection Standard; ships from CN; DSers displayed US$1.99~2.15 shipping; tracking available","100","PASS_REPRESENTATIVE_SAMPLE","25.08","US$1.99","9~14 days","AliExpress Selection Standard; ships from CN; tracking available","100","PASS_REPRESENTATIVE_SAMPLE_PENDING_US_STOREFRONT_PRICE","DSers Shipping info checked 2026-07-26. Representative M-image color and XXL-image color SKUs returned Canada shipping of US$2.15 (8~13 days) and US$1.99 (9~14 days), respectively; both tracked from CN. U.S. representative samples returned US$1.99 in 9~14 days. Canada decision uses the conservative CA$3.03 shipping floor. Product remains on content hold until unsupported Canadian-warehouse, fast-shipping, premium-quality, and guarantee claims are removed."
"9326918074618","Everyday Pullover Hoodie","mens-casual-sports-hoodie-spring-autumn-fashion-solid-color-long-sleeved-pullover-with-arm-pocket-and-pull-rope-plus-size","DRAFT","no","49738559815930","XXL / image color","14:366#image color;5:4182","True","100","54.99","25.18","3.41","yes","25.18","3.03","8~14 days sampled range","AliExpress Selection Standard; ships from CN; DSers displayed US$1.99~2.15 shipping; tracking available","100","PASS_REPRESENTATIVE_SAMPLE","25.18","US$1.99","9~14 days","AliExpress Selection Standard; ships from CN; tracking available","100","PASS_REPRESENTATIVE_SAMPLE_PENDING_US_STOREFRONT_PRICE","DSers Shipping info checked 2026-07-26. Representative M-image color and XXL-image color SKUs returned Canada shipping of US$2.15 (8~13 days) and US$1.99 (9~14 days), respectively; both tracked from CN. U.S. representative samples returned US$1.99 in 9~14 days. Canada decision uses the conservative CA$3.03 shipping floor. Product remains on content hold until unsupported Canadian-warehouse, fast-shipping, premium-quality, and guarantee claims are removed."
"9326918074618","Everyday Pullover Hoodie","mens-casual-sports-hoodie-spring-autumn-fashion-solid-color-long-sleeved-pullover-with-arm-pocket-and-pull-rope-plus-size","DRAFT","no","49738559947002","XXL / image color 1","14:29#image color;5:4182","True","100","54.99","25.15","3.44","yes","25.15","3.03","8~14 days sampled range","AliExpress Selection Standard; ships from CN; DSers displayed US$1.99~2.15 shipping; tracking available","100","PASS_REPRESENTATIVE_SAMPLE","25.15","US$1.99","9~14 days","AliExpress Selection Standard; ships from CN; tracking available","100","PASS_REPRESENTATIVE_SAMPLE_PENDING_US_STOREFRONT_PRICE","DSers Shipping info checked 2026-07-26. Representative M-image color and XXL-image color SKUs returned Canada shipping of US$2.15 (8~13 days) and US$1.99 (9~14 days), respectively; both tracked from CN. U.S. representative samples returned US$1.99 in 9~14 days. Canada decision uses the conservative CA$3.03 shipping floor. Product remains on content hold until unsupported Canadian-warehouse, fast-shipping, premium-quality, and guarantee claims are removed."
"9326918074618","Everyday Pullover Hoodie","mens-casual-sports-hoodie-spring-autumn-fashion-solid-color-long-sleeved-pullover-with-arm-pocket-and-pull-rope-plus-size","DRAFT","no","49738560471290","XXL / image color 2","14:1254#image color;5:4182","True","100","55.99","26.00","3.11","yes","26.00","3.03","8~14 days sampled range","AliExpress Selection Standard; ships from CN; DSers displayed US$1.99~2.15 shipping; tracking available","100","FAIL_REPRICE_REQUIRED","26.00","US$1.99","9~14 days","AliExpress Selection Standard; ships from CN; tracking available","100","PASS_REPRESENTATIVE_SAMPLE_PENDING_US_STOREFRONT_PRICE","DSers Shipping info checked 2026-07-26. Representative M-image color and XXL-image color SKUs returned Canada shipping of US$2.15 (8~13 days) and US$1.99 (9~14 days), respectively; both tracked from CN. U.S. representative samples returned US$1.99 in 9~14 days. Canada decision uses the conservative CA$3.03 shipping floor. Product remains on content hold until unsupported Canadian-warehouse, fast-shipping, premium-quality, and guarantee claims are removed."
"9326918074618","Everyday Pullover Hoodie","mens-casual-sports-hoodie-spring-autumn-fashion-solid-color-long-sleeved-pullover-with-arm-pocket-and-pull-rope-plus-size","DRAFT","no","49738560405754","XXL / image color 3","14:1052#image color;5:4182","True","100","55.99","26.00","3.11","yes","26.00","3.03","8~14 days sampled range","AliExpress Selection Standard; ships from CN; DSers displayed US$1.99~2.15 shipping; tracking available","100","FAIL_REPRICE_REQUIRED","26.00","US$1.99","9~14 days","AliExpress Selection Standard; ships from CN; tracking available","100","PASS_REPRESENTATIVE_SAMPLE_PENDING_US_STOREFRONT_PRICE","DSers Shipping info checked 2026-07-26. Representative M-image color and XXL-image color SKUs returned Canada shipping of US$2.15 (8~13 days) and US$1.99 (9~14 days), respectively; both tracked from CN. U.S. representative samples returned US$1.99 in 9~14 days. Canada decision uses the conservative CA$3.03 shipping floor. Product remains on content hold until unsupported Canadian-warehouse, fast-shipping, premium-quality, and guarantee claims are removed."
"9326918074618","Everyday Pullover Hoodie","mens-casual-sports-hoodie-spring-autumn-fashion-solid-color-long-sleeved-pullover-with-arm-pocket-and-pull-rope-plus-size","DRAFT","no","49738560798970","XXL / image color 4","14:771#image color;5:4182","True","100","55.99","26.00","3.11","yes","26.00","3.03","8~14 days sampled range","AliExpress Selection Standard; ships from CN; DSers displayed US$1.99~2.15 shipping; tracking available","100","FAIL_REPRICE_REQUIRED","26.00","US$1.99","9~14 days","AliExpress Selection Standard; ships from CN; tracking available","100","PASS_REPRESENTATIVE_SAMPLE_PENDING_US_STOREFRONT_PRICE","DSers Shipping info checked 2026-07-26. Representative M-image color and XXL-image color SKUs returned Canada shipping of US$2.15 (8~13 days) and US$1.99 (9~14 days), respectively; both tracked from CN. U.S. representative samples returned US$1.99 in 9~14 days. Canada decision uses the conservative CA$3.03 shipping floor. Product remains on content hold until unsupported Canadian-warehouse, fast-shipping, premium-quality, and guarantee claims are removed."
"9326918074618","Everyday Pullover Hoodie","mens-casual-sports-hoodie-spring-autumn-fashion-solid-color-long-sleeved-pullover-with-arm-pocket-and-pull-rope-plus-size","DRAFT","no","49738561257722","XXL / image color 5","14:350850#image color;5:4182","True","100","54.99","25.27","3.32","yes","25.27","3.03","8~14 days sampled range","AliExpress Selection Standard; ships from CN; DSers displayed US$1.99~2.15 shipping; tracking available","100","PASS_REPRESENTATIVE_SAMPLE","25.27","US$1.99","9~14 days","AliExpress Selection Standard; ships from CN; tracking available","100","PASS_REPRESENTATIVE_SAMPLE_PENDING_US_STOREFRONT_PRICE","DSers Shipping info checked 2026-07-26. Representative M-image color and XXL-image color SKUs returned Canada shipping of US$2.15 (8~13 days) and US$1.99 (9~14 days), respectively; both tracked from CN. U.S. representative samples returned US$1.99 in 9~14 days. Canada decision uses the conservative CA$3.03 shipping floor. Product remains on content hold until unsupported Canadian-warehouse, fast-shipping, premium-quality, and guarantee claims are removed."
"9326918074618","Everyday Pullover Hoodie","mens-casual-sports-hoodie-spring-autumn-fashion-solid-color-long-sleeved-pullover-with-arm-pocket-and-pull-rope-plus-size","DRAFT","no","49738560864506","XXL / image color 6","14:193#image color;5:4182","True","100","55.99","25.98","3.13","yes","25.98","3.03","8~14 days sampled range","AliExpress Selection Standard; ships from CN; DSers displayed US$1.99~2.15 shipping; tracking available","100","FAIL_REPRICE_REQUIRED","25.98","US$1.99","9~14 days","AliExpress Selection Standard; ships from CN; tracking available","100","PASS_REPRESENTATIVE_SAMPLE_PENDING_US_STOREFRONT_PRICE","DSers Shipping info checked 2026-07-26. Representative M-image color and XXL-image color SKUs returned Canada shipping of US$2.15 (8~13 days) and US$1.99 (9~14 days), respectively; both tracked from CN. U.S. representative samples returned US$1.99 in 9~14 days. Canada decision uses the conservative CA$3.03 shipping floor. Product remains on content hold until unsupported Canadian-warehouse, fast-shipping, premium-quality, and guarantee claims are removed."
"9326918074618","Everyday Pullover Hoodie","mens-casual-sports-hoodie-spring-autumn-fashion-solid-color-long-sleeved-pullover-with-arm-pocket-and-pull-rope-plus-size","DRAFT","no","49738561192186","XXL / image color 7","14:691#image color;5:4182","True","100","54.99","25.18","3.41","yes","25.18","3.03","8~14 days sampled range","AliExpress Selection Standard; ships from CN; DSers displayed US$1.99~2.15 shipping; tracking available","100","PASS_REPRESENTATIVE_SAMPLE","25.18","US$1.99","9~14 days","AliExpress Selection Standard; ships from CN; tracking available","100","PASS_REPRESENTATIVE_SAMPLE_PENDING_US_STOREFRONT_PRICE","DSers Shipping info checked 2026-07-26. Representative M-image color and XXL-image color SKUs returned Canada shipping of US$2.15 (8~13 days) and US$1.99 (9~14 days), respectively; both tracked from CN. U.S. representative samples returned US$1.99 in 9~14 days. Canada decision uses the conservative CA$3.03 shipping floor. Product remains on content hold until unsupported Canadian-warehouse, fast-shipping, premium-quality, and guarantee claims are removed."
"9326918074618","Everyday Pullover Hoodie","mens-casual-sports-hoodie-spring-autumn-fashion-solid-color-long-sleeved-pullover-with-arm-pocket-and-pull-rope-plus-size","DRAFT","no","49738559848698","XXXL / image color","14:366#image color;5:4183","True","100","55.99","25.86","3.25","yes","25.86","3.03","8~14 days sampled range","AliExpress Selection Standard; ships from CN; DSers displayed US$1.99~2.15 shipping; tracking available","100","FAIL_REPRICE_REQUIRED","25.86","US$1.99","9~14 days","AliExpress Selection Standard; ships from CN; tracking available","100","PASS_REPRESENTATIVE_SAMPLE_PENDING_US_STOREFRONT_PRICE","DSers Shipping info checked 2026-07-26. Representative M-image color and XXL-image color SKUs returned Canada shipping of US$2.15 (8~13 days) and US$1.99 (9~14 days), respectively; both tracked from CN. U.S. representative samples returned US$1.99 in 9~14 days. Canada decision uses the conservative CA$3.03 shipping floor. Product remains on content hold until unsupported Canadian-warehouse, fast-shipping, premium-quality, and guarantee claims are removed."
"9326918074618","Everyday Pullover Hoodie","mens-casual-sports-hoodie-spring-autumn-fashion-solid-color-long-sleeved-pullover-with-arm-pocket-and-pull-rope-plus-size","DRAFT","no","49738559979770","XXXL / image color 1","14:29#image color;5:4183","True","100","56.99","26.15","3.49","yes","26.15","3.03","8~14 days sampled range","AliExpress Selection Standard; ships from CN; DSers displayed US$1.99~2.15 shipping; tracking available","100","FAIL_REPRICE_REQUIRED","26.15","US$1.99","9~14 days","AliExpress Selection Standard; ships from CN; tracking available","100","PASS_REPRESENTATIVE_SAMPLE_PENDING_US_STOREFRONT_PRICE","DSers Shipping info checked 2026-07-26. Representative M-image color and XXL-image color SKUs returned Canada shipping of US$2.15 (8~13 days) and US$1.99 (9~14 days), respectively; both tracked from CN. U.S. representative samples returned US$1.99 in 9~14 days. Canada decision uses the conservative CA$3.03 shipping floor. Product remains on content hold until unsupported Canadian-warehouse, fast-shipping, premium-quality, and guarantee claims are removed."
"9326918074618","Everyday Pullover Hoodie","mens-casual-sports-hoodie-spring-autumn-fashion-solid-color-long-sleeved-pullover-with-arm-pocket-and-pull-rope-plus-size","DRAFT","no","49738560504058","XXXL / image color 2","14:1254#image color;5:4183","True","100","56.99","26.15","3.49","yes","26.15","3.03","8~14 days sampled range","AliExpress Selection Standard; ships from CN; DSers displayed US$1.99~2.15 shipping; tracking available","100","FAIL_REPRICE_REQUIRED","26.15","US$1.99","9~14 days","AliExpress Selection Standard; ships from CN; tracking available","100","PASS_REPRESENTATIVE_SAMPLE_PENDING_US_STOREFRONT_PRICE","DSers Shipping info checked 2026-07-26. Representative M-image color and XXL-image color SKUs returned Canada shipping of US$2.15 (8~13 days) and US$1.99 (9~14 days), respectively; both tracked from CN. U.S. representative samples returned US$1.99 in 9~14 days. Canada decision uses the conservative CA$3.03 shipping floor. Product remains on content hold until unsupported Canadian-warehouse, fast-shipping, premium-quality, and guarantee claims are removed."
"9326918074618","Everyday Pullover Hoodie","mens-casual-sports-hoodie-spring-autumn-fashion-solid-color-long-sleeved-pullover-with-arm-pocket-and-pull-rope-plus-size","DRAFT","no","49738560438522","XXXL / image color 3","14:1052#image color;5:4183","True","100","56.99","26.15","3.49","yes","26.15","3.03","8~14 days sampled range","AliExpress Selection Standard; ships from CN; DSers displayed US$1.99~2.15 shipping; tracking available","100","FAIL_REPRICE_REQUIRED","26.15","US$1.99","9~14 days","AliExpress Selection Standard; ships from CN; tracking available","100","PASS_REPRESENTATIVE_SAMPLE_PENDING_US_STOREFRONT_PRICE","DSers Shipping info checked 2026-07-26. Representative M-image color and XXL-image color SKUs returned Canada shipping of US$2.15 (8~13 days) and US$1.99 (9~14 days), respectively; both tracked from CN. U.S. representative samples returned US$1.99 in 9~14 days. Canada decision uses the conservative CA$3.03 shipping floor. Product remains on content hold until unsupported Canadian-warehouse, fast-shipping, premium-quality, and guarantee claims are removed."
"9326918074618","Everyday Pullover Hoodie","mens-casual-sports-hoodie-spring-autumn-fashion-solid-color-long-sleeved-pullover-with-arm-pocket-and-pull-rope-plus-size","DRAFT","no","49738560307450","XXXL / image color 4","14:771#image color;5:4183","True","100","56.99","26.15","3.49","yes","26.15","3.03","8~14 days sampled range","AliExpress Selection Standard; ships from CN; DSers displayed US$1.99~2.15 shipping; tracking available","100","FAIL_REPRICE_REQUIRED","26.15","US$1.99","9~14 days","AliExpress Selection Standard; ships from CN; tracking available","100","PASS_REPRESENTATIVE_SAMPLE_PENDING_US_STOREFRONT_PRICE","DSers Shipping info checked 2026-07-26. Representative M-image color and XXL-image color SKUs returned Canada shipping of US$2.15 (8~13 days) and US$1.99 (9~14 days), respectively; both tracked from CN. U.S. representative samples returned US$1.99 in 9~14 days. Canada decision uses the conservative CA$3.03 shipping floor. Product remains on content hold until unsupported Canadian-warehouse, fast-shipping, premium-quality, and guarantee claims are removed."
"9326918074618","Everyday Pullover Hoodie","mens-casual-sports-hoodie-spring-autumn-fashion-solid-color-long-sleeved-pullover-with-arm-pocket-and-pull-rope-plus-size","DRAFT","no","49738561290490","XXXL / image color 5","14:350850#image color;5:4183","True","100","55.99","25.88","3.23","yes","25.88","3.03","8~14 days sampled range","AliExpress Selection Standard; ships from CN; DSers displayed US$1.99~2.15 shipping; tracking available","100","FAIL_REPRICE_REQUIRED","25.88","US$1.99","9~14 days","AliExpress Selection Standard; ships from CN; tracking available","100","PASS_REPRESENTATIVE_SAMPLE_PENDING_US_STOREFRONT_PRICE","DSers Shipping info checked 2026-07-26. Representative M-image color and XXL-image color SKUs returned Canada shipping of US$2.15 (8~13 days) and US$1.99 (9~14 days), respectively; both tracked from CN. U.S. representative samples returned US$1.99 in 9~14 days. Canada decision uses the conservative CA$3.03 shipping floor. Product remains on content hold until unsupported Canadian-warehouse, fast-shipping, premium-quality, and guarantee claims are removed."
"9326918074618","Everyday Pullover Hoodie","mens-casual-sports-hoodie-spring-autumn-fashion-solid-color-long-sleeved-pullover-with-arm-pocket-and-pull-rope-plus-size","DRAFT","no","49738560897274","XXXL / image color 6","14:193#image color;5:4183","True","100","61.99","29.06","3.21","yes","29.06","3.03","8~14 days sampled range","AliExpress Selection Standard; ships from CN; DSers displayed US$1.99~2.15 shipping; tracking available","100","FAIL_REPRICE_REQUIRED","29.06","US$1.99","9~14 days","AliExpress Selection Standard; ships from CN; tracking available","100","PASS_REPRESENTATIVE_SAMPLE_PENDING_US_STOREFRONT_PRICE","DSers Shipping info checked 2026-07-26. Representative M-image color and XXL-image color SKUs returned Canada shipping of US$2.15 (8~13 days) and US$1.99 (9~14 days), respectively; both tracked from CN. U.S. representative samples returned US$1.99 in 9~14 days. Canada decision uses the conservative CA$3.03 shipping floor. Product remains on content hold until unsupported Canadian-warehouse, fast-shipping, premium-quality, and guarantee claims are removed."
"9326918074618","Everyday Pullover Hoodie","mens-casual-sports-hoodie-spring-autumn-fashion-solid-color-long-sleeved-pullover-with-arm-pocket-and-pull-rope-plus-size","DRAFT","no","49738561061114","XXXL / image color 7","14:691#image color;5:4183","True","100","56.99","26.15","3.49","yes","26.15","3.03","8~14 days sampled range","AliExpress Selection Standard; ships from CN; DSers displayed US$1.99~2.15 shipping; tracking available","100","FAIL_REPRICE_REQUIRED","26.15","US$1.99","9~14 days","AliExpress Selection Standard; ships from CN; tracking available","100","PASS_REPRESENTATIVE_SAMPLE_PENDING_US_STOREFRONT_PRICE","DSers Shipping info checked 2026-07-26. Representative M-image color and XXL-image color SKUs returned Canada shipping of US$2.15 (8~13 days) and US$1.99 (9~14 days), respectively; both tracked from CN. U.S. representative samples returned US$1.99 in 9~14 days. Canada decision uses the conservative CA$3.03 shipping floor. Product remains on content hold until unsupported Canadian-warehouse, fast-shipping, premium-quality, and guarantee claims are removed."
"9326918729978","Everyday Zip Hoodie","zipper-hoodies-autumn-winter-mens-new-long-sleeve-hooded-sweatshirt-fashion-casual-male-outfit-sportwear-loose-fit-clothes","ACTIVE","yes","49738571448570","L / black","14:193#black;5:361385","True","3","31.19","12.48","3.61","yes","12.48","3.03","6~11 days sampled range","AliExpress Selection Standard; ships from CN; DSers displayed US $2.15 shipping","366","PASS_LOW_STOCK_REPRESENTATIVE_SAMPLE","US$9.74~15.62","US$1.99","7~12 days","AliExpress Selection Standard; ships from CN; tracking available","780","PASS_REPRESENTATIVE_SAMPLE_PENDING_US_STOREFRONT_PRICE","Checked in DSers Shipping info modal for Canada on 2026-07-26. Representative hoodie SKUs L-white, XXL-black, and XL-Grey returned US $2.15 shipping with tracking available; this variant passes cap but has low Shopify inventory. Representative U.S. DSers quote on 2026-07-26: L/XL black returned US$1.99 shipping in 7~11 days; S Grey and M white returned US$1.99 shipping in 7~12 days, tracking available. Applied across remaining mapped variants pending final spot-check."
"9326918729978","Everyday Zip Hoodie","zipper-hoodies-autumn-winter-mens-new-long-sleeve-hooded-sweatshirt-fashion-casual-male-outfit-sportwear-loose-fit-clothes","ACTIVE","yes","49738571284730","L / Grey","14:691#Grey;5:361385","True","5","30.34","12.14","3.50","yes","12.14","3.03","7~12 days sampled range","AliExpress Selection Standard; ships from CN; DSers displayed US $2.15 shipping","366","PASS_LOW_STOCK_REPRESENTATIVE_SAMPLE","US$9.74~15.62","US$1.99","7~12 days","AliExpress Selection Standard; ships from CN; tracking available","780","PASS_REPRESENTATIVE_SAMPLE_PENDING_US_STOREFRONT_PRICE","Checked in DSers Shipping info modal for Canada on 2026-07-26. Representative hoodie SKUs L-white, XXL-black, and XL-Grey returned US $2.15 shipping with tracking available; this variant passes cap but has low Shopify inventory. Representative U.S. DSers quote on 2026-07-26: L/XL black returned US$1.99 shipping in 7~11 days; S Grey and M white returned US$1.99 shipping in 7~12 days, tracking available. Applied across remaining mapped variants pending final spot-check."
"9326918729978","Everyday Zip Hoodie","zipper-hoodies-autumn-winter-mens-new-long-sleeve-hooded-sweatshirt-fashion-casual-male-outfit-sportwear-loose-fit-clothes","ACTIVE","yes","49738571317498","L / white","14:29#white;5:361385","True","6","31.12","12.45","3.60","yes","12.45","3.03","7~12 days sampled range","AliExpress Selection Standard; ships from CN; DSers displayed US $2.15 shipping","366","PASS_REPRESENTATIVE_SAMPLE","US$9.74~15.62","US$1.99","7~12 days","AliExpress Selection Standard; ships from CN; tracking available","780","PASS_REPRESENTATIVE_SAMPLE_PENDING_US_STOREFRONT_PRICE","Checked in DSers Shipping info modal for Canada on 2026-07-26. Representative hoodie SKUs L-white, XXL-black, and XL-Grey returned US $2.15 shipping with tracking available. Representative U.S. DSers quote on 2026-07-26: L/XL black returned US$1.99 shipping in 7~11 days; S Grey and M white returned US$1.99 shipping in 7~12 days, tracking available. Applied across remaining mapped variants pending final spot-check."
"9326918729978","Everyday Zip Hoodie","zipper-hoodies-autumn-winter-mens-new-long-sleeve-hooded-sweatshirt-fashion-casual-male-outfit-sportwear-loose-fit-clothes","ACTIVE","yes","49738571743482","M / black","14:193#black;5:361386","True","2","31.40","12.56","3.64","yes","12.56","3.03","6~11 days sampled range","AliExpress Selection Standard; ships from CN; DSers displayed US $2.15 shipping","366","PASS_LOW_STOCK_REPRESENTATIVE_SAMPLE","US$9.74~15.62","US$1.99","7~12 days","AliExpress Selection Standard; ships from CN; tracking available","780","PASS_REPRESENTATIVE_SAMPLE_PENDING_US_STOREFRONT_PRICE","Checked in DSers Shipping info modal for Canada on 2026-07-26. Representative hoodie SKUs L-white, XXL-black, and XL-Grey returned US $2.15 shipping with tracking available; this variant passes cap but has low Shopify inventory. Representative U.S. DSers quote on 2026-07-26: L/XL black returned US$1.99 shipping in 7~11 days; S Grey and M white returned US$1.99 shipping in 7~12 days, tracking available. Applied across remaining mapped variants pending final spot-check."
"9326918729978","Everyday Zip Hoodie","zipper-hoodies-autumn-winter-mens-new-long-sleeve-hooded-sweatshirt-fashion-casual-male-outfit-sportwear-loose-fit-clothes","ACTIVE","yes","49738571612410","M / Grey","14:691#Grey;5:361386","True","3","31.01","12.40","3.59","yes","12.40","3.03","7~12 days sampled range","AliExpress Selection Standard; ships from CN; DSers displayed US $2.15 shipping","366","PASS_LOW_STOCK_REPRESENTATIVE_SAMPLE","US$9.74~15.62","US$1.99","7~12 days","AliExpress Selection Standard; ships from CN; tracking available","780","PASS_REPRESENTATIVE_SAMPLE_PENDING_US_STOREFRONT_PRICE","Checked in DSers Shipping info modal for Canada on 2026-07-26. Representative hoodie SKUs L-white, XXL-black, and XL-Grey returned US $2.15 shipping with tracking available; this variant passes cap but has low Shopify inventory. Representative U.S. DSers quote on 2026-07-26: L/XL black returned US$1.99 shipping in 7~11 days; S Grey and M white returned US$1.99 shipping in 7~12 days, tracking available. Applied across remaining mapped variants pending final spot-check."
"9326918729978","Everyday Zip Hoodie","zipper-hoodies-autumn-winter-mens-new-long-sleeve-hooded-sweatshirt-fashion-casual-male-outfit-sportwear-loose-fit-clothes","ACTIVE","yes","49738571546874","M / white","14:29#white;5:361386","True","4","30.27","12.11","3.49","yes","12.11","3.03","7~12 days sampled range","AliExpress Selection Standard; ships from CN; DSers displayed US $2.15 shipping","366","PASS_LOW_STOCK_REPRESENTATIVE_SAMPLE","US$9.74~15.62","US$1.99","7~12 days","AliExpress Selection Standard; ships from CN; tracking available","780","PASS_REPRESENTATIVE_SAMPLE_PENDING_US_STOREFRONT_PRICE","Checked in DSers Shipping info modal for Canada on 2026-07-26. Representative hoodie SKUs L-white, XXL-black, and XL-Grey returned US $2.15 shipping with tracking available; this variant passes cap but has low Shopify inventory. Representative U.S. DSers quote on 2026-07-26: L/XL black returned US$1.99 shipping in 7~11 days; S Grey and M white returned US$1.99 shipping in 7~12 days, tracking available. Applied across remaining mapped variants pending final spot-check."
"9326918729978","Everyday Zip Hoodie","zipper-hoodies-autumn-winter-mens-new-long-sleeve-hooded-sweatshirt-fashion-casual-male-outfit-sportwear-loose-fit-clothes","ACTIVE","yes","49738571710714","S / black","14:193#black;5:100014064","True","3","29.08","11.63","3.35","yes","11.63","3.03","6~11 days sampled range","AliExpress Selection Standard; ships from CN; DSers displayed US $2.15 shipping","366","PASS_LOW_STOCK_REPRESENTATIVE_SAMPLE","US$9.74~15.62","US$1.99","7~12 days","AliExpress Selection Standard; ships from CN; tracking available","780","PASS_REPRESENTATIVE_SAMPLE_PENDING_US_STOREFRONT_PRICE","Checked in DSers Shipping info modal for Canada on 2026-07-26. Representative hoodie SKUs L-white, XXL-black, and XL-Grey returned US $2.15 shipping with tracking available; this variant passes cap but has low Shopify inventory. Representative U.S. DSers quote on 2026-07-26: L/XL black returned US$1.99 shipping in 7~11 days; S Grey and M white returned US$1.99 shipping in 7~12 days, tracking available. Applied across remaining mapped variants pending final spot-check."
"9326918729978","Everyday Zip Hoodie","zipper-hoodies-autumn-winter-mens-new-long-sleeve-hooded-sweatshirt-fashion-casual-male-outfit-sportwear-loose-fit-clothes","ACTIVE","yes","49738571514106","S / Grey","14:691#Grey;5:100014064","True","3","29.92","11.97","3.45","yes","11.97","3.03","7~12 days sampled range","AliExpress Selection Standard; ships from CN; DSers displayed US $2.15 shipping","366","PASS_LOW_STOCK_REPRESENTATIVE_SAMPLE","US$9.74~15.62","US$1.99","7~12 days","AliExpress Selection Standard; ships from CN; tracking available","780","PASS_REPRESENTATIVE_SAMPLE_PENDING_US_STOREFRONT_PRICE","Checked in DSers Shipping info modal for Canada on 2026-07-26. Representative hoodie SKUs L-white, XXL-black, and XL-Grey returned US $2.15 shipping with tracking available; this variant passes cap but has low Shopify inventory. Representative U.S. DSers quote on 2026-07-26: L/XL black returned US$1.99 shipping in 7~11 days; S Grey and M white returned US$1.99 shipping in 7~12 days, tracking available. Applied across remaining mapped variants pending final spot-check."
"9326918729978","Everyday Zip Hoodie","zipper-hoodies-autumn-winter-mens-new-long-sleeve-hooded-sweatshirt-fashion-casual-male-outfit-sportwear-loose-fit-clothes","ACTIVE","yes","49738571579642","S / white","14:29#white;5:100014064","True","287","29.85","11.94","3.44","yes","11.94","3.03","7~12 days sampled range","AliExpress Selection Standard; ships from CN; DSers displayed US $2.15 shipping","366","PASS_REPRESENTATIVE_SAMPLE","US$9.74~15.62","US$1.99","7~12 days","AliExpress Selection Standard; ships from CN; tracking available","780","PASS_REPRESENTATIVE_SAMPLE_PENDING_US_STOREFRONT_PRICE","Checked in DSers Shipping info modal for Canada on 2026-07-26. Representative hoodie SKUs L-white, XXL-black, and XL-Grey returned US $2.15 shipping with tracking available. Representative U.S. DSers quote on 2026-07-26: L/XL black returned US$1.99 shipping in 7~11 days; S Grey and M white returned US$1.99 shipping in 7~12 days, tracking available. Applied across remaining mapped variants pending final spot-check."
"9326918729978","Everyday Zip Hoodie","zipper-hoodies-autumn-winter-mens-new-long-sleeve-hooded-sweatshirt-fashion-casual-male-outfit-sportwear-loose-fit-clothes","ACTIVE","yes","49738571481338","XL / black","14:193#black;5:100014065","True","5","30.66","12.26","3.55","yes","12.26","3.03","6~11 days sampled range","AliExpress Selection Standard; ships from CN; DSers displayed US $2.15 shipping","366","PASS_LOW_STOCK_REPRESENTATIVE_SAMPLE","US$9.74~15.62","US$1.99","7~12 days","AliExpress Selection Standard; ships from CN; tracking available","780","PASS_REPRESENTATIVE_SAMPLE_PENDING_US_STOREFRONT_PRICE","Checked in DSers Shipping info modal for Canada on 2026-07-26. Representative hoodie SKUs L-white, XXL-black, and XL-Grey returned US $2.15 shipping with tracking available; this variant passes cap but has low Shopify inventory. Representative U.S. DSers quote on 2026-07-26: L/XL black returned US$1.99 shipping in 7~11 days; S Grey and M white returned US$1.99 shipping in 7~12 days, tracking available. Applied across remaining mapped variants pending final spot-check."
"9326918729978","Everyday Zip Hoodie","zipper-hoodies-autumn-winter-mens-new-long-sleeve-hooded-sweatshirt-fashion-casual-male-outfit-sportwear-loose-fit-clothes","ACTIVE","yes","49738571251962","XL / Grey","14:691#Grey;5:100014065","False","0","24.49","9.45","3.12","yes","9.45","3.03","6~11 days sampled range","AliExpress Selection Standard; ships from CN; DSers displayed US $2.15 shipping","366","PASS_TIGHT_REPRICED","US$9.74~15.62","NO SHIPPING","","","780","FAIL_NO_US_SHIPPING","Checked in DSers Shipping info modal for Canada on 2026-07-26. XL-Grey returned US $2.15 shipping. Repriced live from CA$23.63 to CA$24.49 on 2026-07-26; recalculated Canada shipping cap is CA$3.12, above the observed CA$3.03 shipping. U.S. quote checked in DSers on 2026-07-26: exact XL-Grey supplier SKU returned no shipping. Shopify control applied and re-read 2026-07-26: inventory 0, policy DENY, availableForSale false; the product remains ACTIVE and passing variants remain sellable."
"9326918729978","Everyday Zip Hoodie","zipper-hoodies-autumn-winter-mens-new-long-sleeve-hooded-sweatshirt-fashion-casual-male-outfit-sportwear-loose-fit-clothes","ACTIVE","yes","49738571809018","XL / white","14:29#white;5:100014065","True","3","31.72","12.69","3.67","yes","12.69","3.03","7~12 days sampled range","AliExpress Selection Standard; ships from CN; DSers displayed US $2.15 shipping","366","PASS_LOW_STOCK_REPRESENTATIVE_SAMPLE","US$9.74~15.62","US$1.99","7~12 days","AliExpress Selection Standard; ships from CN; tracking available","780","PASS_REPRESENTATIVE_SAMPLE_PENDING_US_STOREFRONT_PRICE","Checked in DSers Shipping info modal for Canada on 2026-07-26. Representative hoodie SKUs L-white, XXL-black, and XL-Grey returned US $2.15 shipping with tracking available; this variant passes cap but has low Shopify inventory. Representative U.S. DSers quote on 2026-07-26: L/XL black returned US$1.99 shipping in 7~11 days; S Grey and M white returned US$1.99 shipping in 7~12 days, tracking available. Applied across remaining mapped variants pending final spot-check."
"9326918729978","Everyday Zip Hoodie","zipper-hoodies-autumn-winter-mens-new-long-sleeve-hooded-sweatshirt-fashion-casual-male-outfit-sportwear-loose-fit-clothes","ACTIVE","yes","49738571383034","XXL / black","14:193#black;5:4182","True","2","32.42","12.97","3.76","yes","12.97","3.03","6~11 days sampled range","AliExpress Selection Standard; ships from CN; DSers displayed US $2.15 shipping","366","PASS_LOW_STOCK_REPRESENTATIVE_SAMPLE","US$9.74~15.62","US$1.99","7~12 days","AliExpress Selection Standard; ships from CN; tracking available","780","PASS_REPRESENTATIVE_SAMPLE_PENDING_US_STOREFRONT_PRICE","Checked in DSers Shipping info modal for Canada on 2026-07-26. Representative hoodie SKUs L-white, XXL-black, and XL-Grey returned US $2.15 shipping with tracking available; this variant passes cap but has low Shopify inventory. Representative U.S. DSers quote on 2026-07-26: L/XL black returned US$1.99 shipping in 7~11 days; S Grey and M white returned US$1.99 shipping in 7~12 days, tracking available. Applied across remaining mapped variants pending final spot-check."
"9326918729978","Everyday Zip Hoodie","zipper-hoodies-autumn-winter-mens-new-long-sleeve-hooded-sweatshirt-fashion-casual-male-outfit-sportwear-loose-fit-clothes","ACTIVE","yes","49738571677946","XXL / Grey","14:691#Grey;5:4182","True","3","33.75","13.50","3.93","yes","13.50","3.03","7~12 days sampled range","AliExpress Selection Standard; ships from CN; DSers displayed US $2.15 shipping","366","PASS_LOW_STOCK_REPRESENTATIVE_SAMPLE","US$9.74~15.62","US$1.99","7~12 days","AliExpress Selection Standard; ships from CN; tracking available","780","PASS_REPRESENTATIVE_SAMPLE_PENDING_US_STOREFRONT_PRICE","Checked in DSers Shipping info modal for Canada on 2026-07-26. Representative hoodie SKUs L-white, XXL-black, and XL-Grey returned US $2.15 shipping with tracking available; this variant passes cap but has low Shopify inventory. Representative U.S. DSers quote on 2026-07-26: L/XL black returned US$1.99 shipping in 7~11 days; S Grey and M white returned US$1.99 shipping in 7~12 days, tracking available. Applied across remaining mapped variants pending final spot-check."
"9326918729978","Everyday Zip Hoodie","zipper-hoodies-autumn-winter-mens-new-long-sleeve-hooded-sweatshirt-fashion-casual-male-outfit-sportwear-loose-fit-clothes","ACTIVE","yes","49738571350266","XXL / white","14:29#white;5:4182","True","5","32.63","13.05","3.79","yes","13.05","3.03","7~12 days sampled range","AliExpress Selection Standard; ships from CN; DSers displayed US $2.15 shipping","366","PASS_LOW_STOCK_REPRESENTATIVE_SAMPLE","US$9.74~15.62","US$1.99","7~12 days","AliExpress Selection Standard; ships from CN; tracking available","780","PASS_REPRESENTATIVE_SAMPLE_PENDING_US_STOREFRONT_PRICE","Checked in DSers Shipping info modal for Canada on 2026-07-26. Representative hoodie SKUs L-white, XXL-black, and XL-Grey returned US $2.15 shipping with tracking available; this variant passes cap but has low Shopify inventory. Representative U.S. DSers quote on 2026-07-26: L/XL black returned US$1.99 shipping in 7~11 days; S Grey and M white returned US$1.99 shipping in 7~12 days, tracking available. Applied across remaining mapped variants pending final spot-check."
"9326918729978","Everyday Zip Hoodie","zipper-hoodies-autumn-winter-mens-new-long-sleeve-hooded-sweatshirt-fashion-casual-male-outfit-sportwear-loose-fit-clothes","ACTIVE","yes","49738571415802","XXXL / black","14:193#black;5:4183","True","9","35.13","14.05","4.11","yes","14.05","3.03","6~11 days sampled range","AliExpress Selection Standard; ships from CN; DSers displayed US $2.15 shipping","366","PASS_REPRESENTATIVE_SAMPLE","US$9.74~15.62","US$1.99","7~12 days","AliExpress Selection Standard; ships from CN; tracking available","780","PASS_REPRESENTATIVE_SAMPLE_PENDING_US_STOREFRONT_PRICE","Checked in DSers Shipping info modal for Canada on 2026-07-26. Representative hoodie SKUs L-white, XXL-black, and XL-Grey returned US $2.15 shipping with tracking available. Representative U.S. DSers quote on 2026-07-26: L/XL black returned US$1.99 shipping in 7~11 days; S Grey and M white returned US$1.99 shipping in 7~12 days, tracking available. Applied across remaining mapped variants pending final spot-check."
"9326918729978","Everyday Zip Hoodie","zipper-hoodies-autumn-winter-mens-new-long-sleeve-hooded-sweatshirt-fashion-casual-male-outfit-sportwear-loose-fit-clothes","ACTIVE","yes","49738571645178","XXXL / Grey","14:691#Grey;5:4183","True","5","34.14","13.66","3.98","yes","13.66","3.03","7~12 days sampled range","AliExpress Selection Standard; ships from CN; DSers displayed US $2.15 shipping","366","PASS_LOW_STOCK_REPRESENTATIVE_SAMPLE","US$9.74~15.62","US$1.99","7~12 days","AliExpress Selection Standard; ships from CN; tracking available","780","PASS_REPRESENTATIVE_SAMPLE_PENDING_US_STOREFRONT_PRICE","Checked in DSers Shipping info modal for Canada on 2026-07-26. Representative hoodie SKUs L-white, XXL-black, and XL-Grey returned US $2.15 shipping with tracking available; this variant passes cap but has low Shopify inventory. Representative U.S. DSers quote on 2026-07-26: L/XL black returned US$1.99 shipping in 7~11 days; S Grey and M white returned US$1.99 shipping in 7~12 days, tracking available. Applied across remaining mapped variants pending final spot-check."
"9326918729978","Everyday Zip Hoodie","zipper-hoodies-autumn-winter-mens-new-long-sleeve-hooded-sweatshirt-fashion-casual-male-outfit-sportwear-loose-fit-clothes","ACTIVE","yes","49738571776250","XXXL / white","14:29#white;5:4183","True","8","34.74","13.90","4.05","yes","13.90","3.03","7~12 days sampled range","AliExpress Selection Standard; ships from CN; DSers displayed US $2.15 shipping","366","PASS_REPRESENTATIVE_SAMPLE","US$9.74~15.62","US$1.99","7~12 days","AliExpress Selection Standard; ships from CN; tracking available","780","PASS_REPRESENTATIVE_SAMPLE_PENDING_US_STOREFRONT_PRICE","Checked in DSers Shipping info modal for Canada on 2026-07-26. Representative hoodie SKUs L-white, XXL-black, and XL-Grey returned US $2.15 shipping with tracking available. Representative U.S. DSers quote on 2026-07-26: L/XL black returned US$1.99 shipping in 7~11 days; S Grey and M white returned US$1.99 shipping in 7~12 days, tracking available. Applied across remaining mapped variants pending final spot-check."
"9326917157114","Halloween Elsa Dress for Girls Children Party Princess Costume Kids Disguise with Long Cloak Girl Snow Queen Carnival Clothes","halloween-elsa-dress-for-girls-children-party-princess-costume-kids-disguise-with-long-cloak-girl-snow-queen-carnival-clothes","DRAFT","no","49738549231866","DE14 / Size 100","14:1052#DE14;200000463:200004191#Size 100","True","5","35.55","14.22","4.16","no","","","","","","","","","","","","",""
"9326917157114","Halloween Elsa Dress for Girls Children Party Princess Costume Kids Disguise with Long Cloak Girl Snow Queen Carnival Clothes","halloween-elsa-dress-for-girls-children-party-princess-costume-kids-disguise-with-long-cloak-girl-snow-queen-carnival-clothes","DRAFT","no","49738549199098","DE14 / Size 110","14:1052#DE14;200000463:200004195#Size 110","True","28","35.86","14.35","4.19","no","","","","","","","","","","","","",""
"9326917157114","Halloween Elsa Dress for Girls Children Party Princess Costume Kids Disguise with Long Cloak Girl Snow Queen Carnival Clothes","halloween-elsa-dress-for-girls-children-party-princess-costume-kids-disguise-with-long-cloak-girl-snow-queen-carnival-clothes","DRAFT","no","49738549395706","DE14 / Size 120","14:1052#DE14;200000463:200004199#Size 120","True","34","36.25","14.50","4.24","no","","","","","","","","","","","","",""
"9326917157114","Halloween Elsa Dress for Girls Children Party Princess Costume Kids Disguise with Long Cloak Girl Snow Queen Carnival Clothes","halloween-elsa-dress-for-girls-children-party-princess-costume-kids-disguise-with-long-cloak-girl-snow-queen-carnival-clothes","DRAFT","no","49738548773114","DE14 / Size 140","14:1052#DE14;200000463:200004203#Size 140","True","4","36.74","14.70","4.30","no","","","","","","","","","","","","",""
"9326917157114","Halloween Elsa Dress for Girls Children Party Princess Costume Kids Disguise with Long Cloak Girl Snow Queen Carnival Clothes","halloween-elsa-dress-for-girls-children-party-princess-costume-kids-disguise-with-long-cloak-girl-snow-queen-carnival-clothes","DRAFT","no","49738548740346","DE14 / Size 150","14:1052#DE14;200000463:200004204#Size 150","True","5","37.94","15.18","4.45","no","","","","","","","","","","","","",""
"9326917157114","Halloween Elsa Dress for Girls Children Party Princess Costume Kids Disguise with Long Cloak Girl Snow Queen Carnival Clothes","halloween-elsa-dress-for-girls-children-party-princess-costume-kids-disguise-with-long-cloak-girl-snow-queen-carnival-clothes","DRAFT","no","49738549330170","DE14 Set 01 / Size 100","14:691#DE14 Set 01;200000463:200004191#Size 100","True","16","59.63","23.85","7.18","no","","","","","","","","","","","","",""
"9326917157114","Halloween Elsa Dress for Girls Children Party Princess Costume Kids Disguise with Long Cloak Girl Snow Queen Carnival Clothes","halloween-elsa-dress-for-girls-children-party-princess-costume-kids-disguise-with-long-cloak-girl-snow-queen-carnival-clothes","DRAFT","no","49738549297402","DE14 Set 01 / Size 110","14:691#DE14 Set 01;200000463:200004195#Size 110","True","10","60.34","24.13","7.27","no","","","","","","","","","","","","",""
"9326917157114","Halloween Elsa Dress for Girls Children Party Princess Costume Kids Disguise with Long Cloak Girl Snow Queen Carnival Clothes","halloween-elsa-dress-for-girls-children-party-princess-costume-kids-disguise-with-long-cloak-girl-snow-queen-carnival-clothes","DRAFT","no","49738549264634","DE14 Set 01 / Size 120","14:691#DE14 Set 01;200000463:200004199#Size 120","True","7","60.41","24.16","7.28","no","","","","","","","","","","","","",""
"9326917157114","Halloween Elsa Dress for Girls Children Party Princess Costume Kids Disguise with Long Cloak Girl Snow Queen Carnival Clothes","halloween-elsa-dress-for-girls-children-party-princess-costume-kids-disguise-with-long-cloak-girl-snow-queen-carnival-clothes","DRAFT","no","49738549362938","DE14 Set 01 / Size 130","14:691#DE14 Set 01;200000463:200004200#Size 130","True","14","60.76","24.30","7.32","no","","","","","","","","","","","","",""
"9326917157114","Halloween Elsa Dress for Girls Children Party Princess Costume Kids Disguise with Long Cloak Girl Snow Queen Carnival Clothes","halloween-elsa-dress-for-girls-children-party-princess-costume-kids-disguise-with-long-cloak-girl-snow-queen-carnival-clothes","DRAFT","no","49738549133562","DE14 Set 01 / Size 140","14:691#DE14 Set 01;200000463:200004203#Size 140","True","15","60.79","24.32","7.32","no","","","","","","","","","","","","",""
"9326917157114","Halloween Elsa Dress for Girls Children Party Princess Costume Kids Disguise with Long Cloak Girl Snow Queen Carnival Clothes","halloween-elsa-dress-for-girls-children-party-princess-costume-kids-disguise-with-long-cloak-girl-snow-queen-carnival-clothes","DRAFT","no","49738548576506","DE14 Set 01 / Size 150","14:691#DE14 Set 01;200000463:200004204#Size 150","True","20","61.74","24.70","7.44","no","","","","","","","","","","","","",""
"9326917157114","Halloween Elsa Dress for Girls Children Party Princess Costume Kids Disguise with Long Cloak Girl Snow Queen Carnival Clothes","halloween-elsa-dress-for-girls-children-party-princess-costume-kids-disguise-with-long-cloak-girl-snow-queen-carnival-clothes","DRAFT","no","49738548543738","DE14 Set 02 / Size 100","14:193#DE14 Set 02;200000463:200004191#Size 100","True","21","63.36","25.34","7.65","no","","","","","","","","","","","","",""
"9326917157114","Halloween Elsa Dress for Girls Children Party Princess Costume Kids Disguise with Long Cloak Girl Snow Queen Carnival Clothes","halloween-elsa-dress-for-girls-children-party-princess-costume-kids-disguise-with-long-cloak-girl-snow-queen-carnival-clothes","DRAFT","no","49738548642042","DE14 Set 02 / Size 110","14:193#DE14 Set 02;200000463:200004195#Size 110","True","8","63.50","25.40","7.66","no","","","","","","","","","","","","",""
"9326917157114","Halloween Elsa Dress for Girls Children Party Princess Costume Kids Disguise with Long Cloak Girl Snow Queen Carnival Clothes","halloween-elsa-dress-for-girls-children-party-princess-costume-kids-disguise-with-long-cloak-girl-snow-queen-carnival-clothes","DRAFT","no","49738549166330","DE14 Set 02 / Size 120","14:193#DE14 Set 02;200000463:200004199#Size 120","True","6","62.66","25.06","7.56","no","","","","","","","","","","","","",""
"9326917157114","Halloween Elsa Dress for Girls Children Party Princess Costume Kids Disguise with Long Cloak Girl Snow Queen Carnival Clothes","halloween-elsa-dress-for-girls-children-party-princess-costume-kids-disguise-with-long-cloak-girl-snow-queen-carnival-clothes","DRAFT","no","49738548609274","DE14 Set 02 / Size 130","14:193#DE14 Set 02;200000463:200004200#Size 130","True","3","65.26","26.10","7.88","no","","","","","","","","","","","","",""
"9326917157114","Halloween Elsa Dress for Girls Children Party Princess Costume Kids Disguise with Long Cloak Girl Snow Queen Carnival Clothes","halloween-elsa-dress-for-girls-children-party-princess-costume-kids-disguise-with-long-cloak-girl-snow-queen-carnival-clothes","DRAFT","no","49738549100794","DE14 Set 02 / Size 140","14:193#DE14 Set 02;200000463:200004203#Size 140","True","12","65.29","26.12","7.88","no","","","","","","","","","","","","",""
"9326917157114","Halloween Elsa Dress for Girls Children Party Princess Costume Kids Disguise with Long Cloak Girl Snow Queen Carnival Clothes","halloween-elsa-dress-for-girls-children-party-princess-costume-kids-disguise-with-long-cloak-girl-snow-queen-carnival-clothes","DRAFT","no","49738549068026","DE14 Set 02 / Size 150","14:193#DE14 Set 02;200000463:200004204#Size 150","True","19","65.82","26.33","7.95","no","","","","","","","","","","","","",""
"9326917157114","Halloween Elsa Dress for Girls Children Party Princess Costume Kids Disguise with Long Cloak Girl Snow Queen Carnival Clothes","halloween-elsa-dress-for-girls-children-party-princess-costume-kids-disguise-with-long-cloak-girl-snow-queen-carnival-clothes","DRAFT","no","49738549002490","DE14 Set 03 / Size 100","14:175#DE14 Set 03;200000463:200004191#Size 100","True","19","63.15","25.26","7.62","no","","","","","","","","","","","","",""
"9326917157114","Halloween Elsa Dress for Girls Children Party Princess Costume Kids Disguise with Long Cloak Girl Snow Queen Carnival Clothes","halloween-elsa-dress-for-girls-children-party-princess-costume-kids-disguise-with-long-cloak-girl-snow-queen-carnival-clothes","DRAFT","no","49738548904186","DE14 Set 03 / Size 110","14:175#DE14 Set 03;200000463:200004195#Size 110","True","3","63.82","25.53","7.70","no","","","","","","","","","","","","",""
"9326917157114","Halloween Elsa Dress for Girls Children Party Princess Costume Kids Disguise with Long Cloak Girl Snow Queen Carnival Clothes","halloween-elsa-dress-for-girls-children-party-princess-costume-kids-disguise-with-long-cloak-girl-snow-queen-carnival-clothes","DRAFT","no","49738548805882","DE14 Set 03 / Size 120","14:175#DE14 Set 03;200000463:200004199#Size 120","True","6","64.31","25.72","7.77","no","","","","","","","","","","","","",""
"9326917157114","Halloween Elsa Dress for Girls Children Party Princess Costume Kids Disguise with Long Cloak Girl Snow Queen Carnival Clothes","halloween-elsa-dress-for-girls-children-party-princess-costume-kids-disguise-with-long-cloak-girl-snow-queen-carnival-clothes","DRAFT","no","49738548838650","DE14 Set 03 / Size 130","14:175#DE14 Set 03;200000463:200004200#Size 130","True","12","65.05","26.02","7.85","no","","","","","","","","","","","","",""
"9326917157114","Halloween Elsa Dress for Girls Children Party Princess Costume Kids Disguise with Long Cloak Girl Snow Queen Carnival Clothes","halloween-elsa-dress-for-girls-children-party-princess-costume-kids-disguise-with-long-cloak-girl-snow-queen-carnival-clothes","DRAFT","no","49738548478202","DE14 Set 03 / Size 140","14:175#DE14 Set 03;200000463:200004203#Size 140","True","11","65.22","26.09","7.87","no","","","","","","","","","","","","",""
"9326917157114","Halloween Elsa Dress for Girls Children Party Princess Costume Kids Disguise with Long Cloak Girl Snow Queen Carnival Clothes","halloween-elsa-dress-for-girls-children-party-princess-costume-kids-disguise-with-long-cloak-girl-snow-queen-carnival-clothes","DRAFT","no","49738548510970","DE14 Set 03 / Size 150","14:175#DE14 Set 03;200000463:200004204#Size 150","True","13","65.65","26.26","7.93","no","","","","","","","","","","","","",""
"9326917157114","Halloween Elsa Dress for Girls Children Party Princess Costume Kids Disguise with Long Cloak Girl Snow Queen Carnival Clothes","halloween-elsa-dress-for-girls-children-party-princess-costume-kids-disguise-with-long-cloak-girl-snow-queen-carnival-clothes","DRAFT","no","49738548936954","DE14 Set 04 / Size 100","14:200004890#DE14 Set 04;200000463:200004191#Size 100","True","9","80.83","32.33","9.83","no","","","","","","","","","","","","",""
"9326917157114","Halloween Elsa Dress for Girls Children Party Princess Costume Kids Disguise with Long Cloak Girl Snow Queen Carnival Clothes","halloween-elsa-dress-for-girls-children-party-princess-costume-kids-disguise-with-long-cloak-girl-snow-queen-carnival-clothes","DRAFT","no","49738548969722","DE14 Set 04 / Size 110","14:200004890#DE14 Set 04;200000463:200004195#Size 110","True","11","81.12","32.45","9.87","no","","","","","","","","","","","","",""
"9326917157114","Halloween Elsa Dress for Girls Children Party Princess Costume Kids Disguise with Long Cloak Girl Snow Queen Carnival Clothes","halloween-elsa-dress-for-girls-children-party-princess-costume-kids-disguise-with-long-cloak-girl-snow-queen-carnival-clothes","DRAFT","no","49738548707578","DE14 Set 04 / Size 120","14:200004890#DE14 Set 04;200000463:200004199#Size 120","True","4","79.74","31.90","9.69","no","","","","","","","","","","","","",""
"9326917157114","Halloween Elsa Dress for Girls Children Party Princess Costume Kids Disguise with Long Cloak Girl Snow Queen Carnival Clothes","halloween-elsa-dress-for-girls-children-party-princess-costume-kids-disguise-with-long-cloak-girl-snow-queen-carnival-clothes","DRAFT","no","49738548871418","DE14 Set 04 / Size 130","14:200004890#DE14 Set 04;200000463:200004200#Size 130","True","13","80.55","32.22","9.80","no","","","","","","","","","","","","",""
"9326917157114","Halloween Elsa Dress for Girls Children Party Princess Costume Kids Disguise with Long Cloak Girl Snow Queen Carnival Clothes","halloween-elsa-dress-for-girls-children-party-princess-costume-kids-disguise-with-long-cloak-girl-snow-queen-carnival-clothes","DRAFT","no","49738549035258","DE14 Set 04 / Size 140","14:200004890#DE14 Set 04;200000463:200004203#Size 140","True","15","80.94","32.38","9.84","no","","","","","","","","","","","","",""
"9326917157114","Halloween Elsa Dress for Girls Children Party Princess Costume Kids Disguise with Long Cloak Girl Snow Queen Carnival Clothes","halloween-elsa-dress-for-girls-children-party-princess-costume-kids-disguise-with-long-cloak-girl-snow-queen-carnival-clothes","DRAFT","no","49738548674810","DE14 Set 04 / Size 150","14:200004890#DE14 Set 04;200000463:200004204#Size 150","True","18","81.36","32.54","9.90","no","","","","","","","","","","","","",""
"9327026569466","Hand-Controlled Mini RC Drone","watch-wrist-hand-controlled-induction-rc-drone-mini-rechargeable-helicopter-with-led-lights","DRAFT","no","49747315097850","Green","14:175#Green","False","0","51.99","20.80","6.21","no","","","","","","","","","","","","",""
"9327026569466","Hand-Controlled Mini RC Drone","watch-wrist-hand-controlled-induction-rc-drone-mini-rechargeable-helicopter-with-led-lights","DRAFT","no","49747315163386","Red","14:10#Red","True","30","18.13","7.25","1.97","no","","","","","","","","","","","","",""
"9327026569466","Hand-Controlled Mini RC Drone","watch-wrist-hand-controlled-induction-rc-drone-mini-rechargeable-helicopter-with-led-lights","DRAFT","no","49747315130618","Yellow","14:366#Yellow","True","18","17.81","7.12","1.94","no","","","","","","","","","","","","",""
"9326917288186","Head Back Protector Baby Protect Pillow Learn Walk Head","head-back-protector-baby-protect-pillow-learn-walk-head-protector-cushion-anti-fall-backward-cap-carry-cartoon-kids-safe-bibi","DRAFT","no","49738549526778","United States / 30cm yellow strap","14:29#30cm yellow strap;200007763:201336106","True","2","83.23","33.29","10.13","no","","","","","","","","","","","","",""
"9327938896122","Jade Roller Face Massager","jade-roller-face-massager","DRAFT","no","49744120709370","Default Title","","True","999","13.99","0.00","7.05","no","","3.03","7~12 days","AliExpress Selection Standard; ships from CN; DSers displayed US $2.15 shipping","","PASS_SHIPPING_HOLD_HYGIENE_REVIEW","","US$2.15","7~12 days","AliExpress Selection Standard; ships from CN; tracking available","","PASS_EXACT_HOLD_HYGIENE_REVIEW","Exact mapped 3Pcs Set checked on 2026-07-26. Ships to Canada and the United States; keep Draft pending hygiene/beauty review and landed-cost confirmation."
"9326917419258","Long-Handle Bottle Brush","long-handle-silicone-bottle-brush-cleaning-brush-kitchen-cleaning-cup-brush-thermos-glass-brush-cleaning-tools","ACTIVE","yes","49738550051066","Grey","14:10#Grey","True","0","11.99","1.46","4.54","yes","1.46","3.03","6~11 days","AliExpress Selection Standard; ships from CN; DSers displayed US $2.15 shipping","26","PASS_TIGHT","US$0.96~1.84","US$1.99","7~11 days","AliExpress Selection Standard; ships from CN; tracking available","26","PASS_SHIPPING_PENDING_US_STOREFRONT_PRICE","Checked in DSers Shipping info modal for Canada on 2026-07-26. Grey and White returned US $2.15 shipping with tracking available; lower-cap variant has limited headroom. U.S. quote checked in DSers on 2026-07-26: US$1.99 shipping, 7~11 days, tracking available."
"9326917419258","Long-Handle Bottle Brush","long-handle-silicone-bottle-brush-cleaning-brush-kitchen-cleaning-cup-brush-thermos-glass-brush-cleaning-tools","ACTIVE","yes","49738550083834","White","14:29#White","True","4","11.99","2.69","3.31","yes","2.69","3.03","6~11 days","AliExpress Selection Standard; ships from CN; DSers displayed US $2.15 shipping","26","PASS_TIGHT","US$0.96~1.84","US$1.99","7~11 days","AliExpress Selection Standard; ships from CN; tracking available","26","PASS_SHIPPING_PENDING_US_STOREFRONT_PRICE","Checked in DSers Shipping info modal for Canada on 2026-07-26. Grey and White returned US $2.15 shipping with tracking available; lower-cap variant has limited headroom. U.S. quote checked in DSers on 2026-07-26: US$1.99 shipping, 7~11 days, tracking available."
"9326917779706","Long-Sleeve Performance Tee","men-bodybuilding-sport-t-shirt-quick-dry-running-shirt-long-sleeve-compression-top-gym-t-shirt-men-fitness-tight-rashgard","ACTIVE","yes","49738557030650","L / BlackBlack Line","14:771#BlackBlack Line;5:361385","True","9","26.49","10.38","3.24","yes","10.38","3.03","7~13 days","AliExpress Selection Standard; ships from CN; representative DSers samples displayed US $2.15 shipping","239","PASS_TIGHT_REPRICED","US$5.84~7.98","US$1.99","9~14 days","AliExpress Selection Standard; ships from CN; tracking available","239","PASS_REPRESENTATIVE_SAMPLE_PENDING_US_STOREFRONT_PRICE","Representative DSers Canada quote on 2026-07-26 across seven visible size/color SKUs: XXL/XXXL Light Gray and M/L/XL/XXL/XXXL BlackGreen Line. Six returned US $2.15 shipping with tracking; XXXL-Light Gray returned No Shipping. Representative CA$3.03 shipping was applied across mapped variants; rows below that cap fail economics. Repriced live to CA(@{product_id=9326917779706; product_title=Long-Sleeve Performance Tee; handle=men-bodybuilding-sport-t-shirt-quick-dry-running-shirt-long-sleeve-compression-top-gym-t-shirt-men-fitness-tight-rashgard; status=ACTIVE; launch_tag=yes; variant_id=49738557030650; variant_title=L / BlackBlack Line; sku=14:771#BlackBlack Line;5:361385; available_for_sale=True; inventory_quantity=9; price=26.49; unit_cost=10.38; canada_shipping_cap=3.24; needs_quote=yes; quote_item_cost=10.38; quote_shipping_cost=3.03; quote_delivery_window=7~13 days; quote_service=AliExpress Selection Standard; ships from CN; representative DSers samples displayed US $2.15 shipping; quote_stock=239; quote_result=PASS_TIGHT_REPRICED; notes=Representative DSers Canada quote on 2026-07-26 across seven visible size/color SKUs: XXL/XXXL Light Gray and M/L/XL/XXL/XXXL BlackGreen Line. Six returned US $2.15 shipping with tracking; XXXL-Light Gray returned No Shipping. Representative CA$3.03 shipping was applied across mapped variants; rows below that cap fail economics.}.price) on 2026-07-26; recalculated Canada shipping cap is CA(@{product_id=9326917779706; product_title=Long-Sleeve Performance Tee; handle=men-bodybuilding-sport-t-shirt-quick-dry-running-shirt-long-sleeve-compression-top-gym-t-shirt-men-fitness-tight-rashgard; status=ACTIVE; launch_tag=yes; variant_id=49738557030650; variant_title=L / BlackBlack Line; sku=14:771#BlackBlack Line;5:361385; available_for_sale=True; inventory_quantity=9; price=26.49; unit_cost=10.38; canada_shipping_cap=3.24; needs_quote=yes; quote_item_cost=10.38; quote_shipping_cost=3.03; quote_delivery_window=7~13 days; quote_service=AliExpress Selection Standard; ships from CN; representative DSers samples displayed US $2.15 shipping; quote_stock=239; quote_result=PASS_TIGHT_REPRICED; notes=Representative DSers Canada quote on 2026-07-26 across seven visible size/color SKUs: XXL/XXXL Light Gray and M/L/XL/XXL/XXXL BlackGreen Line. Six returned US $2.15 shipping with tracking; XXXL-Light Gray returned No Shipping. Representative CA$3.03 shipping was applied across mapped variants; rows below that cap fail economics.}.canada_shipping_cap). Representative U.S. DSers quote on 2026-07-26: XXL/M Light Gray and XL/XXXL BlackGreen Line returned US$1.99 shipping in 9~14 days, tracking available. Applied across remaining sellable mapped variants pending final spot-check."
"9326917779706","Long-Sleeve Performance Tee","men-bodybuilding-sport-t-shirt-quick-dry-running-shirt-long-sleeve-compression-top-gym-t-shirt-men-fitness-tight-rashgard","ACTIVE","yes","49738556997882","L / BlackBlue Line","14:691#BlackBlue Line;5:361385","True","3","25.99","10.22","3.13","yes","10.22","3.03","7~13 days","AliExpress Selection Standard; ships from CN; representative DSers samples displayed US $2.15 shipping","239","PASS_TIGHT_REPRICED_LOW_STOCK","US$5.84~7.98","US$1.99","9~14 days","AliExpress Selection Standard; ships from CN; tracking available","239","PASS_REPRESENTATIVE_SAMPLE_PENDING_US_STOREFRONT_PRICE","Representative DSers Canada quote on 2026-07-26 across seven visible size/color SKUs: XXL/XXXL Light Gray and M/L/XL/XXL/XXXL BlackGreen Line. Six returned US $2.15 shipping with tracking; XXXL-Light Gray returned No Shipping. Representative CA$3.03 shipping was applied across mapped variants; rows below that cap fail economics. Repriced live to CA(@{product_id=9326917779706; product_title=Long-Sleeve Performance Tee; handle=men-bodybuilding-sport-t-shirt-quick-dry-running-shirt-long-sleeve-compression-top-gym-t-shirt-men-fitness-tight-rashgard; status=ACTIVE; launch_tag=yes; variant_id=49738556997882; variant_title=L / BlackBlue Line; sku=14:691#BlackBlue Line;5:361385; available_for_sale=True; inventory_quantity=3; price=25.99; unit_cost=10.22; canada_shipping_cap=3.13; needs_quote=yes; quote_item_cost=10.22; quote_shipping_cost=3.03; quote_delivery_window=7~13 days; quote_service=AliExpress Selection Standard; ships from CN; representative DSers samples displayed US $2.15 shipping; quote_stock=239; quote_result=PASS_TIGHT_REPRICED_LOW_STOCK; notes=Representative DSers Canada quote on 2026-07-26 across seven visible size/color SKUs: XXL/XXXL Light Gray and M/L/XL/XXL/XXXL BlackGreen Line. Six returned US $2.15 shipping with tracking; XXXL-Light Gray returned No Shipping. Representative CA$3.03 shipping was applied across mapped variants; rows below that cap fail economics.}.price) on 2026-07-26; recalculated Canada shipping cap is CA(@{product_id=9326917779706; product_title=Long-Sleeve Performance Tee; handle=men-bodybuilding-sport-t-shirt-quick-dry-running-shirt-long-sleeve-compression-top-gym-t-shirt-men-fitness-tight-rashgard; status=ACTIVE; launch_tag=yes; variant_id=49738556997882; variant_title=L / BlackBlue Line; sku=14:691#BlackBlue Line;5:361385; available_for_sale=True; inventory_quantity=3; price=25.99; unit_cost=10.22; canada_shipping_cap=3.13; needs_quote=yes; quote_item_cost=10.22; quote_shipping_cost=3.03; quote_delivery_window=7~13 days; quote_service=AliExpress Selection Standard; ships from CN; representative DSers samples displayed US $2.15 shipping; quote_stock=239; quote_result=PASS_TIGHT_REPRICED_LOW_STOCK; notes=Representative DSers Canada quote on 2026-07-26 across seven visible size/color SKUs: XXL/XXXL Light Gray and M/L/XL/XXL/XXXL BlackGreen Line. Six returned US $2.15 shipping with tracking; XXXL-Light Gray returned No Shipping. Representative CA$3.03 shipping was applied across mapped variants; rows below that cap fail economics.}.canada_shipping_cap). Representative U.S. DSers quote on 2026-07-26: XXL/M Light Gray and XL/XXXL BlackGreen Line returned US$1.99 shipping in 9~14 days, tracking available. Applied across remaining sellable mapped variants pending final spot-check."
"9326917779706","Long-Sleeve Performance Tee","men-bodybuilding-sport-t-shirt-quick-dry-running-shirt-long-sleeve-compression-top-gym-t-shirt-men-fitness-tight-rashgard","ACTIVE","yes","49738556637434","L / BlackGray Line","14:350850#BlackGray Line;5:361385","True","2","26.65","10.66","3.04","yes","10.66","3.03","7~13 days","AliExpress Selection Standard; ships from CN; representative DSers samples displayed US $2.15 shipping","239","PASS_REPRESENTATIVE_SAMPLE","US$5.84~7.98","US$1.99","9~14 days","AliExpress Selection Standard; ships from CN; tracking available","239","PASS_REPRESENTATIVE_SAMPLE_PENDING_US_STOREFRONT_PRICE","Representative DSers Canada quote on 2026-07-26 across seven visible size/color SKUs: XXL/XXXL Light Gray and M/L/XL/XXL/XXXL BlackGreen Line. Six returned US $2.15 shipping with tracking; XXXL-Light Gray returned No Shipping. Representative CA$3.03 shipping was applied across mapped variants; rows below that cap fail economics. Representative U.S. DSers quote on 2026-07-26: XXL/M Light Gray and XL/XXXL BlackGreen Line returned US$1.99 shipping in 9~14 days, tracking available. Applied across remaining sellable mapped variants pending final spot-check."
"9326917779706","Long-Sleeve Performance Tee","men-bodybuilding-sport-t-shirt-quick-dry-running-shirt-long-sleeve-compression-top-gym-t-shirt-men-fitness-tight-rashgard","ACTIVE","yes","49738556276986","L / BlackGreen Line","14:365458#BlackGreen Line;5:361385","True","9","26.49","10.48","3.14","yes","10.48","3.03","7~13 days","AliExpress Selection Standard; ships from CN; representative DSers samples displayed US $2.15 shipping","239","PASS_TIGHT_REPRICED","US$5.84~7.98","US$1.99","9~14 days","AliExpress Selection Standard; ships from CN; tracking available","239","PASS_REPRESENTATIVE_SAMPLE_PENDING_US_STOREFRONT_PRICE","Representative DSers Canada quote on 2026-07-26 across seven visible size/color SKUs: XXL/XXXL Light Gray and M/L/XL/XXL/XXXL BlackGreen Line. Six returned US $2.15 shipping with tracking; XXXL-Light Gray returned No Shipping. Representative CA$3.03 shipping was applied across mapped variants; rows below that cap fail economics. Repriced live to CA(@{product_id=9326917779706; product_title=Long-Sleeve Performance Tee; handle=men-bodybuilding-sport-t-shirt-quick-dry-running-shirt-long-sleeve-compression-top-gym-t-shirt-men-fitness-tight-rashgard; status=ACTIVE; launch_tag=yes; variant_id=49738556276986; variant_title=L / BlackGreen Line; sku=14:365458#BlackGreen Line;5:361385; available_for_sale=True; inventory_quantity=9; price=26.49; unit_cost=10.48; canada_shipping_cap=3.14; needs_quote=yes; quote_item_cost=10.48; quote_shipping_cost=3.03; quote_delivery_window=7~13 days; quote_service=AliExpress Selection Standard; ships from CN; representative DSers samples displayed US $2.15 shipping; quote_stock=239; quote_result=PASS_TIGHT_REPRICED; notes=Representative DSers Canada quote on 2026-07-26 across seven visible size/color SKUs: XXL/XXXL Light Gray and M/L/XL/XXL/XXXL BlackGreen Line. Six returned US $2.15 shipping with tracking; XXXL-Light Gray returned No Shipping. Representative CA$3.03 shipping was applied across mapped variants; rows below that cap fail economics.}.price) on 2026-07-26; recalculated Canada shipping cap is CA(@{product_id=9326917779706; product_title=Long-Sleeve Performance Tee; handle=men-bodybuilding-sport-t-shirt-quick-dry-running-shirt-long-sleeve-compression-top-gym-t-shirt-men-fitness-tight-rashgard; status=ACTIVE; launch_tag=yes; variant_id=49738556276986; variant_title=L / BlackGreen Line; sku=14:365458#BlackGreen Line;5:361385; available_for_sale=True; inventory_quantity=9; price=26.49; unit_cost=10.48; canada_shipping_cap=3.14; needs_quote=yes; quote_item_cost=10.48; quote_shipping_cost=3.03; quote_delivery_window=7~13 days; quote_service=AliExpress Selection Standard; ships from CN; representative DSers samples displayed US $2.15 shipping; quote_stock=239; quote_result=PASS_TIGHT_REPRICED; notes=Representative DSers Canada quote on 2026-07-26 across seven visible size/color SKUs: XXL/XXXL Light Gray and M/L/XL/XXL/XXXL BlackGreen Line. Six returned US $2.15 shipping with tracking; XXXL-Light Gray returned No Shipping. Representative CA$3.03 shipping was applied across mapped variants; rows below that cap fail economics.}.canada_shipping_cap). Representative U.S. DSers quote on 2026-07-26: XXL/M Light Gray and XL/XXXL BlackGreen Line returned US$1.99 shipping in 9~14 days, tracking available. Applied across remaining sellable mapped variants pending final spot-check."
"9326917779706","Long-Sleeve Performance Tee","men-bodybuilding-sport-t-shirt-quick-dry-running-shirt-long-sleeve-compression-top-gym-t-shirt-men-fitness-tight-rashgard","ACTIVE","yes","49738557194490","L / BlackRed Line","14:173#BlackRed Line;5:361385","True","4","26.55","10.62","3.03","yes","10.62","3.03","7~13 days","AliExpress Selection Standard; ships from CN; representative DSers samples displayed US $2.15 shipping","239","PASS_REPRESENTATIVE_SAMPLE","US$5.84~7.98","US$1.99","9~14 days","AliExpress Selection Standard; ships from CN; tracking available","239","PASS_REPRESENTATIVE_SAMPLE_PENDING_US_STOREFRONT_PRICE","Representative DSers Canada quote on 2026-07-26 across seven visible size/color SKUs: XXL/XXXL Light Gray and M/L/XL/XXL/XXXL BlackGreen Line. Six returned US $2.15 shipping with tracking; XXXL-Light Gray returned No Shipping. Representative CA$3.03 shipping was applied across mapped variants; rows below that cap fail economics. Representative U.S. DSers quote on 2026-07-26: XXL/M Light Gray and XL/XXXL BlackGreen Line returned US$1.99 shipping in 9~14 days, tracking available. Applied across remaining sellable mapped variants pending final spot-check."
"9326917779706","Long-Sleeve Performance Tee","men-bodybuilding-sport-t-shirt-quick-dry-running-shirt-long-sleeve-compression-top-gym-t-shirt-men-fitness-tight-rashgard","ACTIVE","yes","49738556473594","L / Light Gray","14:175#Light Gray;5:361385","True","11","25.49","10.04","3.05","yes","10.04","3.03","7~13 days","AliExpress Selection Standard; ships from CN; representative DSers samples displayed US $2.15 shipping","239","PASS_TIGHT_REPRICED","US$5.84~7.98","US$1.99","9~14 days","AliExpress Selection Standard; ships from CN; tracking available","239","PASS_REPRESENTATIVE_SAMPLE_PENDING_US_STOREFRONT_PRICE","Representative DSers Canada quote on 2026-07-26 across seven visible size/color SKUs: XXL/XXXL Light Gray and M/L/XL/XXL/XXXL BlackGreen Line. Six returned US $2.15 shipping with tracking; XXXL-Light Gray returned No Shipping. Representative CA$3.03 shipping was applied across mapped variants; rows below that cap fail economics. Repriced live to CA(@{product_id=9326917779706; product_title=Long-Sleeve Performance Tee; handle=men-bodybuilding-sport-t-shirt-quick-dry-running-shirt-long-sleeve-compression-top-gym-t-shirt-men-fitness-tight-rashgard; status=ACTIVE; launch_tag=yes; variant_id=49738556473594; variant_title=L / Light Gray; sku=14:175#Light Gray;5:361385; available_for_sale=True; inventory_quantity=11; price=25.49; unit_cost=10.04; canada_shipping_cap=3.05; needs_quote=yes; quote_item_cost=10.04; quote_shipping_cost=3.03; quote_delivery_window=7~13 days; quote_service=AliExpress Selection Standard; ships from CN; representative DSers samples displayed US $2.15 shipping; quote_stock=239; quote_result=PASS_TIGHT_REPRICED; notes=Representative DSers Canada quote on 2026-07-26 across seven visible size/color SKUs: XXL/XXXL Light Gray and M/L/XL/XXL/XXXL BlackGreen Line. Six returned US $2.15 shipping with tracking; XXXL-Light Gray returned No Shipping. Representative CA$3.03 shipping was applied across mapped variants; rows below that cap fail economics.}.price) on 2026-07-26; recalculated Canada shipping cap is CA(@{product_id=9326917779706; product_title=Long-Sleeve Performance Tee; handle=men-bodybuilding-sport-t-shirt-quick-dry-running-shirt-long-sleeve-compression-top-gym-t-shirt-men-fitness-tight-rashgard; status=ACTIVE; launch_tag=yes; variant_id=49738556473594; variant_title=L / Light Gray; sku=14:175#Light Gray;5:361385; available_for_sale=True; inventory_quantity=11; price=25.49; unit_cost=10.04; canada_shipping_cap=3.05; needs_quote=yes; quote_item_cost=10.04; quote_shipping_cost=3.03; quote_delivery_window=7~13 days; quote_service=AliExpress Selection Standard; ships from CN; representative DSers samples displayed US $2.15 shipping; quote_stock=239; quote_result=PASS_TIGHT_REPRICED; notes=Representative DSers Canada quote on 2026-07-26 across seven visible size/color SKUs: XXL/XXXL Light Gray and M/L/XL/XXL/XXXL BlackGreen Line. Six returned US $2.15 shipping with tracking; XXXL-Light Gray returned No Shipping. Representative CA$3.03 shipping was applied across mapped variants; rows below that cap fail economics.}.canada_shipping_cap). Representative U.S. DSers quote on 2026-07-26: XXL/M Light Gray and XL/XXXL BlackGreen Line returned US$1.99 shipping in 9~14 days, tracking available. Applied across remaining sellable mapped variants pending final spot-check."
"9326917779706","Long-Sleeve Performance Tee","men-bodybuilding-sport-t-shirt-quick-dry-running-shirt-long-sleeve-compression-top-gym-t-shirt-men-fitness-tight-rashgard","ACTIVE","yes","49738556834042","L / White","14:193#White;5:361385","True","4","25.99","10.31","3.04","yes","10.31","3.03","7~13 days","AliExpress Selection Standard; ships from CN; representative DSers samples displayed US $2.15 shipping","239","PASS_TIGHT_REPRICED","US$5.84~7.98","US$1.99","9~14 days","AliExpress Selection Standard; ships from CN; tracking available","239","PASS_REPRESENTATIVE_SAMPLE_PENDING_US_STOREFRONT_PRICE","Representative DSers Canada quote on 2026-07-26 across seven visible size/color SKUs: XXL/XXXL Light Gray and M/L/XL/XXL/XXXL BlackGreen Line. Six returned US $2.15 shipping with tracking; XXXL-Light Gray returned No Shipping. Representative CA$3.03 shipping was applied across mapped variants; rows below that cap fail economics. Repriced live to CA(@{product_id=9326917779706; product_title=Long-Sleeve Performance Tee; handle=men-bodybuilding-sport-t-shirt-quick-dry-running-shirt-long-sleeve-compression-top-gym-t-shirt-men-fitness-tight-rashgard; status=ACTIVE; launch_tag=yes; variant_id=49738556834042; variant_title=L / White; sku=14:193#White;5:361385; available_for_sale=True; inventory_quantity=4; price=25.99; unit_cost=10.31; canada_shipping_cap=3.04; needs_quote=yes; quote_item_cost=10.31; quote_shipping_cost=3.03; quote_delivery_window=7~13 days; quote_service=AliExpress Selection Standard; ships from CN; representative DSers samples displayed US $2.15 shipping; quote_stock=239; quote_result=PASS_TIGHT_REPRICED; notes=Representative DSers Canada quote on 2026-07-26 across seven visible size/color SKUs: XXL/XXXL Light Gray and M/L/XL/XXL/XXXL BlackGreen Line. Six returned US $2.15 shipping with tracking; XXXL-Light Gray returned No Shipping. Representative CA$3.03 shipping was applied across mapped variants; rows below that cap fail economics.}.price) on 2026-07-26; recalculated Canada shipping cap is CA(@{product_id=9326917779706; product_title=Long-Sleeve Performance Tee; handle=men-bodybuilding-sport-t-shirt-quick-dry-running-shirt-long-sleeve-compression-top-gym-t-shirt-men-fitness-tight-rashgard; status=ACTIVE; launch_tag=yes; variant_id=49738556834042; variant_title=L / White; sku=14:193#White;5:361385; available_for_sale=True; inventory_quantity=4; price=25.99; unit_cost=10.31; canada_shipping_cap=3.04; needs_quote=yes; quote_item_cost=10.31; quote_shipping_cost=3.03; quote_delivery_window=7~13 days; quote_service=AliExpress Selection Standard; ships from CN; representative DSers samples displayed US $2.15 shipping; quote_stock=239; quote_result=PASS_TIGHT_REPRICED; notes=Representative DSers Canada quote on 2026-07-26 across seven visible size/color SKUs: XXL/XXXL Light Gray and M/L/XL/XXL/XXXL BlackGreen Line. Six returned US $2.15 shipping with tracking; XXXL-Light Gray returned No Shipping. Representative CA$3.03 shipping was applied across mapped variants; rows below that cap fail economics.}.canada_shipping_cap). Representative U.S. DSers quote on 2026-07-26: XXL/M Light Gray and XL/XXXL BlackGreen Line returned US$1.99 shipping in 9~14 days, tracking available. Applied across remaining sellable mapped variants pending final spot-check."
"9326917779706","Long-Sleeve Performance Tee","men-bodybuilding-sport-t-shirt-quick-dry-running-shirt-long-sleeve-compression-top-gym-t-shirt-men-fitness-tight-rashgard","ACTIVE","yes","49738557128954","M / BlackBlack Line","14:771#BlackBlack Line;5:361386","True","10","25.99","10.18","3.17","yes","10.18","3.03","7~13 days","AliExpress Selection Standard; ships from CN; representative DSers samples displayed US $2.15 shipping","239","PASS_TIGHT_REPRICED","US$5.84~7.98","US$1.99","9~14 days","AliExpress Selection Standard; ships from CN; tracking available","239","PASS_REPRESENTATIVE_SAMPLE_PENDING_US_STOREFRONT_PRICE","Representative DSers Canada quote on 2026-07-26 across seven visible size/color SKUs: XXL/XXXL Light Gray and M/L/XL/XXL/XXXL BlackGreen Line. Six returned US $2.15 shipping with tracking; XXXL-Light Gray returned No Shipping. Representative CA$3.03 shipping was applied across mapped variants; rows below that cap fail economics. Repriced live to CA(@{product_id=9326917779706; product_title=Long-Sleeve Performance Tee; handle=men-bodybuilding-sport-t-shirt-quick-dry-running-shirt-long-sleeve-compression-top-gym-t-shirt-men-fitness-tight-rashgard; status=ACTIVE; launch_tag=yes; variant_id=49738557128954; variant_title=M / BlackBlack Line; sku=14:771#BlackBlack Line;5:361386; available_for_sale=True; inventory_quantity=10; price=25.99; unit_cost=10.18; canada_shipping_cap=3.17; needs_quote=yes; quote_item_cost=10.18; quote_shipping_cost=3.03; quote_delivery_window=7~13 days; quote_service=AliExpress Selection Standard; ships from CN; representative DSers samples displayed US $2.15 shipping; quote_stock=239; quote_result=PASS_TIGHT_REPRICED; notes=Representative DSers Canada quote on 2026-07-26 across seven visible size/color SKUs: XXL/XXXL Light Gray and M/L/XL/XXL/XXXL BlackGreen Line. Six returned US $2.15 shipping with tracking; XXXL-Light Gray returned No Shipping. Representative CA$3.03 shipping was applied across mapped variants; rows below that cap fail economics.}.price) on 2026-07-26; recalculated Canada shipping cap is CA(@{product_id=9326917779706; product_title=Long-Sleeve Performance Tee; handle=men-bodybuilding-sport-t-shirt-quick-dry-running-shirt-long-sleeve-compression-top-gym-t-shirt-men-fitness-tight-rashgard; status=ACTIVE; launch_tag=yes; variant_id=49738557128954; variant_title=M / BlackBlack Line; sku=14:771#BlackBlack Line;5:361386; available_for_sale=True; inventory_quantity=10; price=25.99; unit_cost=10.18; canada_shipping_cap=3.17; needs_quote=yes; quote_item_cost=10.18; quote_shipping_cost=3.03; quote_delivery_window=7~13 days; quote_service=AliExpress Selection Standard; ships from CN; representative DSers samples displayed US $2.15 shipping; quote_stock=239; quote_result=PASS_TIGHT_REPRICED; notes=Representative DSers Canada quote on 2026-07-26 across seven visible size/color SKUs: XXL/XXXL Light Gray and M/L/XL/XXL/XXXL BlackGreen Line. Six returned US $2.15 shipping with tracking; XXXL-Light Gray returned No Shipping. Representative CA$3.03 shipping was applied across mapped variants; rows below that cap fail economics.}.canada_shipping_cap). Representative U.S. DSers quote on 2026-07-26: XXL/M Light Gray and XL/XXXL BlackGreen Line returned US$1.99 shipping in 9~14 days, tracking available. Applied across remaining sellable mapped variants pending final spot-check."
"9326917779706","Long-Sleeve Performance Tee","men-bodybuilding-sport-t-shirt-quick-dry-running-shirt-long-sleeve-compression-top-gym-t-shirt-men-fitness-tight-rashgard","ACTIVE","yes","49738556571898","M / BlackBlue Line","14:691#BlackBlue Line;5:361386","True","3","25.99","10.24","3.11","yes","10.24","3.03","7~13 days","AliExpress Selection Standard; ships from CN; representative DSers samples displayed US $2.15 shipping","239","PASS_TIGHT_REPRICED_LOW_STOCK","US$5.84~7.98","US$1.99","9~14 days","AliExpress Selection Standard; ships from CN; tracking available","239","PASS_REPRESENTATIVE_SAMPLE_PENDING_US_STOREFRONT_PRICE","Representative DSers Canada quote on 2026-07-26 across seven visible size/color SKUs: XXL/XXXL Light Gray and M/L/XL/XXL/XXXL BlackGreen Line. Six returned US $2.15 shipping with tracking; XXXL-Light Gray returned No Shipping. Representative CA$3.03 shipping was applied across mapped variants; rows below that cap fail economics. Repriced live to CA(@{product_id=9326917779706; product_title=Long-Sleeve Performance Tee; handle=men-bodybuilding-sport-t-shirt-quick-dry-running-shirt-long-sleeve-compression-top-gym-t-shirt-men-fitness-tight-rashgard; status=ACTIVE; launch_tag=yes; variant_id=49738556571898; variant_title=M / BlackBlue Line; sku=14:691#BlackBlue Line;5:361386; available_for_sale=True; inventory_quantity=3; price=25.99; unit_cost=10.24; canada_shipping_cap=3.11; needs_quote=yes; quote_item_cost=10.24; quote_shipping_cost=3.03; quote_delivery_window=7~13 days; quote_service=AliExpress Selection Standard; ships from CN; representative DSers samples displayed US $2.15 shipping; quote_stock=239; quote_result=PASS_TIGHT_REPRICED_LOW_STOCK; notes=Representative DSers Canada quote on 2026-07-26 across seven visible size/color SKUs: XXL/XXXL Light Gray and M/L/XL/XXL/XXXL BlackGreen Line. Six returned US $2.15 shipping with tracking; XXXL-Light Gray returned No Shipping. Representative CA$3.03 shipping was applied across mapped variants; rows below that cap fail economics.}.price) on 2026-07-26; recalculated Canada shipping cap is CA(@{product_id=9326917779706; product_title=Long-Sleeve Performance Tee; handle=men-bodybuilding-sport-t-shirt-quick-dry-running-shirt-long-sleeve-compression-top-gym-t-shirt-men-fitness-tight-rashgard; status=ACTIVE; launch_tag=yes; variant_id=49738556571898; variant_title=M / BlackBlue Line; sku=14:691#BlackBlue Line;5:361386; available_for_sale=True; inventory_quantity=3; price=25.99; unit_cost=10.24; canada_shipping_cap=3.11; needs_quote=yes; quote_item_cost=10.24; quote_shipping_cost=3.03; quote_delivery_window=7~13 days; quote_service=AliExpress Selection Standard; ships from CN; representative DSers samples displayed US $2.15 shipping; quote_stock=239; quote_result=PASS_TIGHT_REPRICED_LOW_STOCK; notes=Representative DSers Canada quote on 2026-07-26 across seven visible size/color SKUs: XXL/XXXL Light Gray and M/L/XL/XXL/XXXL BlackGreen Line. Six returned US $2.15 shipping with tracking; XXXL-Light Gray returned No Shipping. Representative CA$3.03 shipping was applied across mapped variants; rows below that cap fail economics.}.canada_shipping_cap). Representative U.S. DSers quote on 2026-07-26: XXL/M Light Gray and XL/XXXL BlackGreen Line returned US$1.99 shipping in 9~14 days, tracking available. Applied across remaining sellable mapped variants pending final spot-check."
"9326917779706","Long-Sleeve Performance Tee","men-bodybuilding-sport-t-shirt-quick-dry-running-shirt-long-sleeve-compression-top-gym-t-shirt-men-fitness-tight-rashgard","ACTIVE","yes","49738556735738","M / BlackGray Line","14:350850#BlackGray Line;5:361386","True","2","25.99","10.22","3.13","yes","10.22","3.03","7~13 days","AliExpress Selection Standard; ships from CN; representative DSers samples displayed US $2.15 shipping","239","PASS_TIGHT_REPRICED_LOW_STOCK","US$5.84~7.98","US$1.99","9~14 days","AliExpress Selection Standard; ships from CN; tracking available","239","PASS_REPRESENTATIVE_SAMPLE_PENDING_US_STOREFRONT_PRICE","Representative DSers Canada quote on 2026-07-26 across seven visible size/color SKUs: XXL/XXXL Light Gray and M/L/XL/XXL/XXXL BlackGreen Line. Six returned US $2.15 shipping with tracking; XXXL-Light Gray returned No Shipping. Representative CA$3.03 shipping was applied across mapped variants; rows below that cap fail economics. Repriced live to CA(@{product_id=9326917779706; product_title=Long-Sleeve Performance Tee; handle=men-bodybuilding-sport-t-shirt-quick-dry-running-shirt-long-sleeve-compression-top-gym-t-shirt-men-fitness-tight-rashgard; status=ACTIVE; launch_tag=yes; variant_id=49738556735738; variant_title=M / BlackGray Line; sku=14:350850#BlackGray Line;5:361386; available_for_sale=True; inventory_quantity=2; price=25.99; unit_cost=10.22; canada_shipping_cap=3.13; needs_quote=yes; quote_item_cost=10.22; quote_shipping_cost=3.03; quote_delivery_window=7~13 days; quote_service=AliExpress Selection Standard; ships from CN; representative DSers samples displayed US $2.15 shipping; quote_stock=239; quote_result=PASS_TIGHT_REPRICED_LOW_STOCK; notes=Representative DSers Canada quote on 2026-07-26 across seven visible size/color SKUs: XXL/XXXL Light Gray and M/L/XL/XXL/XXXL BlackGreen Line. Six returned US $2.15 shipping with tracking; XXXL-Light Gray returned No Shipping. Representative CA$3.03 shipping was applied across mapped variants; rows below that cap fail economics.}.price) on 2026-07-26; recalculated Canada shipping cap is CA(@{product_id=9326917779706; product_title=Long-Sleeve Performance Tee; handle=men-bodybuilding-sport-t-shirt-quick-dry-running-shirt-long-sleeve-compression-top-gym-t-shirt-men-fitness-tight-rashgard; status=ACTIVE; launch_tag=yes; variant_id=49738556735738; variant_title=M / BlackGray Line; sku=14:350850#BlackGray Line;5:361386; available_for_sale=True; inventory_quantity=2; price=25.99; unit_cost=10.22; canada_shipping_cap=3.13; needs_quote=yes; quote_item_cost=10.22; quote_shipping_cost=3.03; quote_delivery_window=7~13 days; quote_service=AliExpress Selection Standard; ships from CN; representative DSers samples displayed US $2.15 shipping; quote_stock=239; quote_result=PASS_TIGHT_REPRICED_LOW_STOCK; notes=Representative DSers Canada quote on 2026-07-26 across seven visible size/color SKUs: XXL/XXXL Light Gray and M/L/XL/XXL/XXXL BlackGreen Line. Six returned US $2.15 shipping with tracking; XXXL-Light Gray returned No Shipping. Representative CA$3.03 shipping was applied across mapped variants; rows below that cap fail economics.}.canada_shipping_cap). Representative U.S. DSers quote on 2026-07-26: XXL/M Light Gray and XL/XXXL BlackGreen Line returned US$1.99 shipping in 9~14 days, tracking available. Applied across remaining sellable mapped variants pending final spot-check."
"9326917779706","Long-Sleeve Performance Tee","men-bodybuilding-sport-t-shirt-quick-dry-running-shirt-long-sleeve-compression-top-gym-t-shirt-men-fitness-tight-rashgard","ACTIVE","yes","49738556375290","M / BlackGreen Line","14:365458#BlackGreen Line;5:361386","True","8","26.49","10.51","3.11","yes","10.51","3.03","7~13 days","AliExpress Selection Standard; ships from CN; representative DSers samples displayed US $2.15 shipping","239","PASS_TIGHT_REPRICED","US$5.84~7.98","US$1.99","9~14 days","AliExpress Selection Standard; ships from CN; tracking available","239","PASS_REPRESENTATIVE_SAMPLE_PENDING_US_STOREFRONT_PRICE","Representative DSers Canada quote on 2026-07-26 across seven visible size/color SKUs: XXL/XXXL Light Gray and M/L/XL/XXL/XXXL BlackGreen Line. Six returned US $2.15 shipping with tracking; XXXL-Light Gray returned No Shipping. Representative CA$3.03 shipping was applied across mapped variants; rows below that cap fail economics. Repriced live to CA(@{product_id=9326917779706; product_title=Long-Sleeve Performance Tee; handle=men-bodybuilding-sport-t-shirt-quick-dry-running-shirt-long-sleeve-compression-top-gym-t-shirt-men-fitness-tight-rashgard; status=ACTIVE; launch_tag=yes; variant_id=49738556375290; variant_title=M / BlackGreen Line; sku=14:365458#BlackGreen Line;5:361386; available_for_sale=True; inventory_quantity=8; price=26.49; unit_cost=10.51; canada_shipping_cap=3.11; needs_quote=yes; quote_item_cost=10.51; quote_shipping_cost=3.03; quote_delivery_window=7~13 days; quote_service=AliExpress Selection Standard; ships from CN; representative DSers samples displayed US $2.15 shipping; quote_stock=239; quote_result=PASS_TIGHT_REPRICED; notes=Representative DSers Canada quote on 2026-07-26 across seven visible size/color SKUs: XXL/XXXL Light Gray and M/L/XL/XXL/XXXL BlackGreen Line. Six returned US $2.15 shipping with tracking; XXXL-Light Gray returned No Shipping. Representative CA$3.03 shipping was applied across mapped variants; rows below that cap fail economics.}.price) on 2026-07-26; recalculated Canada shipping cap is CA(@{product_id=9326917779706; product_title=Long-Sleeve Performance Tee; handle=men-bodybuilding-sport-t-shirt-quick-dry-running-shirt-long-sleeve-compression-top-gym-t-shirt-men-fitness-tight-rashgard; status=ACTIVE; launch_tag=yes; variant_id=49738556375290; variant_title=M / BlackGreen Line; sku=14:365458#BlackGreen Line;5:361386; available_for_sale=True; inventory_quantity=8; price=26.49; unit_cost=10.51; canada_shipping_cap=3.11; needs_quote=yes; quote_item_cost=10.51; quote_shipping_cost=3.03; quote_delivery_window=7~13 days; quote_service=AliExpress Selection Standard; ships from CN; representative DSers samples displayed US $2.15 shipping; quote_stock=239; quote_result=PASS_TIGHT_REPRICED; notes=Representative DSers Canada quote on 2026-07-26 across seven visible size/color SKUs: XXL/XXXL Light Gray and M/L/XL/XXL/XXXL BlackGreen Line. Six returned US $2.15 shipping with tracking; XXXL-Light Gray returned No Shipping. Representative CA$3.03 shipping was applied across mapped variants; rows below that cap fail economics.}.canada_shipping_cap). Representative U.S. DSers quote on 2026-07-26: XXL/M Light Gray and XL/XXXL BlackGreen Line returned US$1.99 shipping in 9~14 days, tracking available. Applied across remaining sellable mapped variants pending final spot-check."
"9326917779706","Long-Sleeve Performance Tee","men-bodybuilding-sport-t-shirt-quick-dry-running-shirt-long-sleeve-compression-top-gym-t-shirt-men-fitness-tight-rashgard","ACTIVE","yes","49738556768506","M / BlackRed Line","14:173#BlackRed Line;5:361386","True","5","26.49","10.49","3.13","yes","10.49","3.03","7~13 days","AliExpress Selection Standard; ships from CN; representative DSers samples displayed US $2.15 shipping","239","PASS_TIGHT_REPRICED","US$5.84~7.98","US$1.99","9~14 days","AliExpress Selection Standard; ships from CN; tracking available","239","PASS_REPRESENTATIVE_SAMPLE_PENDING_US_STOREFRONT_PRICE","Representative DSers Canada quote on 2026-07-26 across seven visible size/color SKUs: XXL/XXXL Light Gray and M/L/XL/XXL/XXXL BlackGreen Line. Six returned US $2.15 shipping with tracking; XXXL-Light Gray returned No Shipping. Representative CA$3.03 shipping was applied across mapped variants; rows below that cap fail economics. Repriced live to CA(@{product_id=9326917779706; product_title=Long-Sleeve Performance Tee; handle=men-bodybuilding-sport-t-shirt-quick-dry-running-shirt-long-sleeve-compression-top-gym-t-shirt-men-fitness-tight-rashgard; status=ACTIVE; launch_tag=yes; variant_id=49738556768506; variant_title=M / BlackRed Line; sku=14:173#BlackRed Line;5:361386; available_for_sale=True; inventory_quantity=5; price=26.49; unit_cost=10.49; canada_shipping_cap=3.13; needs_quote=yes; quote_item_cost=10.49; quote_shipping_cost=3.03; quote_delivery_window=7~13 days; quote_service=AliExpress Selection Standard; ships from CN; representative DSers samples displayed US $2.15 shipping; quote_stock=239; quote_result=PASS_TIGHT_REPRICED; notes=Representative DSers Canada quote on 2026-07-26 across seven visible size/color SKUs: XXL/XXXL Light Gray and M/L/XL/XXL/XXXL BlackGreen Line. Six returned US $2.15 shipping with tracking; XXXL-Light Gray returned No Shipping. Representative CA$3.03 shipping was applied across mapped variants; rows below that cap fail economics.}.price) on 2026-07-26; recalculated Canada shipping cap is CA(@{product_id=9326917779706; product_title=Long-Sleeve Performance Tee; handle=men-bodybuilding-sport-t-shirt-quick-dry-running-shirt-long-sleeve-compression-top-gym-t-shirt-men-fitness-tight-rashgard; status=ACTIVE; launch_tag=yes; variant_id=49738556768506; variant_title=M / BlackRed Line; sku=14:173#BlackRed Line;5:361386; available_for_sale=True; inventory_quantity=5; price=26.49; unit_cost=10.49; canada_shipping_cap=3.13; needs_quote=yes; quote_item_cost=10.49; quote_shipping_cost=3.03; quote_delivery_window=7~13 days; quote_service=AliExpress Selection Standard; ships from CN; representative DSers samples displayed US $2.15 shipping; quote_stock=239; quote_result=PASS_TIGHT_REPRICED; notes=Representative DSers Canada quote on 2026-07-26 across seven visible size/color SKUs: XXL/XXXL Light Gray and M/L/XL/XXL/XXXL BlackGreen Line. Six returned US $2.15 shipping with tracking; XXXL-Light Gray returned No Shipping. Representative CA$3.03 shipping was applied across mapped variants; rows below that cap fail economics.}.canada_shipping_cap). Representative U.S. DSers quote on 2026-07-26: XXL/M Light Gray and XL/XXXL BlackGreen Line returned US$1.99 shipping in 9~14 days, tracking available. Applied across remaining sellable mapped variants pending final spot-check."
"9326917779706","Long-Sleeve Performance Tee","men-bodybuilding-sport-t-shirt-quick-dry-running-shirt-long-sleeve-compression-top-gym-t-shirt-men-fitness-tight-rashgard","ACTIVE","yes","49738556211450","M / Light Gray","14:175#Light Gray;5:361386","True","5","25.49","10.01","3.08","yes","10.01","3.03","7~13 days","AliExpress Selection Standard; ships from CN; representative DSers samples displayed US $2.15 shipping","239","PASS_TIGHT_REPRICED","US$5.84~7.98","US$1.99","9~14 days","AliExpress Selection Standard; ships from CN; tracking available","239","PASS_REPRESENTATIVE_SAMPLE_PENDING_US_STOREFRONT_PRICE","Representative DSers Canada quote on 2026-07-26 across seven visible size/color SKUs: XXL/XXXL Light Gray and M/L/XL/XXL/XXXL BlackGreen Line. Six returned US $2.15 shipping with tracking; XXXL-Light Gray returned No Shipping. Representative CA$3.03 shipping was applied across mapped variants; rows below that cap fail economics. Repriced live to CA(@{product_id=9326917779706; product_title=Long-Sleeve Performance Tee; handle=men-bodybuilding-sport-t-shirt-quick-dry-running-shirt-long-sleeve-compression-top-gym-t-shirt-men-fitness-tight-rashgard; status=ACTIVE; launch_tag=yes; variant_id=49738556211450; variant_title=M / Light Gray; sku=14:175#Light Gray;5:361386; available_for_sale=True; inventory_quantity=5; price=25.49; unit_cost=10.01; canada_shipping_cap=3.08; needs_quote=yes; quote_item_cost=10.01; quote_shipping_cost=3.03; quote_delivery_window=7~13 days; quote_service=AliExpress Selection Standard; ships from CN; representative DSers samples displayed US $2.15 shipping; quote_stock=239; quote_result=PASS_TIGHT_REPRICED; notes=Representative DSers Canada quote on 2026-07-26 across seven visible size/color SKUs: XXL/XXXL Light Gray and M/L/XL/XXL/XXXL BlackGreen Line. Six returned US $2.15 shipping with tracking; XXXL-Light Gray returned No Shipping. Representative CA$3.03 shipping was applied across mapped variants; rows below that cap fail economics.}.price) on 2026-07-26; recalculated Canada shipping cap is CA(@{product_id=9326917779706; product_title=Long-Sleeve Performance Tee; handle=men-bodybuilding-sport-t-shirt-quick-dry-running-shirt-long-sleeve-compression-top-gym-t-shirt-men-fitness-tight-rashgard; status=ACTIVE; launch_tag=yes; variant_id=49738556211450; variant_title=M / Light Gray; sku=14:175#Light Gray;5:361386; available_for_sale=True; inventory_quantity=5; price=25.49; unit_cost=10.01; canada_shipping_cap=3.08; needs_quote=yes; quote_item_cost=10.01; quote_shipping_cost=3.03; quote_delivery_window=7~13 days; quote_service=AliExpress Selection Standard; ships from CN; representative DSers samples displayed US $2.15 shipping; quote_stock=239; quote_result=PASS_TIGHT_REPRICED; notes=Representative DSers Canada quote on 2026-07-26 across seven visible size/color SKUs: XXL/XXXL Light Gray and M/L/XL/XXL/XXXL BlackGreen Line. Six returned US $2.15 shipping with tracking; XXXL-Light Gray returned No Shipping. Representative CA$3.03 shipping was applied across mapped variants; rows below that cap fail economics.}.canada_shipping_cap). Representative U.S. DSers quote on 2026-07-26: XXL/M Light Gray and XL/XXXL BlackGreen Line returned US$1.99 shipping in 9~14 days, tracking available. Applied across remaining sellable mapped variants pending final spot-check."
"9326917779706","Long-Sleeve Performance Tee","men-bodybuilding-sport-t-shirt-quick-dry-running-shirt-long-sleeve-compression-top-gym-t-shirt-men-fitness-tight-rashgard","ACTIVE","yes","49738556932346","M / White","14:193#White;5:361386","True","6","22.99","8.59","3.19","yes","8.59","3.03","7~13 days","AliExpress Selection Standard; ships from CN; representative DSers samples displayed US $2.15 shipping","239","PASS_TIGHT_REPRICED","US$5.84~7.98","US$1.99","9~14 days","AliExpress Selection Standard; ships from CN; tracking available","239","PASS_REPRESENTATIVE_SAMPLE_PENDING_US_STOREFRONT_PRICE","Representative DSers Canada quote on 2026-07-26 across seven visible size/color SKUs: XXL/XXXL Light Gray and M/L/XL/XXL/XXXL BlackGreen Line. Six returned US $2.15 shipping with tracking; XXXL-Light Gray returned No Shipping. Representative CA$3.03 shipping was applied across mapped variants; rows below that cap fail economics. Repriced live to CA(@{product_id=9326917779706; product_title=Long-Sleeve Performance Tee; handle=men-bodybuilding-sport-t-shirt-quick-dry-running-shirt-long-sleeve-compression-top-gym-t-shirt-men-fitness-tight-rashgard; status=ACTIVE; launch_tag=yes; variant_id=49738556932346; variant_title=M / White; sku=14:193#White;5:361386; available_for_sale=True; inventory_quantity=6; price=22.99; unit_cost=8.59; canada_shipping_cap=3.19; needs_quote=yes; quote_item_cost=8.59; quote_shipping_cost=3.03; quote_delivery_window=7~13 days; quote_service=AliExpress Selection Standard; ships from CN; representative DSers samples displayed US $2.15 shipping; quote_stock=239; quote_result=PASS_TIGHT_REPRICED; notes=Representative DSers Canada quote on 2026-07-26 across seven visible size/color SKUs: XXL/XXXL Light Gray and M/L/XL/XXL/XXXL BlackGreen Line. Six returned US $2.15 shipping with tracking; XXXL-Light Gray returned No Shipping. Representative CA$3.03 shipping was applied across mapped variants; rows below that cap fail economics.}.price) on 2026-07-26; recalculated Canada shipping cap is CA(@{product_id=9326917779706; product_title=Long-Sleeve Performance Tee; handle=men-bodybuilding-sport-t-shirt-quick-dry-running-shirt-long-sleeve-compression-top-gym-t-shirt-men-fitness-tight-rashgard; status=ACTIVE; launch_tag=yes; variant_id=49738556932346; variant_title=M / White; sku=14:193#White;5:361386; available_for_sale=True; inventory_quantity=6; price=22.99; unit_cost=8.59; canada_shipping_cap=3.19; needs_quote=yes; quote_item_cost=8.59; quote_shipping_cost=3.03; quote_delivery_window=7~13 days; quote_service=AliExpress Selection Standard; ships from CN; representative DSers samples displayed US $2.15 shipping; quote_stock=239; quote_result=PASS_TIGHT_REPRICED; notes=Representative DSers Canada quote on 2026-07-26 across seven visible size/color SKUs: XXL/XXXL Light Gray and M/L/XL/XXL/XXXL BlackGreen Line. Six returned US $2.15 shipping with tracking; XXXL-Light Gray returned No Shipping. Representative CA$3.03 shipping was applied across mapped variants; rows below that cap fail economics.}.canada_shipping_cap). Representative U.S. DSers quote on 2026-07-26: XXL/M Light Gray and XL/XXXL BlackGreen Line returned US$1.99 shipping in 9~14 days, tracking available. Applied across remaining sellable mapped variants pending final spot-check."
"9326917779706","Long-Sleeve Performance Tee","men-bodybuilding-sport-t-shirt-quick-dry-running-shirt-long-sleeve-compression-top-gym-t-shirt-men-fitness-tight-rashgard","ACTIVE","yes","49738556408058","XL / BlackBlack Line","14:771#BlackBlack Line;5:100014065","True","3","25.49","9.82","3.27","yes","9.82","3.03","7~13 days","AliExpress Selection Standard; ships from CN; representative DSers samples displayed US $2.15 shipping","239","PASS_REPRICED","US$5.84~7.98","US$1.99","9~14 days","AliExpress Selection Standard; ships from CN; tracking available","239","PASS_REPRESENTATIVE_SAMPLE_PENDING_US_STOREFRONT_PRICE","Representative DSers Canada quote on 2026-07-26 across seven visible size/color SKUs: XXL/XXXL Light Gray and M/L/XL/XXL/XXXL BlackGreen Line. Six returned US $2.15 shipping with tracking; XXXL-Light Gray returned No Shipping. Representative CA$3.03 shipping was applied across mapped variants; rows below that cap fail economics. Repriced live to CA(@{product_id=9326917779706; product_title=Long-Sleeve Performance Tee; handle=men-bodybuilding-sport-t-shirt-quick-dry-running-shirt-long-sleeve-compression-top-gym-t-shirt-men-fitness-tight-rashgard; status=ACTIVE; launch_tag=yes; variant_id=49738556408058; variant_title=XL / BlackBlack Line; sku=14:771#BlackBlack Line;5:100014065; available_for_sale=True; inventory_quantity=3; price=25.49; unit_cost=9.82; canada_shipping_cap=3.27; needs_quote=yes; quote_item_cost=9.82; quote_shipping_cost=3.03; quote_delivery_window=7~13 days; quote_service=AliExpress Selection Standard; ships from CN; representative DSers samples displayed US $2.15 shipping; quote_stock=239; quote_result=PASS_TIGHT_REPRICED_LOW_STOCK; notes=Representative DSers Canada quote on 2026-07-26 across seven visible size/color SKUs: XXL/XXXL Light Gray and M/L/XL/XXL/XXXL BlackGreen Line. Six returned US $2.15 shipping with tracking; XXXL-Light Gray returned No Shipping. Representative CA$3.03 shipping was applied across mapped variants; rows below that cap fail economics.}.price) on 2026-07-26; recalculated Canada shipping cap is CA(@{product_id=9326917779706; product_title=Long-Sleeve Performance Tee; handle=men-bodybuilding-sport-t-shirt-quick-dry-running-shirt-long-sleeve-compression-top-gym-t-shirt-men-fitness-tight-rashgard; status=ACTIVE; launch_tag=yes; variant_id=49738556408058; variant_title=XL / BlackBlack Line; sku=14:771#BlackBlack Line;5:100014065; available_for_sale=True; inventory_quantity=3; price=25.49; unit_cost=9.82; canada_shipping_cap=3.27; needs_quote=yes; quote_item_cost=9.82; quote_shipping_cost=3.03; quote_delivery_window=7~13 days; quote_service=AliExpress Selection Standard; ships from CN; representative DSers samples displayed US $2.15 shipping; quote_stock=239; quote_result=PASS_TIGHT_REPRICED_LOW_STOCK; notes=Representative DSers Canada quote on 2026-07-26 across seven visible size/color SKUs: XXL/XXXL Light Gray and M/L/XL/XXL/XXXL BlackGreen Line. Six returned US $2.15 shipping with tracking; XXXL-Light Gray returned No Shipping. Representative CA$3.03 shipping was applied across mapped variants; rows below that cap fail economics.}.canada_shipping_cap). Representative U.S. DSers quote on 2026-07-26: XXL/M Light Gray and XL/XXXL BlackGreen Line returned US$1.99 shipping in 9~14 days, tracking available. Applied across remaining sellable mapped variants pending final spot-check. Live Shopify price updated on 2026-07-26 to clear the verified CA$3.03 supplier-shipping floor at the 30% contribution gate."
"9326917779706","Long-Sleeve Performance Tee","men-bodybuilding-sport-t-shirt-quick-dry-running-shirt-long-sleeve-compression-top-gym-t-shirt-men-fitness-tight-rashgard","ACTIVE","yes","49738556965114","XL / BlackBlue Line","14:691#BlackBlue Line;5:100014065","True","7","26.62","10.65","3.03","yes","10.65","3.03","7~13 days","AliExpress Selection Standard; ships from CN; representative DSers samples displayed US $2.15 shipping","239","PASS_REPRESENTATIVE_SAMPLE","US$5.84~7.98","US$1.99","9~14 days","AliExpress Selection Standard; ships from CN; tracking available","239","PASS_REPRESENTATIVE_SAMPLE_PENDING_US_STOREFRONT_PRICE","Representative DSers Canada quote on 2026-07-26 across seven visible size/color SKUs: XXL/XXXL Light Gray and M/L/XL/XXL/XXXL BlackGreen Line. Six returned US $2.15 shipping with tracking; XXXL-Light Gray returned No Shipping. Representative CA$3.03 shipping was applied across mapped variants; rows below that cap fail economics. Representative U.S. DSers quote on 2026-07-26: XXL/M Light Gray and XL/XXXL BlackGreen Line returned US$1.99 shipping in 9~14 days, tracking available. Applied across remaining sellable mapped variants pending final spot-check."
"9326917779706","Long-Sleeve Performance Tee","men-bodybuilding-sport-t-shirt-quick-dry-running-shirt-long-sleeve-compression-top-gym-t-shirt-men-fitness-tight-rashgard","ACTIVE","yes","49738556604666","XL / BlackGray Line","14:350850#BlackGray Line;5:100014065","True","6","27.14","10.86","3.10","yes","10.86","3.03","7~13 days","AliExpress Selection Standard; ships from CN; representative DSers samples displayed US $2.15 shipping","239","PASS_REPRESENTATIVE_SAMPLE","US$5.84~7.98","US$1.99","9~14 days","AliExpress Selection Standard; ships from CN; tracking available","239","PASS_REPRESENTATIVE_SAMPLE_PENDING_US_STOREFRONT_PRICE","Representative DSers Canada quote on 2026-07-26 across seven visible size/color SKUs: XXL/XXXL Light Gray and M/L/XL/XXL/XXXL BlackGreen Line. Six returned US $2.15 shipping with tracking; XXXL-Light Gray returned No Shipping. Representative CA$3.03 shipping was applied across mapped variants; rows below that cap fail economics. Representative U.S. DSers quote on 2026-07-26: XXL/M Light Gray and XL/XXXL BlackGreen Line returned US$1.99 shipping in 9~14 days, tracking available. Applied across remaining sellable mapped variants pending final spot-check."
"9326917779706","Long-Sleeve Performance Tee","men-bodybuilding-sport-t-shirt-quick-dry-running-shirt-long-sleeve-compression-top-gym-t-shirt-men-fitness-tight-rashgard","ACTIVE","yes","49738556244218","XL / BlackGreen Line","14:365458#BlackGreen Line;5:100014065","True","4","27.25","10.90","3.12","yes","10.90","3.03","7~13 days","AliExpress Selection Standard; ships from CN; representative DSers samples displayed US $2.15 shipping","239","PASS_REPRESENTATIVE_SAMPLE","US$5.84~7.98","US$1.99","9~14 days","AliExpress Selection Standard; ships from CN; tracking available","239","PASS_REPRESENTATIVE_SAMPLE_PENDING_US_STOREFRONT_PRICE","Representative DSers Canada quote on 2026-07-26 across seven visible size/color SKUs: XXL/XXXL Light Gray and M/L/XL/XXL/XXXL BlackGreen Line. Six returned US $2.15 shipping with tracking; XXXL-Light Gray returned No Shipping. Representative CA$3.03 shipping was applied across mapped variants; rows below that cap fail economics. Representative U.S. DSers quote on 2026-07-26: XXL/M Light Gray and XL/XXXL BlackGreen Line returned US$1.99 shipping in 9~14 days, tracking available. Applied across remaining sellable mapped variants pending final spot-check."
"9326917779706","Long-Sleeve Performance Tee","men-bodybuilding-sport-t-shirt-quick-dry-running-shirt-long-sleeve-compression-top-gym-t-shirt-men-fitness-tight-rashgard","ACTIVE","yes","49738557161722","XL / BlackRed Line","14:173#BlackRed Line;5:100014065","True","4","26.86","10.75","3.06","yes","10.75","3.03","7~13 days","AliExpress Selection Standard; ships from CN; representative DSers samples displayed US $2.15 shipping","239","PASS_REPRESENTATIVE_SAMPLE","US$5.84~7.98","US$1.99","9~14 days","AliExpress Selection Standard; ships from CN; tracking available","239","PASS_REPRESENTATIVE_SAMPLE_PENDING_US_STOREFRONT_PRICE","Representative DSers Canada quote on 2026-07-26 across seven visible size/color SKUs: XXL/XXXL Light Gray and M/L/XL/XXL/XXXL BlackGreen Line. Six returned US $2.15 shipping with tracking; XXXL-Light Gray returned No Shipping. Representative CA$3.03 shipping was applied across mapped variants; rows below that cap fail economics. Representative U.S. DSers quote on 2026-07-26: XXL/M Light Gray and XL/XXXL BlackGreen Line returned US$1.99 shipping in 9~14 days, tracking available. Applied across remaining sellable mapped variants pending final spot-check."
"9326917779706","Long-Sleeve Performance Tee","men-bodybuilding-sport-t-shirt-quick-dry-running-shirt-long-sleeve-compression-top-gym-t-shirt-men-fitness-tight-rashgard","ACTIVE","yes","49738556440826","XL / Light Gray","14:175#Light Gray;5:100014065","True","3","26.51","10.60","3.03","yes","10.60","3.03","7~13 days","AliExpress Selection Standard; ships from CN; representative DSers samples displayed US $2.15 shipping","239","PASS_REPRESENTATIVE_SAMPLE","US$5.84~7.98","US$1.99","9~14 days","AliExpress Selection Standard; ships from CN; tracking available","239","PASS_REPRESENTATIVE_SAMPLE_PENDING_US_STOREFRONT_PRICE","Representative DSers Canada quote on 2026-07-26 across seven visible size/color SKUs: XXL/XXXL Light Gray and M/L/XL/XXL/XXXL BlackGreen Line. Six returned US $2.15 shipping with tracking; XXXL-Light Gray returned No Shipping. Representative CA$3.03 shipping was applied across mapped variants; rows below that cap fail economics. Representative U.S. DSers quote on 2026-07-26: XXL/M Light Gray and XL/XXXL BlackGreen Line returned US$1.99 shipping in 9~14 days, tracking available. Applied across remaining sellable mapped variants pending final spot-check."
"9326917779706","Long-Sleeve Performance Tee","men-bodybuilding-sport-t-shirt-quick-dry-running-shirt-long-sleeve-compression-top-gym-t-shirt-men-fitness-tight-rashgard","ACTIVE","yes","49738556801274","XL / White","14:193#White;5:100014065","True","2","26.49","10.56","3.06","yes","10.56","3.03","7~13 days","AliExpress Selection Standard; ships from CN; representative DSers samples displayed US $2.15 shipping","239","PASS_TIGHT_REPRICED_LOW_STOCK","US$5.84~7.98","US$1.99","9~14 days","AliExpress Selection Standard; ships from CN; tracking available","239","PASS_REPRESENTATIVE_SAMPLE_PENDING_US_STOREFRONT_PRICE","Representative DSers Canada quote on 2026-07-26 across seven visible size/color SKUs: XXL/XXXL Light Gray and M/L/XL/XXL/XXXL BlackGreen Line. Six returned US $2.15 shipping with tracking; XXXL-Light Gray returned No Shipping. Representative CA$3.03 shipping was applied across mapped variants; rows below that cap fail economics. Repriced live to CA(@{product_id=9326917779706; product_title=Long-Sleeve Performance Tee; handle=men-bodybuilding-sport-t-shirt-quick-dry-running-shirt-long-sleeve-compression-top-gym-t-shirt-men-fitness-tight-rashgard; status=ACTIVE; launch_tag=yes; variant_id=49738556801274; variant_title=XL / White; sku=14:193#White;5:100014065; available_for_sale=True; inventory_quantity=2; price=26.49; unit_cost=10.56; canada_shipping_cap=3.06; needs_quote=yes; quote_item_cost=10.56; quote_shipping_cost=3.03; quote_delivery_window=7~13 days; quote_service=AliExpress Selection Standard; ships from CN; representative DSers samples displayed US $2.15 shipping; quote_stock=239; quote_result=PASS_TIGHT_REPRICED_LOW_STOCK; notes=Representative DSers Canada quote on 2026-07-26 across seven visible size/color SKUs: XXL/XXXL Light Gray and M/L/XL/XXL/XXXL BlackGreen Line. Six returned US $2.15 shipping with tracking; XXXL-Light Gray returned No Shipping. Representative CA$3.03 shipping was applied across mapped variants; rows below that cap fail economics.}.price) on 2026-07-26; recalculated Canada shipping cap is CA(@{product_id=9326917779706; product_title=Long-Sleeve Performance Tee; handle=men-bodybuilding-sport-t-shirt-quick-dry-running-shirt-long-sleeve-compression-top-gym-t-shirt-men-fitness-tight-rashgard; status=ACTIVE; launch_tag=yes; variant_id=49738556801274; variant_title=XL / White; sku=14:193#White;5:100014065; available_for_sale=True; inventory_quantity=2; price=26.49; unit_cost=10.56; canada_shipping_cap=3.06; needs_quote=yes; quote_item_cost=10.56; quote_shipping_cost=3.03; quote_delivery_window=7~13 days; quote_service=AliExpress Selection Standard; ships from CN; representative DSers samples displayed US $2.15 shipping; quote_stock=239; quote_result=PASS_TIGHT_REPRICED_LOW_STOCK; notes=Representative DSers Canada quote on 2026-07-26 across seven visible size/color SKUs: XXL/XXXL Light Gray and M/L/XL/XXL/XXXL BlackGreen Line. Six returned US $2.15 shipping with tracking; XXXL-Light Gray returned No Shipping. Representative CA$3.03 shipping was applied across mapped variants; rows below that cap fail economics.}.canada_shipping_cap). Representative U.S. DSers quote on 2026-07-26: XXL/M Light Gray and XL/XXXL BlackGreen Line returned US$1.99 shipping in 9~14 days, tracking available. Applied across remaining sellable mapped variants pending final spot-check."
"9326917779706","Long-Sleeve Performance Tee","men-bodybuilding-sport-t-shirt-quick-dry-running-shirt-long-sleeve-compression-top-gym-t-shirt-men-fitness-tight-rashgard","ACTIVE","yes","49738557096186","XXL / BlackBlack Line","14:771#BlackBlack Line;5:4182","True","4","26.49","10.39","3.23","yes","10.39","3.03","7~13 days","AliExpress Selection Standard; ships from CN; representative DSers samples displayed US $2.15 shipping","239","PASS_REPRICED","US$5.84~7.98","US$1.99","9~14 days","AliExpress Selection Standard; ships from CN; tracking available","239","PASS_REPRESENTATIVE_SAMPLE_PENDING_US_STOREFRONT_PRICE","Representative DSers Canada quote on 2026-07-26 across seven visible size/color SKUs: XXL/XXXL Light Gray and M/L/XL/XXL/XXXL BlackGreen Line. Six returned US $2.15 shipping with tracking; XXXL-Light Gray returned No Shipping. Representative CA$3.03 shipping was applied across mapped variants; rows below that cap fail economics. Repriced live to CA(@{product_id=9326917779706; product_title=Long-Sleeve Performance Tee; handle=men-bodybuilding-sport-t-shirt-quick-dry-running-shirt-long-sleeve-compression-top-gym-t-shirt-men-fitness-tight-rashgard; status=ACTIVE; launch_tag=yes; variant_id=49738557096186; variant_title=XXL / BlackBlack Line; sku=14:771#BlackBlack Line;5:4182; available_for_sale=True; inventory_quantity=4; price=26.49; unit_cost=10.39; canada_shipping_cap=3.23; needs_quote=yes; quote_item_cost=10.39; quote_shipping_cost=3.03; quote_delivery_window=7~13 days; quote_service=AliExpress Selection Standard; ships from CN; representative DSers samples displayed US $2.15 shipping; quote_stock=239; quote_result=PASS_TIGHT_REPRICED; notes=Representative DSers Canada quote on 2026-07-26 across seven visible size/color SKUs: XXL/XXXL Light Gray and M/L/XL/XXL/XXXL BlackGreen Line. Six returned US $2.15 shipping with tracking; XXXL-Light Gray returned No Shipping. Representative CA$3.03 shipping was applied across mapped variants; rows below that cap fail economics.}.price) on 2026-07-26; recalculated Canada shipping cap is CA(@{product_id=9326917779706; product_title=Long-Sleeve Performance Tee; handle=men-bodybuilding-sport-t-shirt-quick-dry-running-shirt-long-sleeve-compression-top-gym-t-shirt-men-fitness-tight-rashgard; status=ACTIVE; launch_tag=yes; variant_id=49738557096186; variant_title=XXL / BlackBlack Line; sku=14:771#BlackBlack Line;5:4182; available_for_sale=True; inventory_quantity=4; price=26.49; unit_cost=10.39; canada_shipping_cap=3.23; needs_quote=yes; quote_item_cost=10.39; quote_shipping_cost=3.03; quote_delivery_window=7~13 days; quote_service=AliExpress Selection Standard; ships from CN; representative DSers samples displayed US $2.15 shipping; quote_stock=239; quote_result=PASS_TIGHT_REPRICED; notes=Representative DSers Canada quote on 2026-07-26 across seven visible size/color SKUs: XXL/XXXL Light Gray and M/L/XL/XXL/XXXL BlackGreen Line. Six returned US $2.15 shipping with tracking; XXXL-Light Gray returned No Shipping. Representative CA$3.03 shipping was applied across mapped variants; rows below that cap fail economics.}.canada_shipping_cap). Representative U.S. DSers quote on 2026-07-26: XXL/M Light Gray and XL/XXXL BlackGreen Line returned US$1.99 shipping in 9~14 days, tracking available. Applied across remaining sellable mapped variants pending final spot-check. Live Shopify price updated on 2026-07-26 to clear the verified CA$3.03 supplier-shipping floor at the 30% contribution gate."
"9326917779706","Long-Sleeve Performance Tee","men-bodybuilding-sport-t-shirt-quick-dry-running-shirt-long-sleeve-compression-top-gym-t-shirt-men-fitness-tight-rashgard","ACTIVE","yes","49738556539130","XXL / BlackBlue Line","14:691#BlackBlue Line;5:4182","True","20","27.28","10.91","3.12","yes","10.91","3.03","7~13 days","AliExpress Selection Standard; ships from CN; representative DSers samples displayed US $2.15 shipping","239","PASS_REPRESENTATIVE_SAMPLE","US$5.84~7.98","US$1.99","9~14 days","AliExpress Selection Standard; ships from CN; tracking available","239","PASS_REPRESENTATIVE_SAMPLE_PENDING_US_STOREFRONT_PRICE","Representative DSers Canada quote on 2026-07-26 across seven visible size/color SKUs: XXL/XXXL Light Gray and M/L/XL/XXL/XXXL BlackGreen Line. Six returned US $2.15 shipping with tracking; XXXL-Light Gray returned No Shipping. Representative CA$3.03 shipping was applied across mapped variants; rows below that cap fail economics. Representative U.S. DSers quote on 2026-07-26: XXL/M Light Gray and XL/XXXL BlackGreen Line returned US$1.99 shipping in 9~14 days, tracking available. Applied across remaining sellable mapped variants pending final spot-check."
"9326917779706","Long-Sleeve Performance Tee","men-bodybuilding-sport-t-shirt-quick-dry-running-shirt-long-sleeve-compression-top-gym-t-shirt-men-fitness-tight-rashgard","ACTIVE","yes","49738556702970","XXL / BlackGray Line","14:350850#BlackGray Line;5:4182","True","0","27.74","11.10","3.17","yes","11.10","3.03","7~13 days","AliExpress Selection Standard; ships from CN; representative DSers samples displayed US $2.15 shipping","239","PASS_REPRESENTATIVE_SAMPLE","US$5.84~7.98","US$1.99","9~14 days","AliExpress Selection Standard; ships from CN; tracking available","239","PASS_REPRESENTATIVE_SAMPLE_PENDING_US_STOREFRONT_PRICE","Representative DSers Canada quote on 2026-07-26 across seven visible size/color SKUs: XXL/XXXL Light Gray and M/L/XL/XXL/XXXL BlackGreen Line. Six returned US $2.15 shipping with tracking; XXXL-Light Gray returned No Shipping. Representative CA$3.03 shipping was applied across mapped variants; rows below that cap fail economics. Representative U.S. DSers quote on 2026-07-26: XXL/M Light Gray and XL/XXXL BlackGreen Line returned US$1.99 shipping in 9~14 days, tracking available. Applied across remaining sellable mapped variants pending final spot-check."
"9326917779706","Long-Sleeve Performance Tee","men-bodybuilding-sport-t-shirt-quick-dry-running-shirt-long-sleeve-compression-top-gym-t-shirt-men-fitness-tight-rashgard","ACTIVE","yes","49738556342522","XXL / BlackGreen Line","14:365458#BlackGreen Line;5:4182","True","9","27.81","11.12","3.19","yes","11.12","3.03","7~13 days","AliExpress Selection Standard; ships from CN; representative DSers samples displayed US $2.15 shipping","239","PASS_REPRESENTATIVE_SAMPLE","US$5.84~7.98","US$1.99","9~14 days","AliExpress Selection Standard; ships from CN; tracking available","239","PASS_REPRESENTATIVE_SAMPLE_PENDING_US_STOREFRONT_PRICE","Representative DSers Canada quote on 2026-07-26 across seven visible size/color SKUs: XXL/XXXL Light Gray and M/L/XL/XXL/XXXL BlackGreen Line. Six returned US $2.15 shipping with tracking; XXXL-Light Gray returned No Shipping. Representative CA$3.03 shipping was applied across mapped variants; rows below that cap fail economics. Representative U.S. DSers quote on 2026-07-26: XXL/M Light Gray and XL/XXXL BlackGreen Line returned US$1.99 shipping in 9~14 days, tracking available. Applied across remaining sellable mapped variants pending final spot-check."
"9326917779706","Long-Sleeve Performance Tee","men-bodybuilding-sport-t-shirt-quick-dry-running-shirt-long-sleeve-compression-top-gym-t-shirt-men-fitness-tight-rashgard","ACTIVE","yes","49738557260026","XXL / BlackRed Line","14:173#BlackRed Line;5:4182","True","14","26.49","10.45","3.17","yes","10.45","3.03","7~13 days","AliExpress Selection Standard; ships from CN; representative DSers samples displayed US $2.15 shipping","239","PASS_TIGHT_REPRICED","US$5.84~7.98","US$1.99","9~14 days","AliExpress Selection Standard; ships from CN; tracking available","239","PASS_REPRESENTATIVE_SAMPLE_PENDING_US_STOREFRONT_PRICE","Representative DSers Canada quote on 2026-07-26 across seven visible size/color SKUs: XXL/XXXL Light Gray and M/L/XL/XXL/XXXL BlackGreen Line. Six returned US $2.15 shipping with tracking; XXXL-Light Gray returned No Shipping. Representative CA$3.03 shipping was applied across mapped variants; rows below that cap fail economics. Repriced live to CA(@{product_id=9326917779706; product_title=Long-Sleeve Performance Tee; handle=men-bodybuilding-sport-t-shirt-quick-dry-running-shirt-long-sleeve-compression-top-gym-t-shirt-men-fitness-tight-rashgard; status=ACTIVE; launch_tag=yes; variant_id=49738557260026; variant_title=XXL / BlackRed Line; sku=14:173#BlackRed Line;5:4182; available_for_sale=True; inventory_quantity=14; price=26.49; unit_cost=10.45; canada_shipping_cap=3.17; needs_quote=yes; quote_item_cost=10.45; quote_shipping_cost=3.03; quote_delivery_window=7~13 days; quote_service=AliExpress Selection Standard; ships from CN; representative DSers samples displayed US $2.15 shipping; quote_stock=239; quote_result=PASS_TIGHT_REPRICED; notes=Representative DSers Canada quote on 2026-07-26 across seven visible size/color SKUs: XXL/XXXL Light Gray and M/L/XL/XXL/XXXL BlackGreen Line. Six returned US $2.15 shipping with tracking; XXXL-Light Gray returned No Shipping. Representative CA$3.03 shipping was applied across mapped variants; rows below that cap fail economics.}.price) on 2026-07-26; recalculated Canada shipping cap is CA(@{product_id=9326917779706; product_title=Long-Sleeve Performance Tee; handle=men-bodybuilding-sport-t-shirt-quick-dry-running-shirt-long-sleeve-compression-top-gym-t-shirt-men-fitness-tight-rashgard; status=ACTIVE; launch_tag=yes; variant_id=49738557260026; variant_title=XXL / BlackRed Line; sku=14:173#BlackRed Line;5:4182; available_for_sale=True; inventory_quantity=14; price=26.49; unit_cost=10.45; canada_shipping_cap=3.17; needs_quote=yes; quote_item_cost=10.45; quote_shipping_cost=3.03; quote_delivery_window=7~13 days; quote_service=AliExpress Selection Standard; ships from CN; representative DSers samples displayed US $2.15 shipping; quote_stock=239; quote_result=PASS_TIGHT_REPRICED; notes=Representative DSers Canada quote on 2026-07-26 across seven visible size/color SKUs: XXL/XXXL Light Gray and M/L/XL/XXL/XXXL BlackGreen Line. Six returned US $2.15 shipping with tracking; XXXL-Light Gray returned No Shipping. Representative CA$3.03 shipping was applied across mapped variants; rows below that cap fail economics.}.canada_shipping_cap). Representative U.S. DSers quote on 2026-07-26: XXL/M Light Gray and XL/XXXL BlackGreen Line returned US$1.99 shipping in 9~14 days, tracking available. Applied across remaining sellable mapped variants pending final spot-check."
"9326917779706","Long-Sleeve Performance Tee","men-bodybuilding-sport-t-shirt-quick-dry-running-shirt-long-sleeve-compression-top-gym-t-shirt-men-fitness-tight-rashgard","ACTIVE","yes","49738556178682","XXL / Light Gray","14:175#Light Gray;5:4182","True","18","27.11","10.84","3.10","yes","10.84","3.03","7~13 days","AliExpress Selection Standard; ships from CN; representative DSers samples displayed US $2.15 shipping","239","PASS_REPRESENTATIVE_SAMPLE","US$5.84~7.98","US$1.99","9~14 days","AliExpress Selection Standard; ships from CN; tracking available","239","PASS_REPRESENTATIVE_SAMPLE_PENDING_US_STOREFRONT_PRICE","Representative DSers Canada quote on 2026-07-26 across seven visible size/color SKUs: XXL/XXXL Light Gray and M/L/XL/XXL/XXXL BlackGreen Line. Six returned US $2.15 shipping with tracking; XXXL-Light Gray returned No Shipping. Representative CA$3.03 shipping was applied across mapped variants; rows below that cap fail economics. Representative U.S. DSers quote on 2026-07-26: XXL/M Light Gray and XL/XXXL BlackGreen Line returned US$1.99 shipping in 9~14 days, tracking available. Applied across remaining sellable mapped variants pending final spot-check."
"9326917779706","Long-Sleeve Performance Tee","men-bodybuilding-sport-t-shirt-quick-dry-running-shirt-long-sleeve-compression-top-gym-t-shirt-men-fitness-tight-rashgard","ACTIVE","yes","49738556899578","XXL / White","14:193#White;5:4182","True","4","27.43","10.97","3.14","yes","10.97","3.03","7~13 days","AliExpress Selection Standard; ships from CN; representative DSers samples displayed US $2.15 shipping","239","PASS_REPRESENTATIVE_SAMPLE","US$5.84~7.98","US$1.99","9~14 days","AliExpress Selection Standard; ships from CN; tracking available","239","PASS_REPRESENTATIVE_SAMPLE_PENDING_US_STOREFRONT_PRICE","Representative DSers Canada quote on 2026-07-26 across seven visible size/color SKUs: XXL/XXXL Light Gray and M/L/XL/XXL/XXXL BlackGreen Line. Six returned US $2.15 shipping with tracking; XXXL-Light Gray returned No Shipping. Representative CA$3.03 shipping was applied across mapped variants; rows below that cap fail economics. Representative U.S. DSers quote on 2026-07-26: XXL/M Light Gray and XL/XXXL BlackGreen Line returned US$1.99 shipping in 9~14 days, tracking available. Applied across remaining sellable mapped variants pending final spot-check."
"9326917779706","Long-Sleeve Performance Tee","men-bodybuilding-sport-t-shirt-quick-dry-running-shirt-long-sleeve-compression-top-gym-t-shirt-men-fitness-tight-rashgard","ACTIVE","yes","49738557063418","XXXL / BlackBlack Line","14:771#BlackBlack Line;5:4183","True","5","27.99","11.20","3.20","yes","11.20","3.03","7~13 days","AliExpress Selection Standard; ships from CN; representative DSers samples displayed US $2.15 shipping","239","PASS_REPRESENTATIVE_SAMPLE","US$5.84~7.98","US$1.99","9~14 days","AliExpress Selection Standard; ships from CN; tracking available","239","PASS_REPRESENTATIVE_SAMPLE_PENDING_US_STOREFRONT_PRICE","Representative DSers Canada quote on 2026-07-26 across seven visible size/color SKUs: XXL/XXXL Light Gray and M/L/XL/XXL/XXXL BlackGreen Line. Six returned US $2.15 shipping with tracking; XXXL-Light Gray returned No Shipping. Representative CA$3.03 shipping was applied across mapped variants; rows below that cap fail economics. Representative U.S. DSers quote on 2026-07-26: XXL/M Light Gray and XL/XXXL BlackGreen Line returned US$1.99 shipping in 9~14 days, tracking available. Applied across remaining sellable mapped variants pending final spot-check."
"9326917779706","Long-Sleeve Performance Tee","men-bodybuilding-sport-t-shirt-quick-dry-running-shirt-long-sleeve-compression-top-gym-t-shirt-men-fitness-tight-rashgard","ACTIVE","yes","49738556506362","XXXL / BlackBlue Line","14:691#BlackBlue Line;5:4183","True","0","28.13","11.25","3.23","yes","11.25","3.03","7~13 days","AliExpress Selection Standard; ships from CN; representative DSers samples displayed US $2.15 shipping","239","PASS_REPRESENTATIVE_SAMPLE","US$5.84~7.98","US$1.99","9~14 days","AliExpress Selection Standard; ships from CN; tracking available","239","PASS_REPRESENTATIVE_SAMPLE_PENDING_US_STOREFRONT_PRICE","Representative DSers Canada quote on 2026-07-26 across seven visible size/color SKUs: XXL/XXXL Light Gray and M/L/XL/XXL/XXXL BlackGreen Line. Six returned US $2.15 shipping with tracking; XXXL-Light Gray returned No Shipping. Representative CA$3.03 shipping was applied across mapped variants; rows below that cap fail economics. Representative U.S. DSers quote on 2026-07-26: XXL/M Light Gray and XL/XXXL BlackGreen Line returned US$1.99 shipping in 9~14 days, tracking available. Applied across remaining sellable mapped variants pending final spot-check."
"9326917779706","Long-Sleeve Performance Tee","men-bodybuilding-sport-t-shirt-quick-dry-running-shirt-long-sleeve-compression-top-gym-t-shirt-men-fitness-tight-rashgard","ACTIVE","yes","49738556670202","XXXL / BlackGray Line","14:350850#BlackGray Line;5:4183","True","12","27.14","10.86","3.10","yes","10.86","3.03","7~13 days","AliExpress Selection Standard; ships from CN; representative DSers samples displayed US $2.15 shipping","239","PASS_REPRESENTATIVE_SAMPLE","US$5.84~7.98","US$1.99","9~14 days","AliExpress Selection Standard; ships from CN; tracking available","239","PASS_REPRESENTATIVE_SAMPLE_PENDING_US_STOREFRONT_PRICE","Representative DSers Canada quote on 2026-07-26 across seven visible size/color SKUs: XXL/XXXL Light Gray and M/L/XL/XXL/XXXL BlackGreen Line. Six returned US $2.15 shipping with tracking; XXXL-Light Gray returned No Shipping. Representative CA$3.03 shipping was applied across mapped variants; rows below that cap fail economics. Representative U.S. DSers quote on 2026-07-26: XXL/M Light Gray and XL/XXXL BlackGreen Line returned US$1.99 shipping in 9~14 days, tracking available. Applied across remaining sellable mapped variants pending final spot-check."
"9326917779706","Long-Sleeve Performance Tee","men-bodybuilding-sport-t-shirt-quick-dry-running-shirt-long-sleeve-compression-top-gym-t-shirt-men-fitness-tight-rashgard","ACTIVE","yes","49738556309754","XXXL / BlackGreen Line","14:365458#BlackGreen Line;5:4183","True","19","27.92","11.17","3.20","yes","11.17","3.03","7~13 days","AliExpress Selection Standard; ships from CN; representative DSers samples displayed US $2.15 shipping","239","PASS_REPRESENTATIVE_SAMPLE","US$5.84~7.98","US$1.99","9~14 days","AliExpress Selection Standard; ships from CN; tracking available","239","PASS_REPRESENTATIVE_SAMPLE_PENDING_US_STOREFRONT_PRICE","Representative DSers Canada quote on 2026-07-26 across seven visible size/color SKUs: XXL/XXXL Light Gray and M/L/XL/XXL/XXXL BlackGreen Line. Six returned US $2.15 shipping with tracking; XXXL-Light Gray returned No Shipping. Representative CA$3.03 shipping was applied across mapped variants; rows below that cap fail economics. Representative U.S. DSers quote on 2026-07-26: XXL/M Light Gray and XL/XXXL BlackGreen Line returned US$1.99 shipping in 9~14 days, tracking available. Applied across remaining sellable mapped variants pending final spot-check."
"9326917779706","Long-Sleeve Performance Tee","men-bodybuilding-sport-t-shirt-quick-dry-running-shirt-long-sleeve-compression-top-gym-t-shirt-men-fitness-tight-rashgard","ACTIVE","yes","49738557227258","XXXL / BlackRed Line","14:173#BlackRed Line;5:4183","True","11","27.88","11.15","3.20","yes","11.15","3.03","7~13 days","AliExpress Selection Standard; ships from CN; representative DSers samples displayed US $2.15 shipping","239","PASS_REPRESENTATIVE_SAMPLE","US$5.84~7.98","US$1.99","9~14 days","AliExpress Selection Standard; ships from CN; tracking available","239","PASS_REPRESENTATIVE_SAMPLE_PENDING_US_STOREFRONT_PRICE","Representative DSers Canada quote on 2026-07-26 across seven visible size/color SKUs: XXL/XXXL Light Gray and M/L/XL/XXL/XXXL BlackGreen Line. Six returned US $2.15 shipping with tracking; XXXL-Light Gray returned No Shipping. Representative CA$3.03 shipping was applied across mapped variants; rows below that cap fail economics. Representative U.S. DSers quote on 2026-07-26: XXL/M Light Gray and XL/XXXL BlackGreen Line returned US$1.99 shipping in 9~14 days, tracking available. Applied across remaining sellable mapped variants pending final spot-check."
"9326917779706","Long-Sleeve Performance Tee","men-bodybuilding-sport-t-shirt-quick-dry-running-shirt-long-sleeve-compression-top-gym-t-shirt-men-fitness-tight-rashgard","ACTIVE","yes","49738556145914","XXXL / Light Gray","14:175#Light Gray;5:4183","False","0","29.04","11.62","3.34","yes","11.62","NO_SHIPPING","No Shipping sampled","DSers returned No Shipping to Canada for sampled XXXL-Light Gray SKU","239","EXCLUDED_VARIANT_DISABLED","US$5.84~7.98","NO SHIPPING","","","239","FAIL_NO_US_SHIPPING","Representative DSers Canada quote on 2026-07-26 across seven visible size/color SKUs: XXL/XXXL Light Gray and M/L/XL/XXL/XXXL BlackGreen Line. Six returned US $2.15 shipping with tracking; XXXL-Light Gray returned No Shipping. Representative CA$3.03 shipping was applied across mapped variants; rows below that cap fail economics. Live available inventory was set to 0 and continue-selling-when-out-of-stock was turned off on 2026-07-26 because this exact option has no Canada shipping. U.S. quote checked in DSers on 2026-07-26: exact XXXL-Light Gray supplier SKU returned no shipping; this variant is already disabled with zero inventory."
"9326917779706","Long-Sleeve Performance Tee","men-bodybuilding-sport-t-shirt-quick-dry-running-shirt-long-sleeve-compression-top-gym-t-shirt-men-fitness-tight-rashgard","ACTIVE","yes","49738556866810","XXXL / White","14:193#White;5:4183","True","9","27.53","11.01","3.15","yes","11.01","3.03","7~13 days","AliExpress Selection Standard; ships from CN; representative DSers samples displayed US $2.15 shipping","239","PASS_REPRESENTATIVE_SAMPLE","US$5.84~7.98","US$1.99","9~14 days","AliExpress Selection Standard; ships from CN; tracking available","239","PASS_REPRESENTATIVE_SAMPLE_PENDING_US_STOREFRONT_PRICE","Representative DSers Canada quote on 2026-07-26 across seven visible size/color SKUs: XXL/XXXL Light Gray and M/L/XL/XXL/XXXL BlackGreen Line. Six returned US $2.15 shipping with tracking; XXXL-Light Gray returned No Shipping. Representative CA$3.03 shipping was applied across mapped variants; rows below that cap fail economics. Representative U.S. DSers quote on 2026-07-26: XXL/M Light Gray and XL/XXXL BlackGreen Line returned US$1.99 shipping in 9~14 days, tracking available. Applied across remaining sellable mapped variants pending final spot-check."
"9326918828282","Magnetic Hair Clip","1-2pcs-magnetic-hair-clip-invisible-strong-hold-2-in-1-design-for-fine-and-thick-hair-styling-accessory-practical-gift-for-women","DRAFT","yes","49738572333306","2Pcs Set / China Mainland","14:2904#2Pcs Set;200007763:201336100","True","2","18.04","7.22","1.96","yes","7.22","3.03","7~12 days","AliExpress Selection Standard; ships from CN; DSers displayed US $2.15 shipping","14","FAIL_REPRICE_OR_REJECT","","","","","","","Checked all five mapped supplier variants in DSers Shipping info for Canada on 2026-07-26. All returned US $2.15 shipping with tracking available; observed CA$3.03 shipping exceeds every variant cap (CA$1.12~1.96)."
"9326918828282","Magnetic Hair Clip","1-2pcs-magnetic-hair-clip-invisible-strong-hold-2-in-1-design-for-fine-and-thick-hair-styling-accessory-practical-gift-for-women","DRAFT","yes","49738572235002","A Style 1 PC / China Mainland","14:193#A Style 1 PC;200007763:201336100","True","5","11.29","4.51","1.12","yes","4.51","3.03","7~12 days","AliExpress Selection Standard; ships from CN; DSers displayed US $2.15 shipping","14","FAIL_REPRICE_OR_REJECT","","","","","","","Checked all five mapped supplier variants in DSers Shipping info for Canada on 2026-07-26. All returned US $2.15 shipping with tracking available; observed CA$3.03 shipping exceeds every variant cap (CA$1.12~1.96)."
"9326918828282","Magnetic Hair Clip","1-2pcs-magnetic-hair-clip-invisible-strong-hold-2-in-1-design-for-fine-and-thick-hair-styling-accessory-practical-gift-for-women","DRAFT","yes","49738572267770","B Style 1 PC / China Mainland","14:444#B Style 1 PC;200007763:201336100","True","1","11.46","4.58","1.14","yes","4.58","3.03","7~12 days","AliExpress Selection Standard; ships from CN; DSers displayed US $2.15 shipping","14","FAIL_REPRICE_OR_REJECT","","","","","","","Checked all five mapped supplier variants in DSers Shipping info for Canada on 2026-07-26. All returned US $2.15 shipping with tracking available; observed CA$3.03 shipping exceeds every variant cap (CA$1.12~1.96)."
"9326918828282","Magnetic Hair Clip","1-2pcs-magnetic-hair-clip-invisible-strong-hold-2-in-1-design-for-fine-and-thick-hair-styling-accessory-practical-gift-for-women","DRAFT","yes","49738572202234","C Style 1 PC / China Mainland","14:496#C Style 1 PC;200007763:201336100","True","2","11.39","4.56","1.12","yes","4.56","3.03","7~12 days","AliExpress Selection Standard; ships from CN; DSers displayed US $2.15 shipping","14","FAIL_REPRICE_OR_REJECT","","","","","","","Checked all five mapped supplier variants in DSers Shipping info for Canada on 2026-07-26. All returned US $2.15 shipping with tracking available; observed CA$3.03 shipping exceeds every variant cap (CA$1.12~1.96)."
"9326918828282","Magnetic Hair Clip","1-2pcs-magnetic-hair-clip-invisible-strong-hold-2-in-1-design-for-fine-and-thick-hair-styling-accessory-practical-gift-for-women","DRAFT","yes","49738572300538","D Style 1 PC / China Mainland","14:504#D Style 1 PC;200007763:201336100","True","1","11.50","4.60","1.14","yes","4.60","3.03","7~12 days","AliExpress Selection Standard; ships from CN; DSers displayed US $2.15 shipping","14","FAIL_REPRICE_OR_REJECT","","","","","","","Checked all five mapped supplier variants in DSers Shipping info for Canada on 2026-07-26. All returned US $2.15 shipping with tracking available; observed CA$3.03 shipping exceeds every variant cap (CA$1.12~1.96)."
"9326918303994","Men's Cotton-Linen Wide-Leg Pants","2025-summer-mens-cotton-and-linen-oversized-wide-leg-pants-mens-artistic-style-elastic-waist-solid-color-casual-loose-pants","ACTIVE","yes","49738566140154","4XL / Picture color","14:200004890#Picture color;5:200000990","True","1996","39.40","15.51","4.89","yes","15.51","3.03","7~13 days sampled range","AliExpress Selection Standard; ships from CN; DSers displayed US $2.15 shipping","111943","PASS_REPRESENTATIVE_SAMPLE","US$8.18~11.07","US$1.99","7~14 days","AliExpress Selection Standard; ships from CN; tracking available","111940","PASS_REPRESENTATIVE_SAMPLE_PENDING_US_STOREFRONT_PRICE","Checked in DSers Shipping info modal for Canada on 2026-07-26. Representative SKUs M-Picture color, L-Picture color, XL-Picture color, and XXL-Picture color 1 returned US $2.15 shipping with tracking available; applied to mapped wide-leg pants variants pending final spot-check before ad spend. Representative U.S. DSers quote on 2026-07-26: M/L/XXL Picture color and XXL/4XL Picture color 1 returned US$1.99 shipping in 7~14 days, tracking available. Applied across mapped variants pending final spot-check."
"9326918303994","Men's Cotton-Linen Wide-Leg Pants","2025-summer-mens-cotton-and-linen-oversized-wide-leg-pants-mens-artistic-style-elastic-waist-solid-color-casual-loose-pants","ACTIVE","yes","49738564600058","4XL / Picture color 1","14:202997806#Picture color;5:200000990","True","7","39.40","16.26","4.14","yes","16.26","3.03","7~13 days sampled range","AliExpress Selection Standard; ships from CN; DSers displayed US $2.15 shipping","111943","PASS_REPRESENTATIVE_SAMPLE","US$8.18~11.07","US$1.99","7~14 days","AliExpress Selection Standard; ships from CN; tracking available","111940","PASS_REPRESENTATIVE_SAMPLE_PENDING_US_STOREFRONT_PRICE","Checked in DSers Shipping info modal for Canada on 2026-07-26. Representative SKUs M-Picture color, L-Picture color, XL-Picture color, and XXL-Picture color 1 returned US $2.15 shipping with tracking available; applied to mapped wide-leg pants variants pending final spot-check before ad spend. Representative U.S. DSers quote on 2026-07-26: M/L/XXL Picture color and XXL/4XL Picture color 1 returned US$1.99 shipping in 7~14 days, tracking available. Applied across mapped variants pending final spot-check."
"9326918303994","Men's Cotton-Linen Wide-Leg Pants","2025-summer-mens-cotton-and-linen-oversized-wide-leg-pants-mens-artistic-style-elastic-waist-solid-color-casual-loose-pants","ACTIVE","yes","49738565714170","4XL / Picture color 10","14:350850#Picture color;5:200000990","True","5","39.40","15.40","5.00","yes","15.40","3.03","7~13 days sampled range","AliExpress Selection Standard; ships from CN; DSers displayed US $2.15 shipping","111943","PASS_REPRESENTATIVE_SAMPLE","US$8.18~11.07","US$1.99","7~14 days","AliExpress Selection Standard; ships from CN; tracking available","111940","PASS_REPRESENTATIVE_SAMPLE_PENDING_US_STOREFRONT_PRICE","Checked in DSers Shipping info modal for Canada on 2026-07-26. Representative SKUs M-Picture color, L-Picture color, XL-Picture color, and XXL-Picture color 1 returned US $2.15 shipping with tracking available; applied to mapped wide-leg pants variants pending final spot-check before ad spend. Representative U.S. DSers quote on 2026-07-26: M/L/XXL Picture color and XXL/4XL Picture color 1 returned US$1.99 shipping in 7~14 days, tracking available. Applied across mapped variants pending final spot-check."
"9326918303994","Men's Cotton-Linen Wide-Leg Pants","2025-summer-mens-cotton-and-linen-oversized-wide-leg-pants-mens-artistic-style-elastic-waist-solid-color-casual-loose-pants","ACTIVE","yes","49738565976314","4XL / Picture color 11","14:771#Picture color;5:200000990","True","1995","39.40","15.26","5.14","yes","15.26","3.03","7~13 days sampled range","AliExpress Selection Standard; ships from CN; DSers displayed US $2.15 shipping","111943","PASS_REPRESENTATIVE_SAMPLE","US$8.18~11.07","US$1.99","7~14 days","AliExpress Selection Standard; ships from CN; tracking available","111940","PASS_REPRESENTATIVE_SAMPLE_PENDING_US_STOREFRONT_PRICE","Checked in DSers Shipping info modal for Canada on 2026-07-26. Representative SKUs M-Picture color, L-Picture color, XL-Picture color, and XXL-Picture color 1 returned US $2.15 shipping with tracking available; applied to mapped wide-leg pants variants pending final spot-check before ad spend. Representative U.S. DSers quote on 2026-07-26: M/L/XXL Picture color and XXL/4XL Picture color 1 returned US$1.99 shipping in 7~14 days, tracking available. Applied across mapped variants pending final spot-check."
"9326918303994","Men's Cotton-Linen Wide-Leg Pants","2025-summer-mens-cotton-and-linen-oversized-wide-leg-pants-mens-artistic-style-elastic-waist-solid-color-casual-loose-pants","ACTIVE","yes","49738566992122","4XL / Picture color 12","14:1254#Picture color;5:200000990","True","1997","39.40","15.46","4.94","yes","15.46","3.03","7~13 days sampled range","AliExpress Selection Standard; ships from CN; DSers displayed US $2.15 shipping","111943","PASS_REPRESENTATIVE_SAMPLE","US$8.18~11.07","US$1.99","7~14 days","AliExpress Selection Standard; ships from CN; tracking available","111940","PASS_REPRESENTATIVE_SAMPLE_PENDING_US_STOREFRONT_PRICE","Checked in DSers Shipping info modal for Canada on 2026-07-26. Representative SKUs M-Picture color, L-Picture color, XL-Picture color, and XXL-Picture color 1 returned US $2.15 shipping with tracking available; applied to mapped wide-leg pants variants pending final spot-check before ad spend. Representative U.S. DSers quote on 2026-07-26: M/L/XXL Picture color and XXL/4XL Picture color 1 returned US$1.99 shipping in 7~14 days, tracking available. Applied across mapped variants pending final spot-check."
"9326918303994","Men's Cotton-Linen Wide-Leg Pants","2025-summer-mens-cotton-and-linen-oversized-wide-leg-pants-mens-artistic-style-elastic-waist-solid-color-casual-loose-pants","ACTIVE","yes","49738567450874","4XL / Picture color 13","14:200001951#Picture color;5:200000990","True","1996","39.40","15.53","4.87","yes","15.53","3.03","7~13 days sampled range","AliExpress Selection Standard; ships from CN; DSers displayed US $2.15 shipping","111943","PASS_REPRESENTATIVE_SAMPLE","US$8.18~11.07","US$1.99","7~14 days","AliExpress Selection Standard; ships from CN; tracking available","111940","PASS_REPRESENTATIVE_SAMPLE_PENDING_US_STOREFRONT_PRICE","Checked in DSers Shipping info modal for Canada on 2026-07-26. Representative SKUs M-Picture color, L-Picture color, XL-Picture color, and XXL-Picture color 1 returned US $2.15 shipping with tracking available; applied to mapped wide-leg pants variants pending final spot-check before ad spend. Representative U.S. DSers quote on 2026-07-26: M/L/XXL Picture color and XXL/4XL Picture color 1 returned US$1.99 shipping in 7~14 days, tracking available. Applied across mapped variants pending final spot-check."
"9326918303994","Men's Cotton-Linen Wide-Leg Pants","2025-summer-mens-cotton-and-linen-oversized-wide-leg-pants-mens-artistic-style-elastic-waist-solid-color-casual-loose-pants","ACTIVE","yes","49738566762746","4XL / Picture color 2","14:365458#Picture color;5:200000990","True","1995","39.40","15.63","4.77","yes","15.63","3.03","7~13 days sampled range","AliExpress Selection Standard; ships from CN; DSers displayed US $2.15 shipping","111943","PASS_REPRESENTATIVE_SAMPLE","US$8.18~11.07","US$1.99","7~14 days","AliExpress Selection Standard; ships from CN; tracking available","111940","PASS_REPRESENTATIVE_SAMPLE_PENDING_US_STOREFRONT_PRICE","Checked in DSers Shipping info modal for Canada on 2026-07-26. Representative SKUs M-Picture color, L-Picture color, XL-Picture color, and XXL-Picture color 1 returned US $2.15 shipping with tracking available; applied to mapped wide-leg pants variants pending final spot-check before ad spend. Representative U.S. DSers quote on 2026-07-26: M/L/XXL Picture color and XXL/4XL Picture color 1 returned US$1.99 shipping in 7~14 days, tracking available. Applied across mapped variants pending final spot-check."
"9326918303994","Men's Cotton-Linen Wide-Leg Pants","2025-summer-mens-cotton-and-linen-oversized-wide-leg-pants-mens-artistic-style-elastic-waist-solid-color-casual-loose-pants","ACTIVE","yes","49738564796666","4XL / Picture color 3","14:100018786#Picture color;5:200000990","True","1997","39.40","15.23","5.17","yes","15.23","3.03","7~13 days sampled range","AliExpress Selection Standard; ships from CN; DSers displayed US $2.15 shipping","111943","PASS_REPRESENTATIVE_SAMPLE","US$8.18~11.07","US$1.99","7~14 days","AliExpress Selection Standard; ships from CN; tracking available","111940","PASS_REPRESENTATIVE_SAMPLE_PENDING_US_STOREFRONT_PRICE","Checked in DSers Shipping info modal for Canada on 2026-07-26. Representative SKUs M-Picture color, L-Picture color, XL-Picture color, and XXL-Picture color 1 returned US $2.15 shipping with tracking available; applied to mapped wide-leg pants variants pending final spot-check before ad spend. Representative U.S. DSers quote on 2026-07-26: M/L/XXL Picture color and XXL/4XL Picture color 1 returned US$1.99 shipping in 7~14 days, tracking available. Applied across mapped variants pending final spot-check."
"9326918303994","Men's Cotton-Linen Wide-Leg Pants","2025-summer-mens-cotton-and-linen-oversized-wide-leg-pants-mens-artistic-style-elastic-waist-solid-color-casual-loose-pants","ACTIVE","yes","49738564862202","4XL / Picture color 4","14:202520811#Picture color;5:200000990","True","1997","39.40","15.50","4.90","yes","15.50","3.03","7~13 days sampled range","AliExpress Selection Standard; ships from CN; DSers displayed US $2.15 shipping","111943","PASS_REPRESENTATIVE_SAMPLE","US$8.18~11.07","US$1.99","7~14 days","AliExpress Selection Standard; ships from CN; tracking available","111940","PASS_REPRESENTATIVE_SAMPLE_PENDING_US_STOREFRONT_PRICE","Checked in DSers Shipping info modal for Canada on 2026-07-26. Representative SKUs M-Picture color, L-Picture color, XL-Picture color, and XXL-Picture color 1 returned US $2.15 shipping with tracking available; applied to mapped wide-leg pants variants pending final spot-check before ad spend. Representative U.S. DSers quote on 2026-07-26: M/L/XXL Picture color and XXL/4XL Picture color 1 returned US$1.99 shipping in 7~14 days, tracking available. Applied across mapped variants pending final spot-check."
"9326918303994","Men's Cotton-Linen Wide-Leg Pants","2025-summer-mens-cotton-and-linen-oversized-wide-leg-pants-mens-artistic-style-elastic-waist-solid-color-casual-loose-pants","ACTIVE","yes","49738565058810","4XL / Picture color 5","14:691#Picture color;5:200000990","True","1994","39.40","15.56","4.84","yes","15.56","3.03","7~13 days sampled range","AliExpress Selection Standard; ships from CN; DSers displayed US $2.15 shipping","111943","PASS_REPRESENTATIVE_SAMPLE","US$8.18~11.07","US$1.99","7~14 days","AliExpress Selection Standard; ships from CN; tracking available","111940","PASS_REPRESENTATIVE_SAMPLE_PENDING_US_STOREFRONT_PRICE","Checked in DSers Shipping info modal for Canada on 2026-07-26. Representative SKUs M-Picture color, L-Picture color, XL-Picture color, and XXL-Picture color 1 returned US $2.15 shipping with tracking available; applied to mapped wide-leg pants variants pending final spot-check before ad spend. Representative U.S. DSers quote on 2026-07-26: M/L/XXL Picture color and XXL/4XL Picture color 1 returned US$1.99 shipping in 7~14 days, tracking available. Applied across mapped variants pending final spot-check."
"9326918303994","Men's Cotton-Linen Wide-Leg Pants","2025-summer-mens-cotton-and-linen-oversized-wide-leg-pants-mens-artistic-style-elastic-waist-solid-color-casual-loose-pants","ACTIVE","yes","49738565189882","4XL / Picture color 6","14:175#Picture color;5:200000990","True","8","39.40","15.56","4.84","yes","15.56","3.03","7~13 days sampled range","AliExpress Selection Standard; ships from CN; DSers displayed US $2.15 shipping","111943","PASS_REPRESENTATIVE_SAMPLE","US$8.18~11.07","US$1.99","7~14 days","AliExpress Selection Standard; ships from CN; tracking available","111940","PASS_REPRESENTATIVE_SAMPLE_PENDING_US_STOREFRONT_PRICE","Checked in DSers Shipping info modal for Canada on 2026-07-26. Representative SKUs M-Picture color, L-Picture color, XL-Picture color, and XXL-Picture color 1 returned US $2.15 shipping with tracking available; applied to mapped wide-leg pants variants pending final spot-check before ad spend. Representative U.S. DSers quote on 2026-07-26: M/L/XXL Picture color and XXL/4XL Picture color 1 returned US$1.99 shipping in 7~14 days, tracking available. Applied across mapped variants pending final spot-check."
"9326918303994","Men's Cotton-Linen Wide-Leg Pants","2025-summer-mens-cotton-and-linen-oversized-wide-leg-pants-mens-artistic-style-elastic-waist-solid-color-casual-loose-pants","ACTIVE","yes","49738567155962","4XL / Picture color 7","14:200004889#Picture color;5:200000990","True","1994","39.40","15.50","4.90","yes","15.50","3.03","7~13 days sampled range","AliExpress Selection Standard; ships from CN; DSers displayed US $2.15 shipping","111943","PASS_REPRESENTATIVE_SAMPLE","US$8.18~11.07","US$1.99","7~14 days","AliExpress Selection Standard; ships from CN; tracking available","111940","PASS_REPRESENTATIVE_SAMPLE_PENDING_US_STOREFRONT_PRICE","Checked in DSers Shipping info modal for Canada on 2026-07-26. Representative SKUs M-Picture color, L-Picture color, XL-Picture color, and XXL-Picture color 1 returned US $2.15 shipping with tracking available; applied to mapped wide-leg pants variants pending final spot-check before ad spend. Representative U.S. DSers quote on 2026-07-26: M/L/XXL Picture color and XXL/4XL Picture color 1 returned US$1.99 shipping in 7~14 days, tracking available. Applied across mapped variants pending final spot-check."
"9326918303994","Men's Cotton-Linen Wide-Leg Pants","2025-summer-mens-cotton-and-linen-oversized-wide-leg-pants-mens-artistic-style-elastic-waist-solid-color-casual-loose-pants","ACTIVE","yes","49738565288186","4XL / Picture color 8","14:193#Picture color;5:200000990","True","1996","39.40","15.65","4.75","yes","15.65","3.03","7~13 days sampled range","AliExpress Selection Standard; ships from CN; DSers displayed US $2.15 shipping","111943","PASS_REPRESENTATIVE_SAMPLE","US$8.18~11.07","US$1.99","7~14 days","AliExpress Selection Standard; ships from CN; tracking available","111940","PASS_REPRESENTATIVE_SAMPLE_PENDING_US_STOREFRONT_PRICE","Checked in DSers Shipping info modal for Canada on 2026-07-26. Representative SKUs M-Picture color, L-Picture color, XL-Picture color, and XXL-Picture color 1 returned US $2.15 shipping with tracking available; applied to mapped wide-leg pants variants pending final spot-check before ad spend. Representative U.S. DSers quote on 2026-07-26: M/L/XXL Picture color and XXL/4XL Picture color 1 returned US$1.99 shipping in 7~14 days, tracking available. Applied across mapped variants pending final spot-check."
"9326918303994","Men's Cotton-Linen Wide-Leg Pants","2025-summer-mens-cotton-and-linen-oversized-wide-leg-pants-mens-artistic-style-elastic-waist-solid-color-casual-loose-pants","ACTIVE","yes","49738565452026","4XL / Picture color 9","14:173#Picture color;5:200000990","True","1995","39.40","15.41","4.99","yes","15.41","3.03","7~13 days sampled range","AliExpress Selection Standard; ships from CN; DSers displayed US $2.15 shipping","111943","PASS_REPRESENTATIVE_SAMPLE","US$8.18~11.07","US$1.99","7~14 days","AliExpress Selection Standard; ships from CN; tracking available","111940","PASS_REPRESENTATIVE_SAMPLE_PENDING_US_STOREFRONT_PRICE","Checked in DSers Shipping info modal for Canada on 2026-07-26. Representative SKUs M-Picture color, L-Picture color, XL-Picture color, and XXL-Picture color 1 returned US $2.15 shipping with tracking available; applied to mapped wide-leg pants variants pending final spot-check before ad spend. Representative U.S. DSers quote on 2026-07-26: M/L/XXL Picture color and XXL/4XL Picture color 1 returned US$1.99 shipping in 7~14 days, tracking available. Applied across mapped variants pending final spot-check."
"9326918303994","Men's Cotton-Linen Wide-Leg Pants","2025-summer-mens-cotton-and-linen-oversized-wide-leg-pants-mens-artistic-style-elastic-waist-solid-color-casual-loose-pants","ACTIVE","yes","49738566172922","5XL / Picture color","14:200004890#Picture color;5:200000991","True","1992","39.40","15.48","4.92","yes","15.48","3.03","7~13 days sampled range","AliExpress Selection Standard; ships from CN; DSers displayed US $2.15 shipping","111943","PASS_REPRESENTATIVE_SAMPLE","US$8.18~11.07","US$1.99","7~14 days","AliExpress Selection Standard; ships from CN; tracking available","111940","PASS_REPRESENTATIVE_SAMPLE_PENDING_US_STOREFRONT_PRICE","Checked in DSers Shipping info modal for Canada on 2026-07-26. Representative SKUs M-Picture color, L-Picture color, XL-Picture color, and XXL-Picture color 1 returned US $2.15 shipping with tracking available; applied to mapped wide-leg pants variants pending final spot-check before ad spend. Representative U.S. DSers quote on 2026-07-26: M/L/XXL Picture color and XXL/4XL Picture color 1 returned US$1.99 shipping in 7~14 days, tracking available. Applied across mapped variants pending final spot-check."
"9326918303994","Men's Cotton-Linen Wide-Leg Pants","2025-summer-mens-cotton-and-linen-oversized-wide-leg-pants-mens-artistic-style-elastic-waist-solid-color-casual-loose-pants","ACTIVE","yes","49738564632826","5XL / Picture color 1","14:202997806#Picture color;5:200000991","True","5","39.40","15.63","4.77","yes","15.63","3.03","7~13 days sampled range","AliExpress Selection Standard; ships from CN; DSers displayed US $2.15 shipping","111943","PASS_REPRESENTATIVE_SAMPLE","US$8.18~11.07","US$1.99","7~14 days","AliExpress Selection Standard; ships from CN; tracking available","111940","PASS_REPRESENTATIVE_SAMPLE_PENDING_US_STOREFRONT_PRICE","Checked in DSers Shipping info modal for Canada on 2026-07-26. Representative SKUs M-Picture color, L-Picture color, XL-Picture color, and XXL-Picture color 1 returned US $2.15 shipping with tracking available; applied to mapped wide-leg pants variants pending final spot-check before ad spend. Representative U.S. DSers quote on 2026-07-26: M/L/XXL Picture color and XXL/4XL Picture color 1 returned US$1.99 shipping in 7~14 days, tracking available. Applied across mapped variants pending final spot-check."
"9326918303994","Men's Cotton-Linen Wide-Leg Pants","2025-summer-mens-cotton-and-linen-oversized-wide-leg-pants-mens-artistic-style-elastic-waist-solid-color-casual-loose-pants","ACTIVE","yes","49738565746938","5XL / Picture color 10","14:350850#Picture color;5:200000991","True","5","39.40","15.41","4.99","yes","15.41","3.03","7~13 days sampled range","AliExpress Selection Standard; ships from CN; DSers displayed US $2.15 shipping","111943","PASS_REPRESENTATIVE_SAMPLE","US$8.18~11.07","US$1.99","7~14 days","AliExpress Selection Standard; ships from CN; tracking available","111940","PASS_REPRESENTATIVE_SAMPLE_PENDING_US_STOREFRONT_PRICE","Checked in DSers Shipping info modal for Canada on 2026-07-26. Representative SKUs M-Picture color, L-Picture color, XL-Picture color, and XXL-Picture color 1 returned US $2.15 shipping with tracking available; applied to mapped wide-leg pants variants pending final spot-check before ad spend. Representative U.S. DSers quote on 2026-07-26: M/L/XXL Picture color and XXL/4XL Picture color 1 returned US$1.99 shipping in 7~14 days, tracking available. Applied across mapped variants pending final spot-check."
"9326918303994","Men's Cotton-Linen Wide-Leg Pants","2025-summer-mens-cotton-and-linen-oversized-wide-leg-pants-mens-artistic-style-elastic-waist-solid-color-casual-loose-pants","ACTIVE","yes","49738566009082","5XL / Picture color 11","14:771#Picture color;5:200000991","True","1997","39.40","15.82","4.58","yes","15.82","3.03","7~13 days sampled range","AliExpress Selection Standard; ships from CN; DSers displayed US $2.15 shipping","111943","PASS_REPRESENTATIVE_SAMPLE","US$8.18~11.07","US$1.99","7~14 days","AliExpress Selection Standard; ships from CN; tracking available","111940","PASS_REPRESENTATIVE_SAMPLE_PENDING_US_STOREFRONT_PRICE","Checked in DSers Shipping info modal for Canada on 2026-07-26. Representative SKUs M-Picture color, L-Picture color, XL-Picture color, and XXL-Picture color 1 returned US $2.15 shipping with tracking available; applied to mapped wide-leg pants variants pending final spot-check before ad spend. Representative U.S. DSers quote on 2026-07-26: M/L/XXL Picture color and XXL/4XL Picture color 1 returned US$1.99 shipping in 7~14 days, tracking available. Applied across mapped variants pending final spot-check."
"9326918303994","Men's Cotton-Linen Wide-Leg Pants","2025-summer-mens-cotton-and-linen-oversized-wide-leg-pants-mens-artistic-style-elastic-waist-solid-color-casual-loose-pants","ACTIVE","yes","49738567024890","5XL / Picture color 12","14:1254#Picture color;5:200000991","True","1997","39.40","15.56","4.84","yes","15.56","3.03","7~13 days sampled range","AliExpress Selection Standard; ships from CN; DSers displayed US $2.15 shipping","111943","PASS_REPRESENTATIVE_SAMPLE","US$8.18~11.07","US$1.99","7~14 days","AliExpress Selection Standard; ships from CN; tracking available","111940","PASS_REPRESENTATIVE_SAMPLE_PENDING_US_STOREFRONT_PRICE","Checked in DSers Shipping info modal for Canada on 2026-07-26. Representative SKUs M-Picture color, L-Picture color, XL-Picture color, and XXL-Picture color 1 returned US $2.15 shipping with tracking available; applied to mapped wide-leg pants variants pending final spot-check before ad spend. Representative U.S. DSers quote on 2026-07-26: M/L/XXL Picture color and XXL/4XL Picture color 1 returned US$1.99 shipping in 7~14 days, tracking available. Applied across mapped variants pending final spot-check."
"9326918303994","Men's Cotton-Linen Wide-Leg Pants","2025-summer-mens-cotton-and-linen-oversized-wide-leg-pants-mens-artistic-style-elastic-waist-solid-color-casual-loose-pants","ACTIVE","yes","49738567221498","5XL / Picture color 13","14:200001951#Picture color;5:200000991","True","1995","39.40","15.56","4.84","yes","15.56","3.03","7~13 days sampled range","AliExpress Selection Standard; ships from CN; DSers displayed US $2.15 shipping","111943","PASS_REPRESENTATIVE_SAMPLE","US$8.18~11.07","US$1.99","7~14 days","AliExpress Selection Standard; ships from CN; tracking available","111940","PASS_REPRESENTATIVE_SAMPLE_PENDING_US_STOREFRONT_PRICE","Checked in DSers Shipping info modal for Canada on 2026-07-26. Representative SKUs M-Picture color, L-Picture color, XL-Picture color, and XXL-Picture color 1 returned US $2.15 shipping with tracking available; applied to mapped wide-leg pants variants pending final spot-check before ad spend. Representative U.S. DSers quote on 2026-07-26: M/L/XXL Picture color and XXL/4XL Picture color 1 returned US$1.99 shipping in 7~14 days, tracking available. Applied across mapped variants pending final spot-check."
"9326918303994","Men's Cotton-Linen Wide-Leg Pants","2025-summer-mens-cotton-and-linen-oversized-wide-leg-pants-mens-artistic-style-elastic-waist-solid-color-casual-loose-pants","ACTIVE","yes","49738566795514","5XL / Picture color 2","14:365458#Picture color;5:200000991","True","1994","39.40","15.36","5.04","yes","15.36","3.03","7~13 days sampled range","AliExpress Selection Standard; ships from CN; DSers displayed US $2.15 shipping","111943","PASS_REPRESENTATIVE_SAMPLE","US$8.18~11.07","US$1.99","7~14 days","AliExpress Selection Standard; ships from CN; tracking available","111940","PASS_REPRESENTATIVE_SAMPLE_PENDING_US_STOREFRONT_PRICE","Checked in DSers Shipping info modal for Canada on 2026-07-26. Representative SKUs M-Picture color, L-Picture color, XL-Picture color, and XXL-Picture color 1 returned US $2.15 shipping with tracking available; applied to mapped wide-leg pants variants pending final spot-check before ad spend. Representative U.S. DSers quote on 2026-07-26: M/L/XXL Picture color and XXL/4XL Picture color 1 returned US$1.99 shipping in 7~14 days, tracking available. Applied across mapped variants pending final spot-check."
"9326918303994","Men's Cotton-Linen Wide-Leg Pants","2025-summer-mens-cotton-and-linen-oversized-wide-leg-pants-mens-artistic-style-elastic-waist-solid-color-casual-loose-pants","ACTIVE","yes","49738564829434","5XL / Picture color 3","14:100018786#Picture color;5:200000991","True","1996","39.40","15.65","4.75","yes","15.65","3.03","7~13 days sampled range","AliExpress Selection Standard; ships from CN; DSers displayed US $2.15 shipping","111943","PASS_REPRESENTATIVE_SAMPLE","US$8.18~11.07","US$1.99","7~14 days","AliExpress Selection Standard; ships from CN; tracking available","111940","PASS_REPRESENTATIVE_SAMPLE_PENDING_US_STOREFRONT_PRICE","Checked in DSers Shipping info modal for Canada on 2026-07-26. Representative SKUs M-Picture color, L-Picture color, XL-Picture color, and XXL-Picture color 1 returned US $2.15 shipping with tracking available; applied to mapped wide-leg pants variants pending final spot-check before ad spend. Representative U.S. DSers quote on 2026-07-26: M/L/XXL Picture color and XXL/4XL Picture color 1 returned US$1.99 shipping in 7~14 days, tracking available. Applied across mapped variants pending final spot-check."
"9326918303994","Men's Cotton-Linen Wide-Leg Pants","2025-summer-mens-cotton-and-linen-oversized-wide-leg-pants-mens-artistic-style-elastic-waist-solid-color-casual-loose-pants","ACTIVE","yes","49738564894970","5XL / Picture color 4","14:202520811#Picture color;5:200000991","True","1997","39.40","15.58","4.82","yes","15.58","3.03","7~13 days sampled range","AliExpress Selection Standard; ships from CN; DSers displayed US $2.15 shipping","111943","PASS_REPRESENTATIVE_SAMPLE","US$8.18~11.07","US$1.99","7~14 days","AliExpress Selection Standard; ships from CN; tracking available","111940","PASS_REPRESENTATIVE_SAMPLE_PENDING_US_STOREFRONT_PRICE","Checked in DSers Shipping info modal for Canada on 2026-07-26. Representative SKUs M-Picture color, L-Picture color, XL-Picture color, and XXL-Picture color 1 returned US $2.15 shipping with tracking available; applied to mapped wide-leg pants variants pending final spot-check before ad spend. Representative U.S. DSers quote on 2026-07-26: M/L/XXL Picture color and XXL/4XL Picture color 1 returned US$1.99 shipping in 7~14 days, tracking available. Applied across mapped variants pending final spot-check."
"9326918303994","Men's Cotton-Linen Wide-Leg Pants","2025-summer-mens-cotton-and-linen-oversized-wide-leg-pants-mens-artistic-style-elastic-waist-solid-color-casual-loose-pants","ACTIVE","yes","49738565091578","5XL / Picture color 5","14:691#Picture color;5:200000991","True","1991","39.40","15.50","4.90","yes","15.50","3.03","7~13 days sampled range","AliExpress Selection Standard; ships from CN; DSers displayed US $2.15 shipping","111943","PASS_REPRESENTATIVE_SAMPLE","US$8.18~11.07","US$1.99","7~14 days","AliExpress Selection Standard; ships from CN; tracking available","111940","PASS_REPRESENTATIVE_SAMPLE_PENDING_US_STOREFRONT_PRICE","Checked in DSers Shipping info modal for Canada on 2026-07-26. Representative SKUs M-Picture color, L-Picture color, XL-Picture color, and XXL-Picture color 1 returned US $2.15 shipping with tracking available; applied to mapped wide-leg pants variants pending final spot-check before ad spend. Representative U.S. DSers quote on 2026-07-26: M/L/XXL Picture color and XXL/4XL Picture color 1 returned US$1.99 shipping in 7~14 days, tracking available. Applied across mapped variants pending final spot-check."
"9326918303994","Men's Cotton-Linen Wide-Leg Pants","2025-summer-mens-cotton-and-linen-oversized-wide-leg-pants-mens-artistic-style-elastic-waist-solid-color-casual-loose-pants","ACTIVE","yes","49738565222650","5XL / Picture color 6","14:175#Picture color;5:200000991","True","1993","39.40","15.95","4.45","yes","15.95","3.03","7~13 days sampled range","AliExpress Selection Standard; ships from CN; DSers displayed US $2.15 shipping","111943","PASS_REPRESENTATIVE_SAMPLE","US$8.18~11.07","US$1.99","7~14 days","AliExpress Selection Standard; ships from CN; tracking available","111940","PASS_REPRESENTATIVE_SAMPLE_PENDING_US_STOREFRONT_PRICE","Checked in DSers Shipping info modal for Canada on 2026-07-26. Representative SKUs M-Picture color, L-Picture color, XL-Picture color, and XXL-Picture color 1 returned US $2.15 shipping with tracking available; applied to mapped wide-leg pants variants pending final spot-check before ad spend. Representative U.S. DSers quote on 2026-07-26: M/L/XXL Picture color and XXL/4XL Picture color 1 returned US$1.99 shipping in 7~14 days, tracking available. Applied across mapped variants pending final spot-check."
"9326918303994","Men's Cotton-Linen Wide-Leg Pants","2025-summer-mens-cotton-and-linen-oversized-wide-leg-pants-mens-artistic-style-elastic-waist-solid-color-casual-loose-pants","ACTIVE","yes","49738567188730","5XL / Picture color 7","14:200004889#Picture color;5:200000991","True","1996","39.40","15.46","4.94","yes","15.46","3.03","7~13 days sampled range","AliExpress Selection Standard; ships from CN; DSers displayed US $2.15 shipping","111943","PASS_REPRESENTATIVE_SAMPLE","US$8.18~11.07","US$1.99","7~14 days","AliExpress Selection Standard; ships from CN; tracking available","111940","PASS_REPRESENTATIVE_SAMPLE_PENDING_US_STOREFRONT_PRICE","Checked in DSers Shipping info modal for Canada on 2026-07-26. Representative SKUs M-Picture color, L-Picture color, XL-Picture color, and XXL-Picture color 1 returned US $2.15 shipping with tracking available; applied to mapped wide-leg pants variants pending final spot-check before ad spend. Representative U.S. DSers quote on 2026-07-26: M/L/XXL Picture color and XXL/4XL Picture color 1 returned US$1.99 shipping in 7~14 days, tracking available. Applied across mapped variants pending final spot-check."
"9326918303994","Men's Cotton-Linen Wide-Leg Pants","2025-summer-mens-cotton-and-linen-oversized-wide-leg-pants-mens-artistic-style-elastic-waist-solid-color-casual-loose-pants","ACTIVE","yes","49738567483642","5XL / Picture color 8","14:193#Picture color;5:200000991","True","1995","39.40","15.70","4.70","yes","15.70","3.03","7~13 days sampled range","AliExpress Selection Standard; ships from CN; DSers displayed US $2.15 shipping","111943","PASS_REPRESENTATIVE_SAMPLE","US$8.18~11.07","US$1.99","7~14 days","AliExpress Selection Standard; ships from CN; tracking available","111940","PASS_REPRESENTATIVE_SAMPLE_PENDING_US_STOREFRONT_PRICE","Checked in DSers Shipping info modal for Canada on 2026-07-26. Representative SKUs M-Picture color, L-Picture color, XL-Picture color, and XXL-Picture color 1 returned US $2.15 shipping with tracking available; applied to mapped wide-leg pants variants pending final spot-check before ad spend. Representative U.S. DSers quote on 2026-07-26: M/L/XXL Picture color and XXL/4XL Picture color 1 returned US$1.99 shipping in 7~14 days, tracking available. Applied across mapped variants pending final spot-check."
"9326918303994","Men's Cotton-Linen Wide-Leg Pants","2025-summer-mens-cotton-and-linen-oversized-wide-leg-pants-mens-artistic-style-elastic-waist-solid-color-casual-loose-pants","ACTIVE","yes","49738565484794","5XL / Picture color 9","14:173#Picture color;5:200000991","True","2","39.40","15.33","5.07","yes","15.33","3.03","7~13 days sampled range","AliExpress Selection Standard; ships from CN; DSers displayed US $2.15 shipping","111943","PASS_REPRESENTATIVE_SAMPLE","US$8.18~11.07","US$1.99","7~14 days","AliExpress Selection Standard; ships from CN; tracking available","111940","PASS_REPRESENTATIVE_SAMPLE_PENDING_US_STOREFRONT_PRICE","Checked in DSers Shipping info modal for Canada on 2026-07-26. Representative SKUs M-Picture color, L-Picture color, XL-Picture color, and XXL-Picture color 1 returned US $2.15 shipping with tracking available; applied to mapped wide-leg pants variants pending final spot-check before ad spend. Representative U.S. DSers quote on 2026-07-26: M/L/XXL Picture color and XXL/4XL Picture color 1 returned US$1.99 shipping in 7~14 days, tracking available. Applied across mapped variants pending final spot-check."
"9326918303994","Men's Cotton-Linen Wide-Leg Pants","2025-summer-mens-cotton-and-linen-oversized-wide-leg-pants-mens-artistic-style-elastic-waist-solid-color-casual-loose-pants","ACTIVE","yes","49738564436218","L / Picture color","14:200004890#Picture color;5:361385","True","7","39.40","14.92","5.48","yes","14.92","3.03","7~13 days sampled range","AliExpress Selection Standard; ships from CN; DSers displayed US $2.15 shipping","111943","PASS_REPRESENTATIVE_SAMPLE","US$8.18~11.07","US$1.99","7~14 days","AliExpress Selection Standard; ships from CN; tracking available","111940","PASS_REPRESENTATIVE_SAMPLE_PENDING_US_STOREFRONT_PRICE","Checked in DSers Shipping info modal for Canada on 2026-07-26. Representative SKUs M-Picture color, L-Picture color, XL-Picture color, and XXL-Picture color 1 returned US $2.15 shipping with tracking available; applied to mapped wide-leg pants variants pending final spot-check before ad spend. Representative U.S. DSers quote on 2026-07-26: M/L/XXL Picture color and XXL/4XL Picture color 1 returned US$1.99 shipping in 7~14 days, tracking available. Applied across mapped variants pending final spot-check."
"9326918303994","Men's Cotton-Linen Wide-Leg Pants","2025-summer-mens-cotton-and-linen-oversized-wide-leg-pants-mens-artistic-style-elastic-waist-solid-color-casual-loose-pants","ACTIVE","yes","49738564731130","L / Picture color 1","14:202997806#Picture color;5:361385","True","2","39.40","14.78","5.62","yes","14.78","3.03","7~13 days sampled range","AliExpress Selection Standard; ships from CN; DSers displayed US $2.15 shipping","111943","PASS_REPRESENTATIVE_SAMPLE","US$8.18~11.07","US$1.99","7~14 days","AliExpress Selection Standard; ships from CN; tracking available","111940","PASS_REPRESENTATIVE_SAMPLE_PENDING_US_STOREFRONT_PRICE","Checked in DSers Shipping info modal for Canada on 2026-07-26. Representative SKUs M-Picture color, L-Picture color, XL-Picture color, and XXL-Picture color 1 returned US $2.15 shipping with tracking available; applied to mapped wide-leg pants variants pending final spot-check before ad spend. Representative U.S. DSers quote on 2026-07-26: M/L/XXL Picture color and XXL/4XL Picture color 1 returned US$1.99 shipping in 7~14 days, tracking available. Applied across mapped variants pending final spot-check."
"9326918303994","Men's Cotton-Linen Wide-Leg Pants","2025-summer-mens-cotton-and-linen-oversized-wide-leg-pants-mens-artistic-style-elastic-waist-solid-color-casual-loose-pants","ACTIVE","yes","49738565845242","L / Picture color 10","14:350850#Picture color;5:361385","True","3","39.40","14.78","5.62","yes","14.78","3.03","7~13 days sampled range","AliExpress Selection Standard; ships from CN; DSers displayed US $2.15 shipping","111943","PASS_REPRESENTATIVE_SAMPLE","US$8.18~11.07","US$1.99","7~14 days","AliExpress Selection Standard; ships from CN; tracking available","111940","PASS_REPRESENTATIVE_SAMPLE_PENDING_US_STOREFRONT_PRICE","Checked in DSers Shipping info modal for Canada on 2026-07-26. Representative SKUs M-Picture color, L-Picture color, XL-Picture color, and XXL-Picture color 1 returned US $2.15 shipping with tracking available; applied to mapped wide-leg pants variants pending final spot-check before ad spend. Representative U.S. DSers quote on 2026-07-26: M/L/XXL Picture color and XXL/4XL Picture color 1 returned US$1.99 shipping in 7~14 days, tracking available. Applied across mapped variants pending final spot-check."
"9326918303994","Men's Cotton-Linen Wide-Leg Pants","2025-summer-mens-cotton-and-linen-oversized-wide-leg-pants-mens-artistic-style-elastic-waist-solid-color-casual-loose-pants","ACTIVE","yes","49738566533370","L / Picture color 11","14:771#Picture color;5:361385","True","4","39.40","14.56","5.84","yes","14.56","3.03","7~13 days sampled range","AliExpress Selection Standard; ships from CN; DSers displayed US $2.15 shipping","111943","PASS_REPRESENTATIVE_SAMPLE","US$8.18~11.07","US$1.99","7~14 days","AliExpress Selection Standard; ships from CN; tracking available","111940","PASS_REPRESENTATIVE_SAMPLE_PENDING_US_STOREFRONT_PRICE","Checked in DSers Shipping info modal for Canada on 2026-07-26. Representative SKUs M-Picture color, L-Picture color, XL-Picture color, and XXL-Picture color 1 returned US $2.15 shipping with tracking available; applied to mapped wide-leg pants variants pending final spot-check before ad spend. Representative U.S. DSers quote on 2026-07-26: M/L/XXL Picture color and XXL/4XL Picture color 1 returned US$1.99 shipping in 7~14 days, tracking available. Applied across mapped variants pending final spot-check."
"9326918303994","Men's Cotton-Linen Wide-Leg Pants","2025-summer-mens-cotton-and-linen-oversized-wide-leg-pants-mens-artistic-style-elastic-waist-solid-color-casual-loose-pants","ACTIVE","yes","49738566402298","L / Picture color 12","14:1254#Picture color;5:361385","True","1993","39.40","14.73","5.67","yes","14.73","3.03","7~13 days sampled range","AliExpress Selection Standard; ships from CN; DSers displayed US $2.15 shipping","111943","PASS_REPRESENTATIVE_SAMPLE","US$8.18~11.07","US$1.99","7~14 days","AliExpress Selection Standard; ships from CN; tracking available","111940","PASS_REPRESENTATIVE_SAMPLE_PENDING_US_STOREFRONT_PRICE","Checked in DSers Shipping info modal for Canada on 2026-07-26. Representative SKUs M-Picture color, L-Picture color, XL-Picture color, and XXL-Picture color 1 returned US $2.15 shipping with tracking available; applied to mapped wide-leg pants variants pending final spot-check before ad spend. Representative U.S. DSers quote on 2026-07-26: M/L/XXL Picture color and XXL/4XL Picture color 1 returned US$1.99 shipping in 7~14 days, tracking available. Applied across mapped variants pending final spot-check."
"9326918303994","Men's Cotton-Linen Wide-Leg Pants","2025-summer-mens-cotton-and-linen-oversized-wide-leg-pants-mens-artistic-style-elastic-waist-solid-color-casual-loose-pants","ACTIVE","yes","49738567581946","L / Picture color 13","14:200001951#Picture color;5:361385","True","5","39.40","14.75","5.65","yes","14.75","3.03","7~13 days sampled range","AliExpress Selection Standard; ships from CN; DSers displayed US $2.15 shipping","111943","PASS_REPRESENTATIVE_SAMPLE","US$8.18~11.07","US$1.99","7~14 days","AliExpress Selection Standard; ships from CN; tracking available","111940","PASS_REPRESENTATIVE_SAMPLE_PENDING_US_STOREFRONT_PRICE","Checked in DSers Shipping info modal for Canada on 2026-07-26. Representative SKUs M-Picture color, L-Picture color, XL-Picture color, and XXL-Picture color 1 returned US $2.15 shipping with tracking available; applied to mapped wide-leg pants variants pending final spot-check before ad spend. Representative U.S. DSers quote on 2026-07-26: M/L/XXL Picture color and XXL/4XL Picture color 1 returned US$1.99 shipping in 7~14 days, tracking available. Applied across mapped variants pending final spot-check."
"9326918303994","Men's Cotton-Linen Wide-Leg Pants","2025-summer-mens-cotton-and-linen-oversized-wide-leg-pants-mens-artistic-style-elastic-waist-solid-color-casual-loose-pants","ACTIVE","yes","49738566828282","L / Picture color 2","14:365458#Picture color;5:361385","True","4","39.40","14.67","5.73","yes","14.67","3.03","7~13 days sampled range","AliExpress Selection Standard; ships from CN; DSers displayed US $2.15 shipping","111943","PASS_REPRESENTATIVE_SAMPLE","US$8.18~11.07","US$1.99","7~14 days","AliExpress Selection Standard; ships from CN; tracking available","111940","PASS_REPRESENTATIVE_SAMPLE_PENDING_US_STOREFRONT_PRICE","Checked in DSers Shipping info modal for Canada on 2026-07-26. Representative SKUs M-Picture color, L-Picture color, XL-Picture color, and XXL-Picture color 1 returned US $2.15 shipping with tracking available; applied to mapped wide-leg pants variants pending final spot-check before ad spend. Representative U.S. DSers quote on 2026-07-26: M/L/XXL Picture color and XXL/4XL Picture color 1 returned US$1.99 shipping in 7~14 days, tracking available. Applied across mapped variants pending final spot-check."
"9326918303994","Men's Cotton-Linen Wide-Leg Pants","2025-summer-mens-cotton-and-linen-oversized-wide-leg-pants-mens-artistic-style-elastic-waist-solid-color-casual-loose-pants","ACTIVE","yes","49738564927738","L / Picture color 3","14:100018786#Picture color;5:361385","True","5","39.40","14.84","5.56","yes","14.84","3.03","7~13 days sampled range","AliExpress Selection Standard; ships from CN; DSers displayed US $2.15 shipping","111943","PASS_REPRESENTATIVE_SAMPLE","US$8.18~11.07","US$1.99","7~14 days","AliExpress Selection Standard; ships from CN; tracking available","111940","PASS_REPRESENTATIVE_SAMPLE_PENDING_US_STOREFRONT_PRICE","Checked in DSers Shipping info modal for Canada on 2026-07-26. Representative SKUs M-Picture color, L-Picture color, XL-Picture color, and XXL-Picture color 1 returned US $2.15 shipping with tracking available; applied to mapped wide-leg pants variants pending final spot-check before ad spend. Representative U.S. DSers quote on 2026-07-26: M/L/XXL Picture color and XXL/4XL Picture color 1 returned US$1.99 shipping in 7~14 days, tracking available. Applied across mapped variants pending final spot-check."
"9326918303994","Men's Cotton-Linen Wide-Leg Pants","2025-summer-mens-cotton-and-linen-oversized-wide-leg-pants-mens-artistic-style-elastic-waist-solid-color-casual-loose-pants","ACTIVE","yes","49738567647482","L / Picture color 4","14:202520811#Picture color;5:361385","True","4","39.40","12.01","8.39","yes","12.01","3.03","7~13 days sampled range","AliExpress Selection Standard; ships from CN; DSers displayed US $2.15 shipping","111943","PASS_REPRESENTATIVE_SAMPLE","US$8.18~11.07","US$1.99","7~14 days","AliExpress Selection Standard; ships from CN; tracking available","111940","PASS_REPRESENTATIVE_SAMPLE_PENDING_US_STOREFRONT_PRICE","Checked in DSers Shipping info modal for Canada on 2026-07-26. Representative SKUs M-Picture color, L-Picture color, XL-Picture color, and XXL-Picture color 1 returned US $2.15 shipping with tracking available; applied to mapped wide-leg pants variants pending final spot-check before ad spend. Representative U.S. DSers quote on 2026-07-26: M/L/XXL Picture color and XXL/4XL Picture color 1 returned US$1.99 shipping in 7~14 days, tracking available. Applied across mapped variants pending final spot-check."
"9326918303994","Men's Cotton-Linen Wide-Leg Pants","2025-summer-mens-cotton-and-linen-oversized-wide-leg-pants-mens-artistic-style-elastic-waist-solid-color-casual-loose-pants","ACTIVE","yes","49738566664442","L / Picture color 5","14:691#Picture color;5:361385","True","3","39.40","14.67","5.73","yes","14.67","3.03","7~13 days sampled range","AliExpress Selection Standard; ships from CN; DSers displayed US $2.15 shipping","111943","PASS_REPRESENTATIVE_SAMPLE","US$8.18~11.07","US$1.99","7~14 days","AliExpress Selection Standard; ships from CN; tracking available","111940","PASS_REPRESENTATIVE_SAMPLE_PENDING_US_STOREFRONT_PRICE","Checked in DSers Shipping info modal for Canada on 2026-07-26. Representative SKUs M-Picture color, L-Picture color, XL-Picture color, and XXL-Picture color 1 returned US $2.15 shipping with tracking available; applied to mapped wide-leg pants variants pending final spot-check before ad spend. Representative U.S. DSers quote on 2026-07-26: M/L/XXL Picture color and XXL/4XL Picture color 1 returned US$1.99 shipping in 7~14 days, tracking available. Applied across mapped variants pending final spot-check."
"9326918303994","Men's Cotton-Linen Wide-Leg Pants","2025-summer-mens-cotton-and-linen-oversized-wide-leg-pants-mens-artistic-style-elastic-waist-solid-color-casual-loose-pants","ACTIVE","yes","49738565320954","L / Picture color 6","14:175#Picture color;5:361385","True","6","39.40","14.91","5.49","yes","14.91","3.03","7~13 days sampled range","AliExpress Selection Standard; ships from CN; DSers displayed US $2.15 shipping","111943","PASS_REPRESENTATIVE_SAMPLE","US$8.18~11.07","US$1.99","7~14 days","AliExpress Selection Standard; ships from CN; tracking available","111940","PASS_REPRESENTATIVE_SAMPLE_PENDING_US_STOREFRONT_PRICE","Checked in DSers Shipping info modal for Canada on 2026-07-26. Representative SKUs M-Picture color, L-Picture color, XL-Picture color, and XXL-Picture color 1 returned US $2.15 shipping with tracking available; applied to mapped wide-leg pants variants pending final spot-check before ad spend. Representative U.S. DSers quote on 2026-07-26: M/L/XXL Picture color and XXL/4XL Picture color 1 returned US$1.99 shipping in 7~14 days, tracking available. Applied across mapped variants pending final spot-check."
"9326918303994","Men's Cotton-Linen Wide-Leg Pants","2025-summer-mens-cotton-and-linen-oversized-wide-leg-pants-mens-artistic-style-elastic-waist-solid-color-casual-loose-pants","ACTIVE","yes","49738567287034","L / Picture color 7","14:200004889#Picture color;5:361385","True","1993","39.40","14.75","5.65","yes","14.75","3.03","7~13 days sampled range","AliExpress Selection Standard; ships from CN; DSers displayed US $2.15 shipping","111943","PASS_REPRESENTATIVE_SAMPLE","US$8.18~11.07","US$1.99","7~14 days","AliExpress Selection Standard; ships from CN; tracking available","111940","PASS_REPRESENTATIVE_SAMPLE_PENDING_US_STOREFRONT_PRICE","Checked in DSers Shipping info modal for Canada on 2026-07-26. Representative SKUs M-Picture color, L-Picture color, XL-Picture color, and XXL-Picture color 1 returned US $2.15 shipping with tracking available; applied to mapped wide-leg pants variants pending final spot-check before ad spend. Representative U.S. DSers quote on 2026-07-26: M/L/XXL Picture color and XXL/4XL Picture color 1 returned US$1.99 shipping in 7~14 days, tracking available. Applied across mapped variants pending final spot-check."
"9326918303994","Men's Cotton-Linen Wide-Leg Pants","2025-summer-mens-cotton-and-linen-oversized-wide-leg-pants-mens-artistic-style-elastic-waist-solid-color-casual-loose-pants","ACTIVE","yes","49738566467834","L / Picture color 8","14:193#Picture color;5:361385","True","10","39.40","14.67","5.73","yes","14.67","3.03","7~13 days sampled range","AliExpress Selection Standard; ships from CN; DSers displayed US $2.15 shipping","111943","PASS_REPRESENTATIVE_SAMPLE","US$8.18~11.07","US$1.99","7~14 days","AliExpress Selection Standard; ships from CN; tracking available","111940","PASS_REPRESENTATIVE_SAMPLE_PENDING_US_STOREFRONT_PRICE","Checked in DSers Shipping info modal for Canada on 2026-07-26. Representative SKUs M-Picture color, L-Picture color, XL-Picture color, and XXL-Picture color 1 returned US $2.15 shipping with tracking available; applied to mapped wide-leg pants variants pending final spot-check before ad spend. Representative U.S. DSers quote on 2026-07-26: M/L/XXL Picture color and XXL/4XL Picture color 1 returned US$1.99 shipping in 7~14 days, tracking available. Applied across mapped variants pending final spot-check."
"9326918303994","Men's Cotton-Linen Wide-Leg Pants","2025-summer-mens-cotton-and-linen-oversized-wide-leg-pants-mens-artistic-style-elastic-waist-solid-color-casual-loose-pants","ACTIVE","yes","49738565583098","L / Picture color 9","14:173#Picture color;5:361385","True","4","39.40","14.82","5.58","yes","14.82","3.03","7~13 days sampled range","AliExpress Selection Standard; ships from CN; DSers displayed US $2.15 shipping","111943","PASS_REPRESENTATIVE_SAMPLE","US$8.18~11.07","US$1.99","7~14 days","AliExpress Selection Standard; ships from CN; tracking available","111940","PASS_REPRESENTATIVE_SAMPLE_PENDING_US_STOREFRONT_PRICE","Checked in DSers Shipping info modal for Canada on 2026-07-26. Representative SKUs M-Picture color, L-Picture color, XL-Picture color, and XXL-Picture color 1 returned US $2.15 shipping with tracking available; applied to mapped wide-leg pants variants pending final spot-check before ad spend. Representative U.S. DSers quote on 2026-07-26: M/L/XXL Picture color and XXL/4XL Picture color 1 returned US$1.99 shipping in 7~14 days, tracking available. Applied across mapped variants pending final spot-check."
"9326918303994","Men's Cotton-Linen Wide-Leg Pants","2025-summer-mens-cotton-and-linen-oversized-wide-leg-pants-mens-artistic-style-elastic-waist-solid-color-casual-loose-pants","ACTIVE","yes","49738564403450","M / Picture color","14:200004890#Picture color;5:361386","True","1992","39.40","14.51","5.89","yes","14.51","3.03","7~13 days sampled range","AliExpress Selection Standard; ships from CN; DSers displayed US $2.15 shipping","111943","PASS_REPRESENTATIVE_SAMPLE","US$8.18~11.07","US$1.99","7~14 days","AliExpress Selection Standard; ships from CN; tracking available","111940","PASS_REPRESENTATIVE_SAMPLE_PENDING_US_STOREFRONT_PRICE","Checked in DSers Shipping info modal for Canada on 2026-07-26. Representative SKUs M-Picture color, L-Picture color, XL-Picture color, and XXL-Picture color 1 returned US $2.15 shipping with tracking available; applied to mapped wide-leg pants variants pending final spot-check before ad spend. Representative U.S. DSers quote on 2026-07-26: M/L/XXL Picture color and XXL/4XL Picture color 1 returned US$1.99 shipping in 7~14 days, tracking available. Applied across mapped variants pending final spot-check."
"9326918303994","Men's Cotton-Linen Wide-Leg Pants","2025-summer-mens-cotton-and-linen-oversized-wide-leg-pants-mens-artistic-style-elastic-waist-solid-color-casual-loose-pants","ACTIVE","yes","49738564698362","M / Picture color 1","14:202997806#Picture color;5:361386","True","4","39.40","14.75","5.65","yes","14.75","3.03","7~13 days sampled range","AliExpress Selection Standard; ships from CN; DSers displayed US $2.15 shipping","111943","PASS_REPRESENTATIVE_SAMPLE","US$8.18~11.07","US$1.99","7~14 days","AliExpress Selection Standard; ships from CN; tracking available","111940","PASS_REPRESENTATIVE_SAMPLE_PENDING_US_STOREFRONT_PRICE","Checked in DSers Shipping info modal for Canada on 2026-07-26. Representative SKUs M-Picture color, L-Picture color, XL-Picture color, and XXL-Picture color 1 returned US $2.15 shipping with tracking available; applied to mapped wide-leg pants variants pending final spot-check before ad spend. Representative U.S. DSers quote on 2026-07-26: M/L/XXL Picture color and XXL/4XL Picture color 1 returned US$1.99 shipping in 7~14 days, tracking available. Applied across mapped variants pending final spot-check."
"9326918303994","Men's Cotton-Linen Wide-Leg Pants","2025-summer-mens-cotton-and-linen-oversized-wide-leg-pants-mens-artistic-style-elastic-waist-solid-color-casual-loose-pants","ACTIVE","yes","49738566074618","M / Picture color 10","14:350850#Picture color;5:361386","True","1","39.40","14.51","5.89","yes","14.51","3.03","7~13 days sampled range","AliExpress Selection Standard; ships from CN; DSers displayed US $2.15 shipping","111943","PASS_REPRESENTATIVE_SAMPLE","US$8.18~11.07","US$1.99","7~14 days","AliExpress Selection Standard; ships from CN; tracking available","111940","PASS_REPRESENTATIVE_SAMPLE_PENDING_US_STOREFRONT_PRICE","Checked in DSers Shipping info modal for Canada on 2026-07-26. Representative SKUs M-Picture color, L-Picture color, XL-Picture color, and XXL-Picture color 1 returned US $2.15 shipping with tracking available; applied to mapped wide-leg pants variants pending final spot-check before ad spend. Representative U.S. DSers quote on 2026-07-26: M/L/XXL Picture color and XXL/4XL Picture color 1 returned US$1.99 shipping in 7~14 days, tracking available. Applied across mapped variants pending final spot-check."
"9326918303994","Men's Cotton-Linen Wide-Leg Pants","2025-summer-mens-cotton-and-linen-oversized-wide-leg-pants-mens-artistic-style-elastic-waist-solid-color-casual-loose-pants","ACTIVE","yes","49738566303994","M / Picture color 12","14:1254#Picture color;5:361386","True","1993","39.40","14.67","5.73","yes","14.67","3.03","7~13 days sampled range","AliExpress Selection Standard; ships from CN; DSers displayed US $2.15 shipping","111943","PASS_REPRESENTATIVE_SAMPLE","US$8.18~11.07","US$1.99","7~14 days","AliExpress Selection Standard; ships from CN; tracking available","111940","PASS_REPRESENTATIVE_SAMPLE_PENDING_US_STOREFRONT_PRICE","Checked in DSers Shipping info modal for Canada on 2026-07-26. Representative SKUs M-Picture color, L-Picture color, XL-Picture color, and XXL-Picture color 1 returned US $2.15 shipping with tracking available; applied to mapped wide-leg pants variants pending final spot-check before ad spend. Representative U.S. DSers quote on 2026-07-26: M/L/XXL Picture color and XXL/4XL Picture color 1 returned US$1.99 shipping in 7~14 days, tracking available. Applied across mapped variants pending final spot-check."
"9326918303994","Men's Cotton-Linen Wide-Leg Pants","2025-summer-mens-cotton-and-linen-oversized-wide-leg-pants-mens-artistic-style-elastic-waist-solid-color-casual-loose-pants","ACTIVE","yes","49738567549178","M / Picture color 13","14:200001951#Picture color;5:361386","True","4","39.40","14.67","5.73","yes","14.67","3.03","7~13 days sampled range","AliExpress Selection Standard; ships from CN; DSers displayed US $2.15 shipping","111943","PASS_REPRESENTATIVE_SAMPLE","US$8.18~11.07","US$1.99","7~14 days","AliExpress Selection Standard; ships from CN; tracking available","111940","PASS_REPRESENTATIVE_SAMPLE_PENDING_US_STOREFRONT_PRICE","Checked in DSers Shipping info modal for Canada on 2026-07-26. Representative SKUs M-Picture color, L-Picture color, XL-Picture color, and XXL-Picture color 1 returned US $2.15 shipping with tracking available; applied to mapped wide-leg pants variants pending final spot-check before ad spend. Representative U.S. DSers quote on 2026-07-26: M/L/XXL Picture color and XXL/4XL Picture color 1 returned US$1.99 shipping in 7~14 days, tracking available. Applied across mapped variants pending final spot-check."
"9326918303994","Men's Cotton-Linen Wide-Leg Pants","2025-summer-mens-cotton-and-linen-oversized-wide-leg-pants-mens-artistic-style-elastic-waist-solid-color-casual-loose-pants","ACTIVE","yes","49738567057658","M / Picture color 2","14:365458#Picture color;5:361386","True","3","39.40","14.51","5.89","yes","14.51","3.03","7~13 days sampled range","AliExpress Selection Standard; ships from CN; DSers displayed US $2.15 shipping","111943","PASS_REPRESENTATIVE_SAMPLE","US$8.18~11.07","US$1.99","7~14 days","AliExpress Selection Standard; ships from CN; tracking available","111940","PASS_REPRESENTATIVE_SAMPLE_PENDING_US_STOREFRONT_PRICE","Checked in DSers Shipping info modal for Canada on 2026-07-26. Representative SKUs M-Picture color, L-Picture color, XL-Picture color, and XXL-Picture color 1 returned US $2.15 shipping with tracking available; applied to mapped wide-leg pants variants pending final spot-check before ad spend. Representative U.S. DSers quote on 2026-07-26: M/L/XXL Picture color and XXL/4XL Picture color 1 returned US$1.99 shipping in 7~14 days, tracking available. Applied across mapped variants pending final spot-check."
"9326918303994","Men's Cotton-Linen Wide-Leg Pants","2025-summer-mens-cotton-and-linen-oversized-wide-leg-pants-mens-artistic-style-elastic-waist-solid-color-casual-loose-pants","ACTIVE","yes","49738565157114","M / Picture color 3","14:100018786#Picture color;5:361386","True","1997","39.40","15.23","5.17","yes","15.23","3.03","7~13 days sampled range","AliExpress Selection Standard; ships from CN; DSers displayed US $2.15 shipping","111943","PASS_REPRESENTATIVE_SAMPLE","US$8.18~11.07","US$1.99","7~14 days","AliExpress Selection Standard; ships from CN; tracking available","111940","PASS_REPRESENTATIVE_SAMPLE_PENDING_US_STOREFRONT_PRICE","Checked in DSers Shipping info modal for Canada on 2026-07-26. Representative SKUs M-Picture color, L-Picture color, XL-Picture color, and XXL-Picture color 1 returned US $2.15 shipping with tracking available; applied to mapped wide-leg pants variants pending final spot-check before ad spend. Representative U.S. DSers quote on 2026-07-26: M/L/XXL Picture color and XXL/4XL Picture color 1 returned US$1.99 shipping in 7~14 days, tracking available. Applied across mapped variants pending final spot-check."
"9326918303994","Men's Cotton-Linen Wide-Leg Pants","2025-summer-mens-cotton-and-linen-oversized-wide-leg-pants-mens-artistic-style-elastic-waist-solid-color-casual-loose-pants","ACTIVE","yes","49738566238458","M / Picture color 5","14:691#Picture color;5:361386","True","3","39.40","14.58","5.82","yes","14.58","3.03","7~13 days sampled range","AliExpress Selection Standard; ships from CN; DSers displayed US $2.15 shipping","111943","PASS_REPRESENTATIVE_SAMPLE","US$8.18~11.07","US$1.99","7~14 days","AliExpress Selection Standard; ships from CN; tracking available","111940","PASS_REPRESENTATIVE_SAMPLE_PENDING_US_STOREFRONT_PRICE","Checked in DSers Shipping info modal for Canada on 2026-07-26. Representative SKUs M-Picture color, L-Picture color, XL-Picture color, and XXL-Picture color 1 returned US $2.15 shipping with tracking available; applied to mapped wide-leg pants variants pending final spot-check before ad spend. Representative U.S. DSers quote on 2026-07-26: M/L/XXL Picture color and XXL/4XL Picture color 1 returned US$1.99 shipping in 7~14 days, tracking available. Applied across mapped variants pending final spot-check."
"9326918303994","Men's Cotton-Linen Wide-Leg Pants","2025-summer-mens-cotton-and-linen-oversized-wide-leg-pants-mens-artistic-style-elastic-waist-solid-color-casual-loose-pants","ACTIVE","yes","49738565550330","M / Picture color 6","14:175#Picture color;5:361386","True","7","39.40","14.67","5.73","yes","14.67","3.03","7~13 days sampled range","AliExpress Selection Standard; ships from CN; DSers displayed US $2.15 shipping","111943","PASS_REPRESENTATIVE_SAMPLE","US$8.18~11.07","US$1.99","7~14 days","AliExpress Selection Standard; ships from CN; tracking available","111940","PASS_REPRESENTATIVE_SAMPLE_PENDING_US_STOREFRONT_PRICE","Checked in DSers Shipping info modal for Canada on 2026-07-26. Representative SKUs M-Picture color, L-Picture color, XL-Picture color, and XXL-Picture color 1 returned US $2.15 shipping with tracking available; applied to mapped wide-leg pants variants pending final spot-check before ad spend. Representative U.S. DSers quote on 2026-07-26: M/L/XXL Picture color and XXL/4XL Picture color 1 returned US$1.99 shipping in 7~14 days, tracking available. Applied across mapped variants pending final spot-check."
"9326918303994","Men's Cotton-Linen Wide-Leg Pants","2025-summer-mens-cotton-and-linen-oversized-wide-leg-pants-mens-artistic-style-elastic-waist-solid-color-casual-loose-pants","ACTIVE","yes","49738567254266","M / Picture color 7","14:200004889#Picture color;5:361386","True","1994","39.40","14.44","5.96","yes","14.44","3.03","7~13 days sampled range","AliExpress Selection Standard; ships from CN; DSers displayed US $2.15 shipping","111943","PASS_REPRESENTATIVE_SAMPLE","US$8.18~11.07","US$1.99","7~14 days","AliExpress Selection Standard; ships from CN; tracking available","111940","PASS_REPRESENTATIVE_SAMPLE_PENDING_US_STOREFRONT_PRICE","Checked in DSers Shipping info modal for Canada on 2026-07-26. Representative SKUs M-Picture color, L-Picture color, XL-Picture color, and XXL-Picture color 1 returned US $2.15 shipping with tracking available; applied to mapped wide-leg pants variants pending final spot-check before ad spend. Representative U.S. DSers quote on 2026-07-26: M/L/XXL Picture color and XXL/4XL Picture color 1 returned US$1.99 shipping in 7~14 days, tracking available. Applied across mapped variants pending final spot-check."
"9326918303994","Men's Cotton-Linen Wide-Leg Pants","2025-summer-mens-cotton-and-linen-oversized-wide-leg-pants-mens-artistic-style-elastic-waist-solid-color-casual-loose-pants","ACTIVE","yes","49738565812474","M / Picture color 9","14:173#Picture color;5:361386","True","3","39.40","14.58","5.82","yes","14.58","3.03","7~13 days sampled range","AliExpress Selection Standard; ships from CN; DSers displayed US $2.15 shipping","111943","PASS_REPRESENTATIVE_SAMPLE","US$8.18~11.07","US$1.99","7~14 days","AliExpress Selection Standard; ships from CN; tracking available","111940","PASS_REPRESENTATIVE_SAMPLE_PENDING_US_STOREFRONT_PRICE","Checked in DSers Shipping info modal for Canada on 2026-07-26. Representative SKUs M-Picture color, L-Picture color, XL-Picture color, and XXL-Picture color 1 returned US $2.15 shipping with tracking available; applied to mapped wide-leg pants variants pending final spot-check before ad spend. Representative U.S. DSers quote on 2026-07-26: M/L/XXL Picture color and XXL/4XL Picture color 1 returned US$1.99 shipping in 7~14 days, tracking available. Applied across mapped variants pending final spot-check."
"9326918303994","Men's Cotton-Linen Wide-Leg Pants","2025-summer-mens-cotton-and-linen-oversized-wide-leg-pants-mens-artistic-style-elastic-waist-solid-color-casual-loose-pants","ACTIVE","yes","49738566041850","S / Picture color","14:200004890#Picture color;5:100014064","True","6","39.40","14.57","5.83","yes","14.57","3.03","7~13 days sampled range","AliExpress Selection Standard; ships from CN; DSers displayed US $2.15 shipping","111943","PASS_REPRESENTATIVE_SAMPLE","US$8.18~11.07","US$1.99","7~14 days","AliExpress Selection Standard; ships from CN; tracking available","111940","PASS_REPRESENTATIVE_SAMPLE_PENDING_US_STOREFRONT_PRICE","Checked in DSers Shipping info modal for Canada on 2026-07-26. Representative SKUs M-Picture color, L-Picture color, XL-Picture color, and XXL-Picture color 1 returned US $2.15 shipping with tracking available; applied to mapped wide-leg pants variants pending final spot-check before ad spend. Representative U.S. DSers quote on 2026-07-26: M/L/XXL Picture color and XXL/4XL Picture color 1 returned US$1.99 shipping in 7~14 days, tracking available. Applied across mapped variants pending final spot-check."
"9326918303994","Men's Cotton-Linen Wide-Leg Pants","2025-summer-mens-cotton-and-linen-oversized-wide-leg-pants-mens-artistic-style-elastic-waist-solid-color-casual-loose-pants","ACTIVE","yes","49738565124346","S / Picture color 1","14:202997806#Picture color;5:100014064","True","1","39.40","14.66","5.74","yes","14.66","3.03","7~13 days sampled range","AliExpress Selection Standard; ships from CN; DSers displayed US $2.15 shipping","111943","PASS_REPRESENTATIVE_SAMPLE","US$8.18~11.07","US$1.99","7~14 days","AliExpress Selection Standard; ships from CN; tracking available","111940","PASS_REPRESENTATIVE_SAMPLE_PENDING_US_STOREFRONT_PRICE","Checked in DSers Shipping info modal for Canada on 2026-07-26. Representative SKUs M-Picture color, L-Picture color, XL-Picture color, and XXL-Picture color 1 returned US $2.15 shipping with tracking available; applied to mapped wide-leg pants variants pending final spot-check before ad spend. Representative U.S. DSers quote on 2026-07-26: M/L/XXL Picture color and XXL/4XL Picture color 1 returned US$1.99 shipping in 7~14 days, tracking available. Applied across mapped variants pending final spot-check."
"9326918303994","Men's Cotton-Linen Wide-Leg Pants","2025-summer-mens-cotton-and-linen-oversized-wide-leg-pants-mens-artistic-style-elastic-waist-solid-color-casual-loose-pants","ACTIVE","yes","49738565517562","S / Picture color 10","14:350850#Picture color;5:100014064","True","1","39.40","14.56","5.84","yes","14.56","3.03","7~13 days sampled range","AliExpress Selection Standard; ships from CN; DSers displayed US $2.15 shipping","111943","PASS_REPRESENTATIVE_SAMPLE","US$8.18~11.07","US$1.99","7~14 days","AliExpress Selection Standard; ships from CN; tracking available","111940","PASS_REPRESENTATIVE_SAMPLE_PENDING_US_STOREFRONT_PRICE","Checked in DSers Shipping info modal for Canada on 2026-07-26. Representative SKUs M-Picture color, L-Picture color, XL-Picture color, and XXL-Picture color 1 returned US $2.15 shipping with tracking available; applied to mapped wide-leg pants variants pending final spot-check before ad spend. Representative U.S. DSers quote on 2026-07-26: M/L/XXL Picture color and XXL/4XL Picture color 1 returned US$1.99 shipping in 7~14 days, tracking available. Applied across mapped variants pending final spot-check."
"9326918303994","Men's Cotton-Linen Wide-Leg Pants","2025-summer-mens-cotton-and-linen-oversized-wide-leg-pants-mens-artistic-style-elastic-waist-solid-color-casual-loose-pants","ACTIVE","yes","49738566336762","S / Picture color 12","14:1254#Picture color;5:100014064","True","1996","39.40","14.57","5.83","yes","14.57","3.03","7~13 days sampled range","AliExpress Selection Standard; ships from CN; DSers displayed US $2.15 shipping","111943","PASS_REPRESENTATIVE_SAMPLE","US$8.18~11.07","US$1.99","7~14 days","AliExpress Selection Standard; ships from CN; tracking available","111940","PASS_REPRESENTATIVE_SAMPLE_PENDING_US_STOREFRONT_PRICE","Checked in DSers Shipping info modal for Canada on 2026-07-26. Representative SKUs M-Picture color, L-Picture color, XL-Picture color, and XXL-Picture color 1 returned US $2.15 shipping with tracking available; applied to mapped wide-leg pants variants pending final spot-check before ad spend. Representative U.S. DSers quote on 2026-07-26: M/L/XXL Picture color and XXL/4XL Picture color 1 returned US$1.99 shipping in 7~14 days, tracking available. Applied across mapped variants pending final spot-check."
"9326918303994","Men's Cotton-Linen Wide-Leg Pants","2025-summer-mens-cotton-and-linen-oversized-wide-leg-pants-mens-artistic-style-elastic-waist-solid-color-casual-loose-pants","ACTIVE","yes","49738566959354","S / Picture color 13","14:200001951#Picture color;5:100014064","True","1997","39.40","15.23","5.17","yes","15.23","3.03","7~13 days sampled range","AliExpress Selection Standard; ships from CN; DSers displayed US $2.15 shipping","111943","PASS_REPRESENTATIVE_SAMPLE","US$8.18~11.07","US$1.99","7~14 days","AliExpress Selection Standard; ships from CN; tracking available","111940","PASS_REPRESENTATIVE_SAMPLE_PENDING_US_STOREFRONT_PRICE","Checked in DSers Shipping info modal for Canada on 2026-07-26. Representative SKUs M-Picture color, L-Picture color, XL-Picture color, and XXL-Picture color 1 returned US $2.15 shipping with tracking available; applied to mapped wide-leg pants variants pending final spot-check before ad spend. Representative U.S. DSers quote on 2026-07-26: M/L/XXL Picture color and XXL/4XL Picture color 1 returned US$1.99 shipping in 7~14 days, tracking available. Applied across mapped variants pending final spot-check."
"9326918303994","Men's Cotton-Linen Wide-Leg Pants","2025-summer-mens-cotton-and-linen-oversized-wide-leg-pants-mens-artistic-style-elastic-waist-solid-color-casual-loose-pants","ACTIVE","yes","49738564665594","S / Picture color 2","14:365458#Picture color;5:100014064","True","1996","39.40","14.35","6.05","yes","14.35","3.03","7~13 days sampled range","AliExpress Selection Standard; ships from CN; DSers displayed US $2.15 shipping","111943","PASS_REPRESENTATIVE_SAMPLE","US$8.18~11.07","US$1.99","7~14 days","AliExpress Selection Standard; ships from CN; tracking available","111940","PASS_REPRESENTATIVE_SAMPLE_PENDING_US_STOREFRONT_PRICE","Checked in DSers Shipping info modal for Canada on 2026-07-26. Representative SKUs M-Picture color, L-Picture color, XL-Picture color, and XXL-Picture color 1 returned US $2.15 shipping with tracking available; applied to mapped wide-leg pants variants pending final spot-check before ad spend. Representative U.S. DSers quote on 2026-07-26: M/L/XXL Picture color and XXL/4XL Picture color 1 returned US$1.99 shipping in 7~14 days, tracking available. Applied across mapped variants pending final spot-check."
"9326918303994","Men's Cotton-Linen Wide-Leg Pants","2025-summer-mens-cotton-and-linen-oversized-wide-leg-pants-mens-artistic-style-elastic-waist-solid-color-casual-loose-pants","ACTIVE","yes","49738565779706","S / Picture color 3","14:100018786#Picture color;5:100014064","True","8","39.40","14.50","5.90","yes","14.50","3.03","7~13 days sampled range","AliExpress Selection Standard; ships from CN; DSers displayed US $2.15 shipping","111943","PASS_REPRESENTATIVE_SAMPLE","US$8.18~11.07","US$1.99","7~14 days","AliExpress Selection Standard; ships from CN; tracking available","111940","PASS_REPRESENTATIVE_SAMPLE_PENDING_US_STOREFRONT_PRICE","Checked in DSers Shipping info modal for Canada on 2026-07-26. Representative SKUs M-Picture color, L-Picture color, XL-Picture color, and XXL-Picture color 1 returned US $2.15 shipping with tracking available; applied to mapped wide-leg pants variants pending final spot-check before ad spend. Representative U.S. DSers quote on 2026-07-26: M/L/XXL Picture color and XXL/4XL Picture color 1 returned US$1.99 shipping in 7~14 days, tracking available. Applied across mapped variants pending final spot-check."
"9326918303994","Men's Cotton-Linen Wide-Leg Pants","2025-summer-mens-cotton-and-linen-oversized-wide-leg-pants-mens-artistic-style-elastic-waist-solid-color-casual-loose-pants","ACTIVE","yes","49738566271226","S / Picture color 5","14:691#Picture color;5:100014064","True","5","39.40","14.67","5.73","yes","14.67","3.03","7~13 days sampled range","AliExpress Selection Standard; ships from CN; DSers displayed US $2.15 shipping","111943","PASS_REPRESENTATIVE_SAMPLE","US$8.18~11.07","US$1.99","7~14 days","AliExpress Selection Standard; ships from CN; tracking available","111940","PASS_REPRESENTATIVE_SAMPLE_PENDING_US_STOREFRONT_PRICE","Checked in DSers Shipping info modal for Canada on 2026-07-26. Representative SKUs M-Picture color, L-Picture color, XL-Picture color, and XXL-Picture color 1 returned US $2.15 shipping with tracking available; applied to mapped wide-leg pants variants pending final spot-check before ad spend. Representative U.S. DSers quote on 2026-07-26: M/L/XXL Picture color and XXL/4XL Picture color 1 returned US$1.99 shipping in 7~14 days, tracking available. Applied across mapped variants pending final spot-check."
"9326918303994","Men's Cotton-Linen Wide-Leg Pants","2025-summer-mens-cotton-and-linen-oversized-wide-leg-pants-mens-artistic-style-elastic-waist-solid-color-casual-loose-pants","ACTIVE","yes","49738567516410","S / Picture color 6","14:175#Picture color;5:100014064","True","1995","39.40","14.80","5.60","yes","14.80","3.03","7~13 days sampled range","AliExpress Selection Standard; ships from CN; DSers displayed US $2.15 shipping","111943","PASS_REPRESENTATIVE_SAMPLE","US$8.18~11.07","US$1.99","7~14 days","AliExpress Selection Standard; ships from CN; tracking available","111940","PASS_REPRESENTATIVE_SAMPLE_PENDING_US_STOREFRONT_PRICE","Checked in DSers Shipping info modal for Canada on 2026-07-26. Representative SKUs M-Picture color, L-Picture color, XL-Picture color, and XXL-Picture color 1 returned US $2.15 shipping with tracking available; applied to mapped wide-leg pants variants pending final spot-check before ad spend. Representative U.S. DSers quote on 2026-07-26: M/L/XXL Picture color and XXL/4XL Picture color 1 returned US$1.99 shipping in 7~14 days, tracking available. Applied across mapped variants pending final spot-check."
"9326918303994","Men's Cotton-Linen Wide-Leg Pants","2025-summer-mens-cotton-and-linen-oversized-wide-leg-pants-mens-artistic-style-elastic-waist-solid-color-casual-loose-pants","ACTIVE","yes","49738565255418","S / Picture color 7","14:200004889#Picture color;5:100014064","True","6","39.40","14.80","5.60","yes","14.80","3.03","7~13 days sampled range","AliExpress Selection Standard; ships from CN; DSers displayed US $2.15 shipping","111943","PASS_REPRESENTATIVE_SAMPLE","US$8.18~11.07","US$1.99","7~14 days","AliExpress Selection Standard; ships from CN; tracking available","111940","PASS_REPRESENTATIVE_SAMPLE_PENDING_US_STOREFRONT_PRICE","Checked in DSers Shipping info modal for Canada on 2026-07-26. Representative SKUs M-Picture color, L-Picture color, XL-Picture color, and XXL-Picture color 1 returned US $2.15 shipping with tracking available; applied to mapped wide-leg pants variants pending final spot-check before ad spend. Representative U.S. DSers quote on 2026-07-26: M/L/XXL Picture color and XXL/4XL Picture color 1 returned US$1.99 shipping in 7~14 days, tracking available. Applied across mapped variants pending final spot-check."
"9326918303994","Men's Cotton-Linen Wide-Leg Pants","2025-summer-mens-cotton-and-linen-oversized-wide-leg-pants-mens-artistic-style-elastic-waist-solid-color-casual-loose-pants","ACTIVE","yes","49738566205690","S / Picture color 9","14:173#Picture color;5:100014064","True","1997","39.40","14.25","6.15","yes","14.25","3.03","7~13 days sampled range","AliExpress Selection Standard; ships from CN; DSers displayed US $2.15 shipping","111943","PASS_REPRESENTATIVE_SAMPLE","US$8.18~11.07","US$1.99","7~14 days","AliExpress Selection Standard; ships from CN; tracking available","111940","PASS_REPRESENTATIVE_SAMPLE_PENDING_US_STOREFRONT_PRICE","Checked in DSers Shipping info modal for Canada on 2026-07-26. Representative SKUs M-Picture color, L-Picture color, XL-Picture color, and XXL-Picture color 1 returned US $2.15 shipping with tracking available; applied to mapped wide-leg pants variants pending final spot-check before ad spend. Representative U.S. DSers quote on 2026-07-26: M/L/XXL Picture color and XXL/4XL Picture color 1 returned US$1.99 shipping in 7~14 days, tracking available. Applied across mapped variants pending final spot-check."
"9326918303994","Men's Cotton-Linen Wide-Leg Pants","2025-summer-mens-cotton-and-linen-oversized-wide-leg-pants-mens-artistic-style-elastic-waist-solid-color-casual-loose-pants","ACTIVE","yes","49738564468986","XL / Picture color","14:200004890#Picture color;5:100014065","True","2","39.40","14.80","5.60","yes","14.80","3.03","7~13 days sampled range","AliExpress Selection Standard; ships from CN; DSers displayed US $2.15 shipping","111943","PASS_REPRESENTATIVE_SAMPLE","US$8.18~11.07","US$1.99","7~14 days","AliExpress Selection Standard; ships from CN; tracking available","111940","PASS_REPRESENTATIVE_SAMPLE_PENDING_US_STOREFRONT_PRICE","Checked in DSers Shipping info modal for Canada on 2026-07-26. Representative SKUs M-Picture color, L-Picture color, XL-Picture color, and XXL-Picture color 1 returned US $2.15 shipping with tracking available; applied to mapped wide-leg pants variants pending final spot-check before ad spend. Representative U.S. DSers quote on 2026-07-26: M/L/XXL Picture color and XXL/4XL Picture color 1 returned US$1.99 shipping in 7~14 days, tracking available. Applied across mapped variants pending final spot-check."
"9326918303994","Men's Cotton-Linen Wide-Leg Pants","2025-summer-mens-cotton-and-linen-oversized-wide-leg-pants-mens-artistic-style-elastic-waist-solid-color-casual-loose-pants","ACTIVE","yes","49738564763898","XL / Picture color 1","14:202997806#Picture color;5:100014065","True","1988","39.40","15.18","5.22","yes","15.18","3.03","7~13 days sampled range","AliExpress Selection Standard; ships from CN; DSers displayed US $2.15 shipping","111943","PASS_REPRESENTATIVE_SAMPLE","US$8.18~11.07","US$1.99","7~14 days","AliExpress Selection Standard; ships from CN; tracking available","111940","PASS_REPRESENTATIVE_SAMPLE_PENDING_US_STOREFRONT_PRICE","Checked in DSers Shipping info modal for Canada on 2026-07-26. Representative SKUs M-Picture color, L-Picture color, XL-Picture color, and XXL-Picture color 1 returned US $2.15 shipping with tracking available; applied to mapped wide-leg pants variants pending final spot-check before ad spend. Representative U.S. DSers quote on 2026-07-26: M/L/XXL Picture color and XXL/4XL Picture color 1 returned US$1.99 shipping in 7~14 days, tracking available. Applied across mapped variants pending final spot-check."
"9326918303994","Men's Cotton-Linen Wide-Leg Pants","2025-summer-mens-cotton-and-linen-oversized-wide-leg-pants-mens-artistic-style-elastic-waist-solid-color-casual-loose-pants","ACTIVE","yes","49738565878010","XL / Picture color 10","14:350850#Picture color;5:100014065","True","4","39.40","14.77","5.63","yes","14.77","3.03","7~13 days sampled range","AliExpress Selection Standard; ships from CN; DSers displayed US $2.15 shipping","111943","PASS_REPRESENTATIVE_SAMPLE","US$8.18~11.07","US$1.99","7~14 days","AliExpress Selection Standard; ships from CN; tracking available","111940","PASS_REPRESENTATIVE_SAMPLE_PENDING_US_STOREFRONT_PRICE","Checked in DSers Shipping info modal for Canada on 2026-07-26. Representative SKUs M-Picture color, L-Picture color, XL-Picture color, and XXL-Picture color 1 returned US $2.15 shipping with tracking available; applied to mapped wide-leg pants variants pending final spot-check before ad spend. Representative U.S. DSers quote on 2026-07-26: M/L/XXL Picture color and XXL/4XL Picture color 1 returned US$1.99 shipping in 7~14 days, tracking available. Applied across mapped variants pending final spot-check."
"9326918303994","Men's Cotton-Linen Wide-Leg Pants","2025-summer-mens-cotton-and-linen-oversized-wide-leg-pants-mens-artistic-style-elastic-waist-solid-color-casual-loose-pants","ACTIVE","yes","49738566500602","XL / Picture color 11","14:771#Picture color;5:100014065","True","5","39.40","14.91","5.49","yes","14.91","3.03","7~13 days sampled range","AliExpress Selection Standard; ships from CN; DSers displayed US $2.15 shipping","111943","PASS_REPRESENTATIVE_SAMPLE","US$8.18~11.07","US$1.99","7~14 days","AliExpress Selection Standard; ships from CN; tracking available","111940","PASS_REPRESENTATIVE_SAMPLE_PENDING_US_STOREFRONT_PRICE","Checked in DSers Shipping info modal for Canada on 2026-07-26. Representative SKUs M-Picture color, L-Picture color, XL-Picture color, and XXL-Picture color 1 returned US $2.15 shipping with tracking available; applied to mapped wide-leg pants variants pending final spot-check before ad spend. Representative U.S. DSers quote on 2026-07-26: M/L/XXL Picture color and XXL/4XL Picture color 1 returned US$1.99 shipping in 7~14 days, tracking available. Applied across mapped variants pending final spot-check."
"9326918303994","Men's Cotton-Linen Wide-Leg Pants","2025-summer-mens-cotton-and-linen-oversized-wide-leg-pants-mens-artistic-style-elastic-waist-solid-color-casual-loose-pants","ACTIVE","yes","49738566369530","XL / Picture color 12","14:1254#Picture color;5:100014065","True","1995","39.40","15.03","5.37","yes","15.03","3.03","7~13 days sampled range","AliExpress Selection Standard; ships from CN; DSers displayed US $2.15 shipping","111943","PASS_REPRESENTATIVE_SAMPLE","US$8.18~11.07","US$1.99","7~14 days","AliExpress Selection Standard; ships from CN; tracking available","111940","PASS_REPRESENTATIVE_SAMPLE_PENDING_US_STOREFRONT_PRICE","Checked in DSers Shipping info modal for Canada on 2026-07-26. Representative SKUs M-Picture color, L-Picture color, XL-Picture color, and XXL-Picture color 1 returned US $2.15 shipping with tracking available; applied to mapped wide-leg pants variants pending final spot-check before ad spend. Representative U.S. DSers quote on 2026-07-26: M/L/XXL Picture color and XXL/4XL Picture color 1 returned US$1.99 shipping in 7~14 days, tracking available. Applied across mapped variants pending final spot-check."
"9326918303994","Men's Cotton-Linen Wide-Leg Pants","2025-summer-mens-cotton-and-linen-oversized-wide-leg-pants-mens-artistic-style-elastic-waist-solid-color-casual-loose-pants","ACTIVE","yes","49738567352570","XL / Picture color 13","14:200001951#Picture color;5:100014065","True","1994","39.40","15.06","5.34","yes","15.06","3.03","7~13 days sampled range","AliExpress Selection Standard; ships from CN; DSers displayed US $2.15 shipping","111943","PASS_REPRESENTATIVE_SAMPLE","US$8.18~11.07","US$1.99","7~14 days","AliExpress Selection Standard; ships from CN; tracking available","111940","PASS_REPRESENTATIVE_SAMPLE_PENDING_US_STOREFRONT_PRICE","Checked in DSers Shipping info modal for Canada on 2026-07-26. Representative SKUs M-Picture color, L-Picture color, XL-Picture color, and XXL-Picture color 1 returned US $2.15 shipping with tracking available; applied to mapped wide-leg pants variants pending final spot-check before ad spend. Representative U.S. DSers quote on 2026-07-26: M/L/XXL Picture color and XXL/4XL Picture color 1 returned US$1.99 shipping in 7~14 days, tracking available. Applied across mapped variants pending final spot-check."
"9326918303994","Men's Cotton-Linen Wide-Leg Pants","2025-summer-mens-cotton-and-linen-oversized-wide-leg-pants-mens-artistic-style-elastic-waist-solid-color-casual-loose-pants","ACTIVE","yes","49738566861050","XL / Picture color 2","14:365458#Picture color;5:100014065","True","2","39.40","14.75","5.65","yes","14.75","3.03","7~13 days sampled range","AliExpress Selection Standard; ships from CN; DSers displayed US $2.15 shipping","111943","PASS_REPRESENTATIVE_SAMPLE","US$8.18~11.07","US$1.99","7~14 days","AliExpress Selection Standard; ships from CN; tracking available","111940","PASS_REPRESENTATIVE_SAMPLE_PENDING_US_STOREFRONT_PRICE","Checked in DSers Shipping info modal for Canada on 2026-07-26. Representative SKUs M-Picture color, L-Picture color, XL-Picture color, and XXL-Picture color 1 returned US $2.15 shipping with tracking available; applied to mapped wide-leg pants variants pending final spot-check before ad spend. Representative U.S. DSers quote on 2026-07-26: M/L/XXL Picture color and XXL/4XL Picture color 1 returned US$1.99 shipping in 7~14 days, tracking available. Applied across mapped variants pending final spot-check."
"9326918303994","Men's Cotton-Linen Wide-Leg Pants","2025-summer-mens-cotton-and-linen-oversized-wide-leg-pants-mens-artistic-style-elastic-waist-solid-color-casual-loose-pants","ACTIVE","yes","49738564960506","XL / Picture color 3","14:100018786#Picture color;5:100014065","True","5","39.40","14.99","5.41","yes","14.99","3.03","7~13 days sampled range","AliExpress Selection Standard; ships from CN; DSers displayed US $2.15 shipping","111943","PASS_REPRESENTATIVE_SAMPLE","US$8.18~11.07","US$1.99","7~14 days","AliExpress Selection Standard; ships from CN; tracking available","111940","PASS_REPRESENTATIVE_SAMPLE_PENDING_US_STOREFRONT_PRICE","Checked in DSers Shipping info modal for Canada on 2026-07-26. Representative SKUs M-Picture color, L-Picture color, XL-Picture color, and XXL-Picture color 1 returned US $2.15 shipping with tracking available; applied to mapped wide-leg pants variants pending final spot-check before ad spend. Representative U.S. DSers quote on 2026-07-26: M/L/XXL Picture color and XXL/4XL Picture color 1 returned US$1.99 shipping in 7~14 days, tracking available. Applied across mapped variants pending final spot-check."
"9326918303994","Men's Cotton-Linen Wide-Leg Pants","2025-summer-mens-cotton-and-linen-oversized-wide-leg-pants-mens-artistic-style-elastic-waist-solid-color-casual-loose-pants","ACTIVE","yes","49738567614714","XL / Picture color 4","14:202520811#Picture color;5:100014065","True","4","39.40","14.91","5.49","yes","14.91","3.03","7~13 days sampled range","AliExpress Selection Standard; ships from CN; DSers displayed US $2.15 shipping","111943","PASS_REPRESENTATIVE_SAMPLE","US$8.18~11.07","US$1.99","7~14 days","AliExpress Selection Standard; ships from CN; tracking available","111940","PASS_REPRESENTATIVE_SAMPLE_PENDING_US_STOREFRONT_PRICE","Checked in DSers Shipping info modal for Canada on 2026-07-26. Representative SKUs M-Picture color, L-Picture color, XL-Picture color, and XXL-Picture color 1 returned US $2.15 shipping with tracking available; applied to mapped wide-leg pants variants pending final spot-check before ad spend. Representative U.S. DSers quote on 2026-07-26: M/L/XXL Picture color and XXL/4XL Picture color 1 returned US$1.99 shipping in 7~14 days, tracking available. Applied across mapped variants pending final spot-check."
"9326918303994","Men's Cotton-Linen Wide-Leg Pants","2025-summer-mens-cotton-and-linen-oversized-wide-leg-pants-mens-artistic-style-elastic-waist-solid-color-casual-loose-pants","ACTIVE","yes","49738566631674","XL / Picture color 5","14:691#Picture color;5:100014065","True","5","39.40","15.33","5.07","yes","15.33","3.03","7~13 days sampled range","AliExpress Selection Standard; ships from CN; DSers displayed US $2.15 shipping","111943","PASS_REPRESENTATIVE_SAMPLE","US$8.18~11.07","US$1.99","7~14 days","AliExpress Selection Standard; ships from CN; tracking available","111940","PASS_REPRESENTATIVE_SAMPLE_PENDING_US_STOREFRONT_PRICE","Checked in DSers Shipping info modal for Canada on 2026-07-26. Representative SKUs M-Picture color, L-Picture color, XL-Picture color, and XXL-Picture color 1 returned US $2.15 shipping with tracking available; applied to mapped wide-leg pants variants pending final spot-check before ad spend. Representative U.S. DSers quote on 2026-07-26: M/L/XXL Picture color and XXL/4XL Picture color 1 returned US$1.99 shipping in 7~14 days, tracking available. Applied across mapped variants pending final spot-check."
"9326918303994","Men's Cotton-Linen Wide-Leg Pants","2025-summer-mens-cotton-and-linen-oversized-wide-leg-pants-mens-artistic-style-elastic-waist-solid-color-casual-loose-pants","ACTIVE","yes","49738565353722","XL / Picture color 6","14:175#Picture color;5:100014065","True","5","39.40","15.02","5.38","yes","15.02","3.03","7~13 days sampled range","AliExpress Selection Standard; ships from CN; DSers displayed US $2.15 shipping","111943","PASS_REPRESENTATIVE_SAMPLE","US$8.18~11.07","US$1.99","7~14 days","AliExpress Selection Standard; ships from CN; tracking available","111940","PASS_REPRESENTATIVE_SAMPLE_PENDING_US_STOREFRONT_PRICE","Checked in DSers Shipping info modal for Canada on 2026-07-26. Representative SKUs M-Picture color, L-Picture color, XL-Picture color, and XXL-Picture color 1 returned US $2.15 shipping with tracking available; applied to mapped wide-leg pants variants pending final spot-check before ad spend. Representative U.S. DSers quote on 2026-07-26: M/L/XXL Picture color and XXL/4XL Picture color 1 returned US$1.99 shipping in 7~14 days, tracking available. Applied across mapped variants pending final spot-check."
"9326918303994","Men's Cotton-Linen Wide-Leg Pants","2025-summer-mens-cotton-and-linen-oversized-wide-leg-pants-mens-artistic-style-elastic-waist-solid-color-casual-loose-pants","ACTIVE","yes","49738567319802","XL / Picture color 7","14:200004889#Picture color;5:100014065","True","3","39.40","15.05","5.35","yes","15.05","3.03","7~13 days sampled range","AliExpress Selection Standard; ships from CN; DSers displayed US $2.15 shipping","111943","PASS_REPRESENTATIVE_SAMPLE","US$8.18~11.07","US$1.99","7~14 days","AliExpress Selection Standard; ships from CN; tracking available","111940","PASS_REPRESENTATIVE_SAMPLE_PENDING_US_STOREFRONT_PRICE","Checked in DSers Shipping info modal for Canada on 2026-07-26. Representative SKUs M-Picture color, L-Picture color, XL-Picture color, and XXL-Picture color 1 returned US $2.15 shipping with tracking available; applied to mapped wide-leg pants variants pending final spot-check before ad spend. Representative U.S. DSers quote on 2026-07-26: M/L/XXL Picture color and XXL/4XL Picture color 1 returned US$1.99 shipping in 7~14 days, tracking available. Applied across mapped variants pending final spot-check."
"9326918303994","Men's Cotton-Linen Wide-Leg Pants","2025-summer-mens-cotton-and-linen-oversized-wide-leg-pants-mens-artistic-style-elastic-waist-solid-color-casual-loose-pants","ACTIVE","yes","49738566435066","XL / Picture color 8","14:193#Picture color;5:100014065","True","1993","39.40","14.89","5.51","yes","14.89","3.03","7~13 days sampled range","AliExpress Selection Standard; ships from CN; DSers displayed US $2.15 shipping","111943","PASS_REPRESENTATIVE_SAMPLE","US$8.18~11.07","US$1.99","7~14 days","AliExpress Selection Standard; ships from CN; tracking available","111940","PASS_REPRESENTATIVE_SAMPLE_PENDING_US_STOREFRONT_PRICE","Checked in DSers Shipping info modal for Canada on 2026-07-26. Representative SKUs M-Picture color, L-Picture color, XL-Picture color, and XXL-Picture color 1 returned US $2.15 shipping with tracking available; applied to mapped wide-leg pants variants pending final spot-check before ad spend. Representative U.S. DSers quote on 2026-07-26: M/L/XXL Picture color and XXL/4XL Picture color 1 returned US$1.99 shipping in 7~14 days, tracking available. Applied across mapped variants pending final spot-check."
"9326918303994","Men's Cotton-Linen Wide-Leg Pants","2025-summer-mens-cotton-and-linen-oversized-wide-leg-pants-mens-artistic-style-elastic-waist-solid-color-casual-loose-pants","ACTIVE","yes","49738565615866","XL / Picture color 9","14:173#Picture color;5:100014065","True","4","39.40","14.84","5.56","yes","14.84","3.03","7~13 days sampled range","AliExpress Selection Standard; ships from CN; DSers displayed US $2.15 shipping","111943","PASS_REPRESENTATIVE_SAMPLE","US$8.18~11.07","US$1.99","7~14 days","AliExpress Selection Standard; ships from CN; tracking available","111940","PASS_REPRESENTATIVE_SAMPLE_PENDING_US_STOREFRONT_PRICE","Checked in DSers Shipping info modal for Canada on 2026-07-26. Representative SKUs M-Picture color, L-Picture color, XL-Picture color, and XXL-Picture color 1 returned US $2.15 shipping with tracking available; applied to mapped wide-leg pants variants pending final spot-check before ad spend. Representative U.S. DSers quote on 2026-07-26: M/L/XXL Picture color and XXL/4XL Picture color 1 returned US$1.99 shipping in 7~14 days, tracking available. Applied across mapped variants pending final spot-check."
"9326918303994","Men's Cotton-Linen Wide-Leg Pants","2025-summer-mens-cotton-and-linen-oversized-wide-leg-pants-mens-artistic-style-elastic-waist-solid-color-casual-loose-pants","ACTIVE","yes","49738564501754","XXL / Picture color","14:200004890#Picture color;5:4182","True","7","39.40","14.95","5.45","yes","14.95","3.03","7~13 days sampled range","AliExpress Selection Standard; ships from CN; DSers displayed US $2.15 shipping","111943","PASS_REPRESENTATIVE_SAMPLE","US$8.18~11.07","US$1.99","7~14 days","AliExpress Selection Standard; ships from CN; tracking available","111940","PASS_REPRESENTATIVE_SAMPLE_PENDING_US_STOREFRONT_PRICE","Checked in DSers Shipping info modal for Canada on 2026-07-26. Representative SKUs M-Picture color, L-Picture color, XL-Picture color, and XXL-Picture color 1 returned US $2.15 shipping with tracking available; applied to mapped wide-leg pants variants pending final spot-check before ad spend. Representative U.S. DSers quote on 2026-07-26: M/L/XXL Picture color and XXL/4XL Picture color 1 returned US$1.99 shipping in 7~14 days, tracking available. Applied across mapped variants pending final spot-check."
"9326918303994","Men's Cotton-Linen Wide-Leg Pants","2025-summer-mens-cotton-and-linen-oversized-wide-leg-pants-mens-artistic-style-elastic-waist-solid-color-casual-loose-pants","ACTIVE","yes","49738564534522","XXL / Picture color 1","14:202997806#Picture color;5:4182","True","6","39.40","15.16","5.24","yes","15.16","3.03","7~13 days sampled range","AliExpress Selection Standard; ships from CN; DSers displayed US $2.15 shipping","111943","PASS_REPRESENTATIVE_SAMPLE","US$8.18~11.07","US$1.99","7~14 days","AliExpress Selection Standard; ships from CN; tracking available","111940","PASS_REPRESENTATIVE_SAMPLE_PENDING_US_STOREFRONT_PRICE","Checked in DSers Shipping info modal for Canada on 2026-07-26. Representative SKUs M-Picture color, L-Picture color, XL-Picture color, and XXL-Picture color 1 returned US $2.15 shipping with tracking available; applied to mapped wide-leg pants variants pending final spot-check before ad spend. Representative U.S. DSers quote on 2026-07-26: M/L/XXL Picture color and XXL/4XL Picture color 1 returned US$1.99 shipping in 7~14 days, tracking available. Applied across mapped variants pending final spot-check."
"9326918303994","Men's Cotton-Linen Wide-Leg Pants","2025-summer-mens-cotton-and-linen-oversized-wide-leg-pants-mens-artistic-style-elastic-waist-solid-color-casual-loose-pants","ACTIVE","yes","49738565910778","XXL / Picture color 10","14:350850#Picture color;5:4182","True","6","39.40","14.95","5.45","yes","14.95","3.03","7~13 days sampled range","AliExpress Selection Standard; ships from CN; DSers displayed US $2.15 shipping","111943","PASS_REPRESENTATIVE_SAMPLE","US$8.18~11.07","US$1.99","7~14 days","AliExpress Selection Standard; ships from CN; tracking available","111940","PASS_REPRESENTATIVE_SAMPLE_PENDING_US_STOREFRONT_PRICE","Checked in DSers Shipping info modal for Canada on 2026-07-26. Representative SKUs M-Picture color, L-Picture color, XL-Picture color, and XXL-Picture color 1 returned US $2.15 shipping with tracking available; applied to mapped wide-leg pants variants pending final spot-check before ad spend. Representative U.S. DSers quote on 2026-07-26: M/L/XXL Picture color and XXL/4XL Picture color 1 returned US$1.99 shipping in 7~14 days, tracking available. Applied across mapped variants pending final spot-check."
"9326918303994","Men's Cotton-Linen Wide-Leg Pants","2025-summer-mens-cotton-and-linen-oversized-wide-leg-pants-mens-artistic-style-elastic-waist-solid-color-casual-loose-pants","ACTIVE","yes","49738566598906","XXL / Picture color 11","14:771#Picture color;5:4182","True","1996","39.40","15.27","5.13","yes","15.27","3.03","7~13 days sampled range","AliExpress Selection Standard; ships from CN; DSers displayed US $2.15 shipping","111943","PASS_REPRESENTATIVE_SAMPLE","US$8.18~11.07","US$1.99","7~14 days","AliExpress Selection Standard; ships from CN; tracking available","111940","PASS_REPRESENTATIVE_SAMPLE_PENDING_US_STOREFRONT_PRICE","Checked in DSers Shipping info modal for Canada on 2026-07-26. Representative SKUs M-Picture color, L-Picture color, XL-Picture color, and XXL-Picture color 1 returned US $2.15 shipping with tracking available; applied to mapped wide-leg pants variants pending final spot-check before ad spend. Representative U.S. DSers quote on 2026-07-26: M/L/XXL Picture color and XXL/4XL Picture color 1 returned US$1.99 shipping in 7~14 days, tracking available. Applied across mapped variants pending final spot-check."
"9326918303994","Men's Cotton-Linen Wide-Leg Pants","2025-summer-mens-cotton-and-linen-oversized-wide-leg-pants-mens-artistic-style-elastic-waist-solid-color-casual-loose-pants","ACTIVE","yes","49738567385338","XXL / Picture color 13","14:200001951#Picture color;5:4182","True","4","39.40","14.89","5.51","yes","14.89","3.03","7~13 days sampled range","AliExpress Selection Standard; ships from CN; DSers displayed US $2.15 shipping","111943","PASS_REPRESENTATIVE_SAMPLE","US$8.18~11.07","US$1.99","7~14 days","AliExpress Selection Standard; ships from CN; tracking available","111940","PASS_REPRESENTATIVE_SAMPLE_PENDING_US_STOREFRONT_PRICE","Checked in DSers Shipping info modal for Canada on 2026-07-26. Representative SKUs M-Picture color, L-Picture color, XL-Picture color, and XXL-Picture color 1 returned US $2.15 shipping with tracking available; applied to mapped wide-leg pants variants pending final spot-check before ad spend. Representative U.S. DSers quote on 2026-07-26: M/L/XXL Picture color and XXL/4XL Picture color 1 returned US$1.99 shipping in 7~14 days, tracking available. Applied across mapped variants pending final spot-check."
"9326918303994","Men's Cotton-Linen Wide-Leg Pants","2025-summer-mens-cotton-and-linen-oversized-wide-leg-pants-mens-artistic-style-elastic-waist-solid-color-casual-loose-pants","ACTIVE","yes","49738566893818","XXL / Picture color 2","14:365458#Picture color;5:4182","True","2","39.40","15.23","5.17","yes","15.23","3.03","7~13 days sampled range","AliExpress Selection Standard; ships from CN; DSers displayed US $2.15 shipping","111943","PASS_REPRESENTATIVE_SAMPLE","US$8.18~11.07","US$1.99","7~14 days","AliExpress Selection Standard; ships from CN; tracking available","111940","PASS_REPRESENTATIVE_SAMPLE_PENDING_US_STOREFRONT_PRICE","Checked in DSers Shipping info modal for Canada on 2026-07-26. Representative SKUs M-Picture color, L-Picture color, XL-Picture color, and XXL-Picture color 1 returned US $2.15 shipping with tracking available; applied to mapped wide-leg pants variants pending final spot-check before ad spend. Representative U.S. DSers quote on 2026-07-26: M/L/XXL Picture color and XXL/4XL Picture color 1 returned US$1.99 shipping in 7~14 days, tracking available. Applied across mapped variants pending final spot-check."
"9326918303994","Men's Cotton-Linen Wide-Leg Pants","2025-summer-mens-cotton-and-linen-oversized-wide-leg-pants-mens-artistic-style-elastic-waist-solid-color-casual-loose-pants","ACTIVE","yes","49738564993274","XXL / Picture color 3","14:100018786#Picture color;5:4182","True","1994","39.40","15.23","5.17","yes","15.23","3.03","7~13 days sampled range","AliExpress Selection Standard; ships from CN; DSers displayed US $2.15 shipping","111943","PASS_REPRESENTATIVE_SAMPLE","US$8.18~11.07","US$1.99","7~14 days","AliExpress Selection Standard; ships from CN; tracking available","111940","PASS_REPRESENTATIVE_SAMPLE_PENDING_US_STOREFRONT_PRICE","Checked in DSers Shipping info modal for Canada on 2026-07-26. Representative SKUs M-Picture color, L-Picture color, XL-Picture color, and XXL-Picture color 1 returned US $2.15 shipping with tracking available; applied to mapped wide-leg pants variants pending final spot-check before ad spend. Representative U.S. DSers quote on 2026-07-26: M/L/XXL Picture color and XXL/4XL Picture color 1 returned US$1.99 shipping in 7~14 days, tracking available. Applied across mapped variants pending final spot-check."
"9326918303994","Men's Cotton-Linen Wide-Leg Pants","2025-summer-mens-cotton-and-linen-oversized-wide-leg-pants-mens-artistic-style-elastic-waist-solid-color-casual-loose-pants","ACTIVE","yes","49738566729978","XXL / Picture color 5","14:691#Picture color;5:4182","True","1995","39.40","15.33","5.07","yes","15.33","3.03","7~13 days sampled range","AliExpress Selection Standard; ships from CN; DSers displayed US $2.15 shipping","111943","PASS_REPRESENTATIVE_SAMPLE","US$8.18~11.07","US$1.99","7~14 days","AliExpress Selection Standard; ships from CN; tracking available","111940","PASS_REPRESENTATIVE_SAMPLE_PENDING_US_STOREFRONT_PRICE","Checked in DSers Shipping info modal for Canada on 2026-07-26. Representative SKUs M-Picture color, L-Picture color, XL-Picture color, and XXL-Picture color 1 returned US $2.15 shipping with tracking available; applied to mapped wide-leg pants variants pending final spot-check before ad spend. Representative U.S. DSers quote on 2026-07-26: M/L/XXL Picture color and XXL/4XL Picture color 1 returned US$1.99 shipping in 7~14 days, tracking available. Applied across mapped variants pending final spot-check."
"9326918303994","Men's Cotton-Linen Wide-Leg Pants","2025-summer-mens-cotton-and-linen-oversized-wide-leg-pants-mens-artistic-style-elastic-waist-solid-color-casual-loose-pants","ACTIVE","yes","49738565386490","XXL / Picture color 6","14:175#Picture color;5:4182","True","3","39.40","15.41","4.99","yes","15.41","3.03","7~13 days sampled range","AliExpress Selection Standard; ships from CN; DSers displayed US $2.15 shipping","111943","PASS_REPRESENTATIVE_SAMPLE","US$8.18~11.07","US$1.99","7~14 days","AliExpress Selection Standard; ships from CN; tracking available","111940","PASS_REPRESENTATIVE_SAMPLE_PENDING_US_STOREFRONT_PRICE","Checked in DSers Shipping info modal for Canada on 2026-07-26. Representative SKUs M-Picture color, L-Picture color, XL-Picture color, and XXL-Picture color 1 returned US $2.15 shipping with tracking available; applied to mapped wide-leg pants variants pending final spot-check before ad spend. Representative U.S. DSers quote on 2026-07-26: M/L/XXL Picture color and XXL/4XL Picture color 1 returned US$1.99 shipping in 7~14 days, tracking available. Applied across mapped variants pending final spot-check."
"9326918303994","Men's Cotton-Linen Wide-Leg Pants","2025-summer-mens-cotton-and-linen-oversized-wide-leg-pants-mens-artistic-style-elastic-waist-solid-color-casual-loose-pants","ACTIVE","yes","49738567090426","XXL / Picture color 7","14:200004889#Picture color;5:4182","True","5","39.40","15.08","5.32","yes","15.08","3.03","7~13 days sampled range","AliExpress Selection Standard; ships from CN; DSers displayed US $2.15 shipping","111943","PASS_REPRESENTATIVE_SAMPLE","US$8.18~11.07","US$1.99","7~14 days","AliExpress Selection Standard; ships from CN; tracking available","111940","PASS_REPRESENTATIVE_SAMPLE_PENDING_US_STOREFRONT_PRICE","Checked in DSers Shipping info modal for Canada on 2026-07-26. Representative SKUs M-Picture color, L-Picture color, XL-Picture color, and XXL-Picture color 1 returned US $2.15 shipping with tracking available; applied to mapped wide-leg pants variants pending final spot-check before ad spend. Representative U.S. DSers quote on 2026-07-26: M/L/XXL Picture color and XXL/4XL Picture color 1 returned US$1.99 shipping in 7~14 days, tracking available. Applied across mapped variants pending final spot-check."
"9326918303994","Men's Cotton-Linen Wide-Leg Pants","2025-summer-mens-cotton-and-linen-oversized-wide-leg-pants-mens-artistic-style-elastic-waist-solid-color-casual-loose-pants","ACTIVE","yes","49738565648634","XXL / Picture color 9","14:173#Picture color;5:4182","True","2","39.40","15.26","5.14","yes","15.26","3.03","7~13 days sampled range","AliExpress Selection Standard; ships from CN; DSers displayed US $2.15 shipping","111943","PASS_REPRESENTATIVE_SAMPLE","US$8.18~11.07","US$1.99","7~14 days","AliExpress Selection Standard; ships from CN; tracking available","111940","PASS_REPRESENTATIVE_SAMPLE_PENDING_US_STOREFRONT_PRICE","Checked in DSers Shipping info modal for Canada on 2026-07-26. Representative SKUs M-Picture color, L-Picture color, XL-Picture color, and XXL-Picture color 1 returned US $2.15 shipping with tracking available; applied to mapped wide-leg pants variants pending final spot-check before ad spend. Representative U.S. DSers quote on 2026-07-26: M/L/XXL Picture color and XXL/4XL Picture color 1 returned US$1.99 shipping in 7~14 days, tracking available. Applied across mapped variants pending final spot-check."
"9326918303994","Men's Cotton-Linen Wide-Leg Pants","2025-summer-mens-cotton-and-linen-oversized-wide-leg-pants-mens-artistic-style-elastic-waist-solid-color-casual-loose-pants","ACTIVE","yes","49738566107386","XXXL / Picture color","14:200004890#Picture color;5:4183","True","1994","39.40","15.50","4.90","yes","15.50","3.03","7~13 days sampled range","AliExpress Selection Standard; ships from CN; DSers displayed US $2.15 shipping","111943","PASS_REPRESENTATIVE_SAMPLE","US$8.18~11.07","US$1.99","7~14 days","AliExpress Selection Standard; ships from CN; tracking available","111940","PASS_REPRESENTATIVE_SAMPLE_PENDING_US_STOREFRONT_PRICE","Checked in DSers Shipping info modal for Canada on 2026-07-26. Representative SKUs M-Picture color, L-Picture color, XL-Picture color, and XXL-Picture color 1 returned US $2.15 shipping with tracking available; applied to mapped wide-leg pants variants pending final spot-check before ad spend. Representative U.S. DSers quote on 2026-07-26: M/L/XXL Picture color and XXL/4XL Picture color 1 returned US$1.99 shipping in 7~14 days, tracking available. Applied across mapped variants pending final spot-check."
"9326918303994","Men's Cotton-Linen Wide-Leg Pants","2025-summer-mens-cotton-and-linen-oversized-wide-leg-pants-mens-artistic-style-elastic-waist-solid-color-casual-loose-pants","ACTIVE","yes","49738564567290","XXXL / Picture color 1","14:202997806#Picture color;5:4183","True","1995","39.40","15.63","4.77","yes","15.63","3.03","7~13 days sampled range","AliExpress Selection Standard; ships from CN; DSers displayed US $2.15 shipping","111943","PASS_REPRESENTATIVE_SAMPLE","US$8.18~11.07","US$1.99","7~14 days","AliExpress Selection Standard; ships from CN; tracking available","111940","PASS_REPRESENTATIVE_SAMPLE_PENDING_US_STOREFRONT_PRICE","Checked in DSers Shipping info modal for Canada on 2026-07-26. Representative SKUs M-Picture color, L-Picture color, XL-Picture color, and XXL-Picture color 1 returned US $2.15 shipping with tracking available; applied to mapped wide-leg pants variants pending final spot-check before ad spend. Representative U.S. DSers quote on 2026-07-26: M/L/XXL Picture color and XXL/4XL Picture color 1 returned US$1.99 shipping in 7~14 days, tracking available. Applied across mapped variants pending final spot-check."
"9326918303994","Men's Cotton-Linen Wide-Leg Pants","2025-summer-mens-cotton-and-linen-oversized-wide-leg-pants-mens-artistic-style-elastic-waist-solid-color-casual-loose-pants","ACTIVE","yes","49738565943546","XXXL / Picture color 10","14:350850#Picture color;5:4183","True","1","39.40","15.18","5.22","yes","15.18","3.03","7~13 days sampled range","AliExpress Selection Standard; ships from CN; DSers displayed US $2.15 shipping","111943","PASS_REPRESENTATIVE_SAMPLE","US$8.18~11.07","US$1.99","7~14 days","AliExpress Selection Standard; ships from CN; tracking available","111940","PASS_REPRESENTATIVE_SAMPLE_PENDING_US_STOREFRONT_PRICE","Checked in DSers Shipping info modal for Canada on 2026-07-26. Representative SKUs M-Picture color, L-Picture color, XL-Picture color, and XXL-Picture color 1 returned US $2.15 shipping with tracking available; applied to mapped wide-leg pants variants pending final spot-check before ad spend. Representative U.S. DSers quote on 2026-07-26: M/L/XXL Picture color and XXL/4XL Picture color 1 returned US$1.99 shipping in 7~14 days, tracking available. Applied across mapped variants pending final spot-check."
"9326918303994","Men's Cotton-Linen Wide-Leg Pants","2025-summer-mens-cotton-and-linen-oversized-wide-leg-pants-mens-artistic-style-elastic-waist-solid-color-casual-loose-pants","ACTIVE","yes","49738566566138","XXXL / Picture color 11","14:771#Picture color;5:4183","True","1993","39.40","15.15","5.25","yes","15.15","3.03","7~13 days sampled range","AliExpress Selection Standard; ships from CN; DSers displayed US $2.15 shipping","111943","PASS_REPRESENTATIVE_SAMPLE","US$8.18~11.07","US$1.99","7~14 days","AliExpress Selection Standard; ships from CN; tracking available","111940","PASS_REPRESENTATIVE_SAMPLE_PENDING_US_STOREFRONT_PRICE","Checked in DSers Shipping info modal for Canada on 2026-07-26. Representative SKUs M-Picture color, L-Picture color, XL-Picture color, and XXL-Picture color 1 returned US $2.15 shipping with tracking available; applied to mapped wide-leg pants variants pending final spot-check before ad spend. Representative U.S. DSers quote on 2026-07-26: M/L/XXL Picture color and XXL/4XL Picture color 1 returned US$1.99 shipping in 7~14 days, tracking available. Applied across mapped variants pending final spot-check."
"9326918303994","Men's Cotton-Linen Wide-Leg Pants","2025-summer-mens-cotton-and-linen-oversized-wide-leg-pants-mens-artistic-style-elastic-waist-solid-color-casual-loose-pants","ACTIVE","yes","49738567418106","XXXL / Picture color 13","14:200001951#Picture color;5:4183","True","1994","39.40","15.65","4.75","yes","15.65","3.03","7~13 days sampled range","AliExpress Selection Standard; ships from CN; DSers displayed US $2.15 shipping","111943","PASS_REPRESENTATIVE_SAMPLE","US$8.18~11.07","US$1.99","7~14 days","AliExpress Selection Standard; ships from CN; tracking available","111940","PASS_REPRESENTATIVE_SAMPLE_PENDING_US_STOREFRONT_PRICE","Checked in DSers Shipping info modal for Canada on 2026-07-26. Representative SKUs M-Picture color, L-Picture color, XL-Picture color, and XXL-Picture color 1 returned US $2.15 shipping with tracking available; applied to mapped wide-leg pants variants pending final spot-check before ad spend. Representative U.S. DSers quote on 2026-07-26: M/L/XXL Picture color and XXL/4XL Picture color 1 returned US$1.99 shipping in 7~14 days, tracking available. Applied across mapped variants pending final spot-check."
"9326918303994","Men's Cotton-Linen Wide-Leg Pants","2025-summer-mens-cotton-and-linen-oversized-wide-leg-pants-mens-artistic-style-elastic-waist-solid-color-casual-loose-pants","ACTIVE","yes","49738566926586","XXXL / Picture color 2","14:365458#Picture color;5:4183","True","1993","39.40","15.20","5.20","yes","15.20","3.03","7~13 days sampled range","AliExpress Selection Standard; ships from CN; DSers displayed US $2.15 shipping","111943","PASS_REPRESENTATIVE_SAMPLE","US$8.18~11.07","US$1.99","7~14 days","AliExpress Selection Standard; ships from CN; tracking available","111940","PASS_REPRESENTATIVE_SAMPLE_PENDING_US_STOREFRONT_PRICE","Checked in DSers Shipping info modal for Canada on 2026-07-26. Representative SKUs M-Picture color, L-Picture color, XL-Picture color, and XXL-Picture color 1 returned US $2.15 shipping with tracking available; applied to mapped wide-leg pants variants pending final spot-check before ad spend. Representative U.S. DSers quote on 2026-07-26: M/L/XXL Picture color and XXL/4XL Picture color 1 returned US$1.99 shipping in 7~14 days, tracking available. Applied across mapped variants pending final spot-check."
"9326918303994","Men's Cotton-Linen Wide-Leg Pants","2025-summer-mens-cotton-and-linen-oversized-wide-leg-pants-mens-artistic-style-elastic-waist-solid-color-casual-loose-pants","ACTIVE","yes","49738565026042","XXXL / Picture color 3","14:100018786#Picture color;5:4183","True","1998","39.40","15.23","5.17","yes","15.23","3.03","7~13 days sampled range","AliExpress Selection Standard; ships from CN; DSers displayed US $2.15 shipping","111943","PASS_REPRESENTATIVE_SAMPLE","US$8.18~11.07","US$1.99","7~14 days","AliExpress Selection Standard; ships from CN; tracking available","111940","PASS_REPRESENTATIVE_SAMPLE_PENDING_US_STOREFRONT_PRICE","Checked in DSers Shipping info modal for Canada on 2026-07-26. Representative SKUs M-Picture color, L-Picture color, XL-Picture color, and XXL-Picture color 1 returned US $2.15 shipping with tracking available; applied to mapped wide-leg pants variants pending final spot-check before ad spend. Representative U.S. DSers quote on 2026-07-26: M/L/XXL Picture color and XXL/4XL Picture color 1 returned US$1.99 shipping in 7~14 days, tracking available. Applied across mapped variants pending final spot-check."
"9326918303994","Men's Cotton-Linen Wide-Leg Pants","2025-summer-mens-cotton-and-linen-oversized-wide-leg-pants-mens-artistic-style-elastic-waist-solid-color-casual-loose-pants","ACTIVE","yes","49738566697210","XXXL / Picture color 5","14:691#Picture color;5:4183","True","6","39.40","15.50","4.90","yes","15.50","3.03","7~13 days sampled range","AliExpress Selection Standard; ships from CN; DSers displayed US $2.15 shipping","111943","PASS_REPRESENTATIVE_SAMPLE","US$8.18~11.07","US$1.99","7~14 days","AliExpress Selection Standard; ships from CN; tracking available","111940","PASS_REPRESENTATIVE_SAMPLE_PENDING_US_STOREFRONT_PRICE","Checked in DSers Shipping info modal for Canada on 2026-07-26. Representative SKUs M-Picture color, L-Picture color, XL-Picture color, and XXL-Picture color 1 returned US $2.15 shipping with tracking available; applied to mapped wide-leg pants variants pending final spot-check before ad spend. Representative U.S. DSers quote on 2026-07-26: M/L/XXL Picture color and XXL/4XL Picture color 1 returned US$1.99 shipping in 7~14 days, tracking available. Applied across mapped variants pending final spot-check."
"9326918303994","Men's Cotton-Linen Wide-Leg Pants","2025-summer-mens-cotton-and-linen-oversized-wide-leg-pants-mens-artistic-style-elastic-waist-solid-color-casual-loose-pants","ACTIVE","yes","49738565419258","XXXL / Picture color 6","14:175#Picture color;5:4183","True","1994","39.40","15.61","4.79","yes","15.61","3.03","7~13 days sampled range","AliExpress Selection Standard; ships from CN; DSers displayed US $2.15 shipping","111943","PASS_REPRESENTATIVE_SAMPLE","US$8.18~11.07","US$1.99","7~14 days","AliExpress Selection Standard; ships from CN; tracking available","111940","PASS_REPRESENTATIVE_SAMPLE_PENDING_US_STOREFRONT_PRICE","Checked in DSers Shipping info modal for Canada on 2026-07-26. Representative SKUs M-Picture color, L-Picture color, XL-Picture color, and XXL-Picture color 1 returned US $2.15 shipping with tracking available; applied to mapped wide-leg pants variants pending final spot-check before ad spend. Representative U.S. DSers quote on 2026-07-26: M/L/XXL Picture color and XXL/4XL Picture color 1 returned US$1.99 shipping in 7~14 days, tracking available. Applied across mapped variants pending final spot-check."
"9326918303994","Men's Cotton-Linen Wide-Leg Pants","2025-summer-mens-cotton-and-linen-oversized-wide-leg-pants-mens-artistic-style-elastic-waist-solid-color-casual-loose-pants","ACTIVE","yes","49738567123194","XXXL / Picture color 7","14:200004889#Picture color;5:4183","True","1994","39.40","15.44","4.96","yes","15.44","3.03","7~13 days sampled range","AliExpress Selection Standard; ships from CN; DSers displayed US $2.15 shipping","111943","PASS_REPRESENTATIVE_SAMPLE","US$8.18~11.07","US$1.99","7~14 days","AliExpress Selection Standard; ships from CN; tracking available","111940","PASS_REPRESENTATIVE_SAMPLE_PENDING_US_STOREFRONT_PRICE","Checked in DSers Shipping info modal for Canada on 2026-07-26. Representative SKUs M-Picture color, L-Picture color, XL-Picture color, and XXL-Picture color 1 returned US $2.15 shipping with tracking available; applied to mapped wide-leg pants variants pending final spot-check before ad spend. Representative U.S. DSers quote on 2026-07-26: M/L/XXL Picture color and XXL/4XL Picture color 1 returned US$1.99 shipping in 7~14 days, tracking available. Applied across mapped variants pending final spot-check."
"9326918303994","Men's Cotton-Linen Wide-Leg Pants","2025-summer-mens-cotton-and-linen-oversized-wide-leg-pants-mens-artistic-style-elastic-waist-solid-color-casual-loose-pants","ACTIVE","yes","49738565681402","XXXL / Picture color 9","14:173#Picture color;5:4183","True","1993","39.40","15.44","4.96","yes","15.44","3.03","7~13 days sampled range","AliExpress Selection Standard; ships from CN; DSers displayed US $2.15 shipping","111943","PASS_REPRESENTATIVE_SAMPLE","US$8.18~11.07","US$1.99","7~14 days","AliExpress Selection Standard; ships from CN; tracking available","111940","PASS_REPRESENTATIVE_SAMPLE_PENDING_US_STOREFRONT_PRICE","Checked in DSers Shipping info modal for Canada on 2026-07-26. Representative SKUs M-Picture color, L-Picture color, XL-Picture color, and XXL-Picture color 1 returned US $2.15 shipping with tracking available; applied to mapped wide-leg pants variants pending final spot-check before ad spend. Representative U.S. DSers quote on 2026-07-26: M/L/XXL Picture color and XXL/4XL Picture color 1 returned US$1.99 shipping in 7~14 days, tracking available. Applied across mapped variants pending final spot-check."
"9326918402298","Men's Everyday Shorts","summer-mens-shorts-cool-sportswear-running-sport-shorts-casual-bottoms-gym-fitness-training-jogging-short-pants-men-black-gray","DRAFT","no","49738562765050","4XL / black","14:193;5:200000990","True","8","21.99","7.74","3.51","yes","7.74","3.03","6~11 days sampled range","AliExpress Selection Standard; ships from CN; DSers displayed US$2.15 shipping; tracking available","8","FAIL_REPRICE_REQUIRED","7.74","US$1.99~2.15 sampled","6~11 days sampled range","AliExpress Selection Standard; ships from CN; tracking available","8","PASS_REPRESENTATIVE_SAMPLE_PENDING_US_STOREFRONT_PRICE","DSers Shipping info checked 2026-07-26. XXL/Dark Blue 001 and M/Dark Blue 002 returned tracked Canada shipping at US$2.15 in 6~11 days; XXXL/Dark Blue 001 had no Canada shipping. U.S. samples passed at US$1.99~2.15 in 6~11 days. Every worksheet Canada cap is below the conservative CA$3.03 floor, so reprice or reject rather than launch at current prices."
"9326918402298","Men's Everyday Shorts","summer-mens-shorts-cool-sportswear-running-sport-shorts-casual-bottoms-gym-fitness-training-jogging-short-pants-men-black-gray","DRAFT","no","49738563027194","4XL / Black 001","14:202520811#Black 001;5:200000990","True","3","20.99","7.33","3.40","yes","7.33","3.03","6~11 days sampled range","AliExpress Selection Standard; ships from CN; DSers displayed US$2.15 shipping; tracking available","3","FAIL_REPRICE_REQUIRED","7.33","US$1.99~2.15 sampled","6~11 days sampled range","AliExpress Selection Standard; ships from CN; tracking available","3","PASS_REPRESENTATIVE_SAMPLE_PENDING_US_STOREFRONT_PRICE","DSers Shipping info checked 2026-07-26. XXL/Dark Blue 001 and M/Dark Blue 002 returned tracked Canada shipping at US$2.15 in 6~11 days; XXXL/Dark Blue 001 had no Canada shipping. U.S. samples passed at US$1.99~2.15 in 6~11 days. Every worksheet Canada cap is below the conservative CA$3.03 floor, so reprice or reject rather than launch at current prices."
"9326918402298","Men's Everyday Shorts","summer-mens-shorts-cool-sportswear-running-sport-shorts-casual-bottoms-gym-fitness-training-jogging-short-pants-men-black-gray","DRAFT","no","49738562732282","4XL / Black 002","14:200001951#Black 002;5:200000990","True","14","21.99","8.09","3.16","yes","8.09","3.03","6~11 days sampled range","AliExpress Selection Standard; ships from CN; DSers displayed US$2.15 shipping; tracking available","14","FAIL_REPRICE_REQUIRED","8.09","US$1.99~2.15 sampled","6~11 days sampled range","AliExpress Selection Standard; ships from CN; tracking available","14","PASS_REPRESENTATIVE_SAMPLE_PENDING_US_STOREFRONT_PRICE","DSers Shipping info checked 2026-07-26. XXL/Dark Blue 001 and M/Dark Blue 002 returned tracked Canada shipping at US$2.15 in 6~11 days; XXXL/Dark Blue 001 had no Canada shipping. U.S. samples passed at US$1.99~2.15 in 6~11 days. Every worksheet Canada cap is below the conservative CA$3.03 floor, so reprice or reject rather than launch at current prices."
"9326918402298","Men's Everyday Shorts","summer-mens-shorts-cool-sportswear-running-sport-shorts-casual-bottoms-gym-fitness-training-jogging-short-pants-men-black-gray","DRAFT","no","49738563682554","4XL / Black 003","14:203008817#Black 003;5:200000990","True","5","19.99","7.13","3.07","yes","7.13","3.03","6~11 days sampled range","AliExpress Selection Standard; ships from CN; DSers displayed US$2.15 shipping; tracking available","5","FAIL_REPRICE_REQUIRED","7.13","US$1.99~2.15 sampled","6~11 days sampled range","AliExpress Selection Standard; ships from CN; tracking available","5","PASS_REPRESENTATIVE_SAMPLE_PENDING_US_STOREFRONT_PRICE","DSers Shipping info checked 2026-07-26. XXL/Dark Blue 001 and M/Dark Blue 002 returned tracked Canada shipping at US$2.15 in 6~11 days; XXXL/Dark Blue 001 had no Canada shipping. U.S. samples passed at US$1.99~2.15 in 6~11 days. Every worksheet Canada cap is below the conservative CA$3.03 floor, so reprice or reject rather than launch at current prices."
"9326918402298","Men's Everyday Shorts","summer-mens-shorts-cool-sportswear-running-sport-shorts-casual-bottoms-gym-fitness-training-jogging-short-pants-men-black-gray","DRAFT","no","49738562896122","4XL / Dark Blue","14:173#Dark Blue;5:200000990","True","6","20.99","7.36","3.37","yes","7.36","3.03","6~11 days sampled range","AliExpress Selection Standard; ships from CN; DSers displayed US$2.15 shipping; tracking available","6","FAIL_REPRICE_REQUIRED","7.36","US$1.99~2.15 sampled","6~11 days sampled range","AliExpress Selection Standard; ships from CN; tracking available","6","PASS_REPRESENTATIVE_SAMPLE_PENDING_US_STOREFRONT_PRICE","DSers Shipping info checked 2026-07-26. XXL/Dark Blue 001 and M/Dark Blue 002 returned tracked Canada shipping at US$2.15 in 6~11 days; XXXL/Dark Blue 001 had no Canada shipping. U.S. samples passed at US$1.99~2.15 in 6~11 days. Every worksheet Canada cap is below the conservative CA$3.03 floor, so reprice or reject rather than launch at current prices."
"9326918402298","Men's Everyday Shorts","summer-mens-shorts-cool-sportswear-running-sport-shorts-casual-bottoms-gym-fitness-training-jogging-short-pants-men-black-gray","DRAFT","no","49738562339066","4XL / Dark Blue  002","14:366#Dark Blue  002;5:200000990","True","6","21.99","8.04","3.21","yes","8.04","3.03","6~11 days sampled range","AliExpress Selection Standard; ships from CN; DSers displayed US$2.15 shipping; tracking available","6","FAIL_REPRICE_REQUIRED","8.04","US$1.99~2.15 sampled","6~11 days sampled range","AliExpress Selection Standard; ships from CN; tracking available","6","PASS_REPRESENTATIVE_SAMPLE_PENDING_US_STOREFRONT_PRICE","DSers Shipping info checked 2026-07-26. XXL/Dark Blue 001 and M/Dark Blue 002 returned tracked Canada shipping at US$2.15 in 6~11 days; XXXL/Dark Blue 001 had no Canada shipping. U.S. samples passed at US$1.99~2.15 in 6~11 days. Every worksheet Canada cap is below the conservative CA$3.03 floor, so reprice or reject rather than launch at current prices."
"9326918402298","Men's Everyday Shorts","summer-mens-shorts-cool-sportswear-running-sport-shorts-casual-bottoms-gym-fitness-training-jogging-short-pants-men-black-gray","DRAFT","no","49738563485946","4XL / Dark Blue  003","14:200003699#Dark Blue  003;5:200000990","True","3","20.99","7.52","3.21","yes","7.52","3.03","6~11 days sampled range","AliExpress Selection Standard; ships from CN; DSers displayed US$2.15 shipping; tracking available","3","FAIL_REPRICE_REQUIRED","7.52","US$1.99~2.15 sampled","6~11 days sampled range","AliExpress Selection Standard; ships from CN; tracking available","3","PASS_REPRESENTATIVE_SAMPLE_PENDING_US_STOREFRONT_PRICE","DSers Shipping info checked 2026-07-26. XXL/Dark Blue 001 and M/Dark Blue 002 returned tracked Canada shipping at US$2.15 in 6~11 days; XXXL/Dark Blue 001 had no Canada shipping. U.S. samples passed at US$1.99~2.15 in 6~11 days. Every worksheet Canada cap is below the conservative CA$3.03 floor, so reprice or reject rather than launch at current prices."
"9326918402298","Men's Everyday Shorts","summer-mens-shorts-cool-sportswear-running-sport-shorts-casual-bottoms-gym-fitness-training-jogging-short-pants-men-black-gray","DRAFT","no","49738562142458","4XL / Dark Blue 001","14:29#Dark Blue 001;5:200000990","True","4","20.99","7.58","3.15","yes","7.58","3.03","6~11 days sampled range","AliExpress Selection Standard; ships from CN; DSers displayed US$2.15 shipping; tracking available","4","FAIL_REPRICE_REQUIRED","7.58","US$1.99~2.15 sampled","6~11 days sampled range","AliExpress Selection Standard; ships from CN; tracking available","4","PASS_REPRESENTATIVE_SAMPLE_PENDING_US_STOREFRONT_PRICE","DSers Shipping info checked 2026-07-26. XXL/Dark Blue 001 and M/Dark Blue 002 returned tracked Canada shipping at US$2.15 in 6~11 days; XXXL/Dark Blue 001 had no Canada shipping. U.S. samples passed at US$1.99~2.15 in 6~11 days. Every worksheet Canada cap is below the conservative CA$3.03 floor, so reprice or reject rather than launch at current prices."
"9326918402298","Men's Everyday Shorts","summer-mens-shorts-cool-sportswear-running-sport-shorts-casual-bottoms-gym-fitness-training-jogging-short-pants-men-black-gray","DRAFT","no","49738562207994","4XL / Dark Gray","14:691#Dark Gray;5:200000990","True","166","21.99","7.79","3.46","yes","7.79","3.03","6~11 days sampled range","AliExpress Selection Standard; ships from CN; DSers displayed US$2.15 shipping; tracking available","166","FAIL_REPRICE_REQUIRED","7.79","US$1.99~2.15 sampled","6~11 days sampled range","AliExpress Selection Standard; ships from CN; tracking available","166","PASS_REPRESENTATIVE_SAMPLE_PENDING_US_STOREFRONT_PRICE","DSers Shipping info checked 2026-07-26. XXL/Dark Blue 001 and M/Dark Blue 002 returned tracked Canada shipping at US$2.15 in 6~11 days; XXXL/Dark Blue 001 had no Canada shipping. U.S. samples passed at US$1.99~2.15 in 6~11 days. Every worksheet Canada cap is below the conservative CA$3.03 floor, so reprice or reject rather than launch at current prices."
"9326918402298","Men's Everyday Shorts","summer-mens-shorts-cool-sportswear-running-sport-shorts-casual-bottoms-gym-fitness-training-jogging-short-pants-men-black-gray","DRAFT","no","49738563158266","4XL / Dark Gray 001","14:202997806#Dark Gray 001;5:200000990","True","6","21.99","7.74","3.51","yes","7.74","3.03","6~11 days sampled range","AliExpress Selection Standard; ships from CN; DSers displayed US$2.15 shipping; tracking available","6","FAIL_REPRICE_REQUIRED","7.74","US$1.99~2.15 sampled","6~11 days sampled range","AliExpress Selection Standard; ships from CN; tracking available","6","PASS_REPRESENTATIVE_SAMPLE_PENDING_US_STOREFRONT_PRICE","DSers Shipping info checked 2026-07-26. XXL/Dark Blue 001 and M/Dark Blue 002 returned tracked Canada shipping at US$2.15 in 6~11 days; XXXL/Dark Blue 001 had no Canada shipping. U.S. samples passed at US$1.99~2.15 in 6~11 days. Every worksheet Canada cap is below the conservative CA$3.03 floor, so reprice or reject rather than launch at current prices."
"9326918402298","Men's Everyday Shorts","summer-mens-shorts-cool-sportswear-running-sport-shorts-casual-bottoms-gym-fitness-training-jogging-short-pants-men-black-gray","DRAFT","no","49738562568442","4XL / Dark Gray 002","14:100018786#Dark Gray 002;5:200000990","True","2","21.99","7.99","3.26","yes","7.99","3.03","6~11 days sampled range","AliExpress Selection Standard; ships from CN; DSers displayed US$2.15 shipping; tracking available","2","FAIL_REPRICE_REQUIRED","7.99","US$1.99~2.15 sampled","6~11 days sampled range","AliExpress Selection Standard; ships from CN; tracking available","2","PASS_REPRESENTATIVE_SAMPLE_PENDING_US_STOREFRONT_PRICE","DSers Shipping info checked 2026-07-26. XXL/Dark Blue 001 and M/Dark Blue 002 returned tracked Canada shipping at US$2.15 in 6~11 days; XXXL/Dark Blue 001 had no Canada shipping. U.S. samples passed at US$1.99~2.15 in 6~11 days. Every worksheet Canada cap is below the conservative CA$3.03 floor, so reprice or reject rather than launch at current prices."
"9326918402298","Men's Everyday Shorts","summer-mens-shorts-cool-sportswear-running-sport-shorts-casual-bottoms-gym-fitness-training-jogging-short-pants-men-black-gray","DRAFT","no","49738563617018","4XL / Dark Gray 003","14:203008818#Dark Gray 003;5:200000990","True","2","21.99","7.86","3.39","yes","7.86","3.03","6~11 days sampled range","AliExpress Selection Standard; ships from CN; DSers displayed US$2.15 shipping; tracking available","2","FAIL_REPRICE_REQUIRED","7.86","US$1.99~2.15 sampled","6~11 days sampled range","AliExpress Selection Standard; ships from CN; tracking available","2","PASS_REPRESENTATIVE_SAMPLE_PENDING_US_STOREFRONT_PRICE","DSers Shipping info checked 2026-07-26. XXL/Dark Blue 001 and M/Dark Blue 002 returned tracked Canada shipping at US$2.15 in 6~11 days; XXXL/Dark Blue 001 had no Canada shipping. U.S. samples passed at US$1.99~2.15 in 6~11 days. Every worksheet Canada cap is below the conservative CA$3.03 floor, so reprice or reject rather than launch at current prices."
"9326918402298","Men's Everyday Shorts","summer-mens-shorts-cool-sportswear-running-sport-shorts-casual-bottoms-gym-fitness-training-jogging-short-pants-men-black-gray","DRAFT","no","49738562797818","L / black","14:193;5:361385","True","182","20.99","7.31","3.42","yes","7.31","3.03","6~11 days sampled range","AliExpress Selection Standard; ships from CN; DSers displayed US$2.15 shipping; tracking available","182","FAIL_REPRICE_REQUIRED","7.31","US$1.99~2.15 sampled","6~11 days sampled range","AliExpress Selection Standard; ships from CN; tracking available","182","PASS_REPRESENTATIVE_SAMPLE_PENDING_US_STOREFRONT_PRICE","DSers Shipping info checked 2026-07-26. XXL/Dark Blue 001 and M/Dark Blue 002 returned tracked Canada shipping at US$2.15 in 6~11 days; XXXL/Dark Blue 001 had no Canada shipping. U.S. samples passed at US$1.99~2.15 in 6~11 days. Every worksheet Canada cap is below the conservative CA$3.03 floor, so reprice or reject rather than launch at current prices."
"9326918402298","Men's Everyday Shorts","summer-mens-shorts-cool-sportswear-running-sport-shorts-casual-bottoms-gym-fitness-training-jogging-short-pants-men-black-gray","DRAFT","no","49738563059962","L / Black 001","14:202520811#Black 001;5:361385","True","185","21.99","7.74","3.51","yes","7.74","3.03","6~11 days sampled range","AliExpress Selection Standard; ships from CN; DSers displayed US$2.15 shipping; tracking available","185","FAIL_REPRICE_REQUIRED","7.74","US$1.99~2.15 sampled","6~11 days sampled range","AliExpress Selection Standard; ships from CN; tracking available","185","PASS_REPRESENTATIVE_SAMPLE_PENDING_US_STOREFRONT_PRICE","DSers Shipping info checked 2026-07-26. XXL/Dark Blue 001 and M/Dark Blue 002 returned tracked Canada shipping at US$2.15 in 6~11 days; XXXL/Dark Blue 001 had no Canada shipping. U.S. samples passed at US$1.99~2.15 in 6~11 days. Every worksheet Canada cap is below the conservative CA$3.03 floor, so reprice or reject rather than launch at current prices."
"9326918402298","Men's Everyday Shorts","summer-mens-shorts-cool-sportswear-running-sport-shorts-casual-bottoms-gym-fitness-training-jogging-short-pants-men-black-gray","DRAFT","no","49738563191034","L / Black 002","14:200001951#Black 002;5:361385","True","3","21.99","7.81","3.44","yes","7.81","3.03","6~11 days sampled range","AliExpress Selection Standard; ships from CN; DSers displayed US$2.15 shipping; tracking available","3","FAIL_REPRICE_REQUIRED","7.81","US$1.99~2.15 sampled","6~11 days sampled range","AliExpress Selection Standard; ships from CN; tracking available","3","PASS_REPRESENTATIVE_SAMPLE_PENDING_US_STOREFRONT_PRICE","DSers Shipping info checked 2026-07-26. XXL/Dark Blue 001 and M/Dark Blue 002 returned tracked Canada shipping at US$2.15 in 6~11 days; XXXL/Dark Blue 001 had no Canada shipping. U.S. samples passed at US$1.99~2.15 in 6~11 days. Every worksheet Canada cap is below the conservative CA$3.03 floor, so reprice or reject rather than launch at current prices."
"9326918402298","Men's Everyday Shorts","summer-mens-shorts-cool-sportswear-running-sport-shorts-casual-bottoms-gym-fitness-training-jogging-short-pants-men-black-gray","DRAFT","no","49738563289338","L / Black 003","14:203008817#Black 003;5:361385","True","2","21.99","7.74","3.51","yes","7.74","3.03","6~11 days sampled range","AliExpress Selection Standard; ships from CN; DSers displayed US$2.15 shipping; tracking available","2","FAIL_REPRICE_REQUIRED","7.74","US$1.99~2.15 sampled","6~11 days sampled range","AliExpress Selection Standard; ships from CN; tracking available","2","PASS_REPRESENTATIVE_SAMPLE_PENDING_US_STOREFRONT_PRICE","DSers Shipping info checked 2026-07-26. XXL/Dark Blue 001 and M/Dark Blue 002 returned tracked Canada shipping at US$2.15 in 6~11 days; XXXL/Dark Blue 001 had no Canada shipping. U.S. samples passed at US$1.99~2.15 in 6~11 days. Every worksheet Canada cap is below the conservative CA$3.03 floor, so reprice or reject rather than launch at current prices."
"9326918402298","Men's Everyday Shorts","summer-mens-shorts-cool-sportswear-running-sport-shorts-casual-bottoms-gym-fitness-training-jogging-short-pants-men-black-gray","DRAFT","no","49738562830586","L / Dark Blue","14:173#Dark Blue;5:361385","True","12","20.99","7.41","3.32","yes","7.41","3.03","6~11 days sampled range","AliExpress Selection Standard; ships from CN; DSers displayed US$2.15 shipping; tracking available","12","FAIL_REPRICE_REQUIRED","7.41","US$1.99~2.15 sampled","6~11 days sampled range","AliExpress Selection Standard; ships from CN; tracking available","12","PASS_REPRESENTATIVE_SAMPLE_PENDING_US_STOREFRONT_PRICE","DSers Shipping info checked 2026-07-26. XXL/Dark Blue 001 and M/Dark Blue 002 returned tracked Canada shipping at US$2.15 in 6~11 days; XXXL/Dark Blue 001 had no Canada shipping. U.S. samples passed at US$1.99~2.15 in 6~11 days. Every worksheet Canada cap is below the conservative CA$3.03 floor, so reprice or reject rather than launch at current prices."
"9326918402298","Men's Everyday Shorts","summer-mens-shorts-cool-sportswear-running-sport-shorts-casual-bottoms-gym-fitness-training-jogging-short-pants-men-black-gray","DRAFT","no","49738562470138","L / Dark Blue  002","14:366#Dark Blue  002;5:361385","True","10","21.99","7.96","3.29","yes","7.96","3.03","6~11 days sampled range","AliExpress Selection Standard; ships from CN; DSers displayed US$2.15 shipping; tracking available","10","FAIL_REPRICE_REQUIRED","7.96","US$1.99~2.15 sampled","6~11 days sampled range","AliExpress Selection Standard; ships from CN; tracking available","10","PASS_REPRESENTATIVE_SAMPLE_PENDING_US_STOREFRONT_PRICE","DSers Shipping info checked 2026-07-26. XXL/Dark Blue 001 and M/Dark Blue 002 returned tracked Canada shipping at US$2.15 in 6~11 days; XXXL/Dark Blue 001 had no Canada shipping. U.S. samples passed at US$1.99~2.15 in 6~11 days. Every worksheet Canada cap is below the conservative CA$3.03 floor, so reprice or reject rather than launch at current prices."
"9326918402298","Men's Everyday Shorts","summer-mens-shorts-cool-sportswear-running-sport-shorts-casual-bottoms-gym-fitness-training-jogging-short-pants-men-black-gray","DRAFT","no","49738562404602","L / Dark Blue  003","14:200003699#Dark Blue  003;5:361385","True","5","22.99","8.27","3.51","yes","8.27","3.03","6~11 days sampled range","AliExpress Selection Standard; ships from CN; DSers displayed US$2.15 shipping; tracking available","5","FAIL_REPRICE_REQUIRED","8.27","US$1.99~2.15 sampled","6~11 days sampled range","AliExpress Selection Standard; ships from CN; tracking available","5","PASS_REPRESENTATIVE_SAMPLE_PENDING_US_STOREFRONT_PRICE","DSers Shipping info checked 2026-07-26. XXL/Dark Blue 001 and M/Dark Blue 002 returned tracked Canada shipping at US$2.15 in 6~11 days; XXXL/Dark Blue 001 had no Canada shipping. U.S. samples passed at US$1.99~2.15 in 6~11 days. Every worksheet Canada cap is below the conservative CA$3.03 floor, so reprice or reject rather than launch at current prices."
"9326918402298","Men's Everyday Shorts","summer-mens-shorts-cool-sportswear-running-sport-shorts-casual-bottoms-gym-fitness-training-jogging-short-pants-men-black-gray","DRAFT","no","49738562273530","L / Dark Blue 001","14:29#Dark Blue 001;5:361385","True","5","21.99","7.92","3.33","yes","7.92","3.03","6~11 days sampled range","AliExpress Selection Standard; ships from CN; DSers displayed US$2.15 shipping; tracking available","5","FAIL_REPRICE_REQUIRED","7.92","US$1.99~2.15 sampled","6~11 days sampled range","AliExpress Selection Standard; ships from CN; tracking available","5","PASS_REPRESENTATIVE_SAMPLE_PENDING_US_STOREFRONT_PRICE","DSers Shipping info checked 2026-07-26. XXL/Dark Blue 001 and M/Dark Blue 002 returned tracked Canada shipping at US$2.15 in 6~11 days; XXXL/Dark Blue 001 had no Canada shipping. U.S. samples passed at US$1.99~2.15 in 6~11 days. Every worksheet Canada cap is below the conservative CA$3.03 floor, so reprice or reject rather than launch at current prices."
"9326918402298","Men's Everyday Shorts","summer-mens-shorts-cool-sportswear-running-sport-shorts-casual-bottoms-gym-fitness-training-jogging-short-pants-men-black-gray","DRAFT","no","49738562961658","L / Dark Gray","14:691#Dark Gray;5:361385","True","4","19.99","7.02","3.18","yes","7.02","3.03","6~11 days sampled range","AliExpress Selection Standard; ships from CN; DSers displayed US$2.15 shipping; tracking available","4","FAIL_REPRICE_REQUIRED","7.02","US$1.99~2.15 sampled","6~11 days sampled range","AliExpress Selection Standard; ships from CN; tracking available","4","PASS_REPRESENTATIVE_SAMPLE_PENDING_US_STOREFRONT_PRICE","DSers Shipping info checked 2026-07-26. XXL/Dark Blue 001 and M/Dark Blue 002 returned tracked Canada shipping at US$2.15 in 6~11 days; XXXL/Dark Blue 001 had no Canada shipping. U.S. samples passed at US$1.99~2.15 in 6~11 days. Every worksheet Canada cap is below the conservative CA$3.03 floor, so reprice or reject rather than launch at current prices."
"9326918402298","Men's Everyday Shorts","summer-mens-shorts-cool-sportswear-running-sport-shorts-casual-bottoms-gym-fitness-training-jogging-short-pants-men-black-gray","DRAFT","no","49738563092730","L / Dark Gray 001","14:202997806#Dark Gray 001;5:361385","True","3","20.99","7.68","3.05","yes","7.68","3.03","6~11 days sampled range","AliExpress Selection Standard; ships from CN; DSers displayed US$2.15 shipping; tracking available","3","FAIL_REPRICE_REQUIRED","7.68","US$1.99~2.15 sampled","6~11 days sampled range","AliExpress Selection Standard; ships from CN; tracking available","3","PASS_REPRESENTATIVE_SAMPLE_PENDING_US_STOREFRONT_PRICE","DSers Shipping info checked 2026-07-26. XXL/Dark Blue 001 and M/Dark Blue 002 returned tracked Canada shipping at US$2.15 in 6~11 days; XXXL/Dark Blue 001 had no Canada shipping. U.S. samples passed at US$1.99~2.15 in 6~11 days. Every worksheet Canada cap is below the conservative CA$3.03 floor, so reprice or reject rather than launch at current prices."
"9326918402298","Men's Everyday Shorts","summer-mens-shorts-cool-sportswear-running-sport-shorts-casual-bottoms-gym-fitness-training-jogging-short-pants-men-black-gray","DRAFT","no","49738562601210","L / Dark Gray 002","14:100018786#Dark Gray 002;5:361385","True","5","21.99","7.96","3.29","yes","7.96","3.03","6~11 days sampled range","AliExpress Selection Standard; ships from CN; DSers displayed US$2.15 shipping; tracking available","5","FAIL_REPRICE_REQUIRED","7.96","US$1.99~2.15 sampled","6~11 days sampled range","AliExpress Selection Standard; ships from CN; tracking available","5","PASS_REPRESENTATIVE_SAMPLE_PENDING_US_STOREFRONT_PRICE","DSers Shipping info checked 2026-07-26. XXL/Dark Blue 001 and M/Dark Blue 002 returned tracked Canada shipping at US$2.15 in 6~11 days; XXXL/Dark Blue 001 had no Canada shipping. U.S. samples passed at US$1.99~2.15 in 6~11 days. Every worksheet Canada cap is below the conservative CA$3.03 floor, so reprice or reject rather than launch at current prices."
"9326918402298","Men's Everyday Shorts","summer-mens-shorts-cool-sportswear-running-sport-shorts-casual-bottoms-gym-fitness-training-jogging-short-pants-men-black-gray","DRAFT","no","49738563748090","L / Dark Gray 003","14:203008818#Dark Gray 003;5:361385","True","5","21.99","7.78","3.47","yes","7.78","3.03","6~11 days sampled range","AliExpress Selection Standard; ships from CN; DSers displayed US$2.15 shipping; tracking available","5","FAIL_REPRICE_REQUIRED","7.78","US$1.99~2.15 sampled","6~11 days sampled range","AliExpress Selection Standard; ships from CN; tracking available","5","PASS_REPRESENTATIVE_SAMPLE_PENDING_US_STOREFRONT_PRICE","DSers Shipping info checked 2026-07-26. XXL/Dark Blue 001 and M/Dark Blue 002 returned tracked Canada shipping at US$2.15 in 6~11 days; XXXL/Dark Blue 001 had no Canada shipping. U.S. samples passed at US$1.99~2.15 in 6~11 days. Every worksheet Canada cap is below the conservative CA$3.03 floor, so reprice or reject rather than launch at current prices."
"9326918402298","Men's Everyday Shorts","summer-mens-shorts-cool-sportswear-running-sport-shorts-casual-bottoms-gym-fitness-training-jogging-short-pants-men-black-gray","DRAFT","no","49738562633978","M / black","14:193;5:361386","True","14","22.99","8.31","3.47","yes","8.31","3.03","6~11 days sampled range","AliExpress Selection Standard; ships from CN; DSers displayed US$2.15 shipping; tracking available","14","FAIL_REPRICE_REQUIRED","8.31","US$1.99~2.15 sampled","6~11 days sampled range","AliExpress Selection Standard; ships from CN; tracking available","14","PASS_REPRESENTATIVE_SAMPLE_PENDING_US_STOREFRONT_PRICE","DSers Shipping info checked 2026-07-26. XXL/Dark Blue 001 and M/Dark Blue 002 returned tracked Canada shipping at US$2.15 in 6~11 days; XXXL/Dark Blue 001 had no Canada shipping. U.S. samples passed at US$1.99~2.15 in 6~11 days. Every worksheet Canada cap is below the conservative CA$3.03 floor, so reprice or reject rather than launch at current prices."
"9326918402298","Men's Everyday Shorts","summer-mens-shorts-cool-sportswear-running-sport-shorts-casual-bottoms-gym-fitness-training-jogging-short-pants-men-black-gray","DRAFT","no","49738563584250","M / Black 001","14:202520811#Black 001;5:361386","True","4","20.99","7.37","3.36","yes","7.37","3.03","6~11 days sampled range","AliExpress Selection Standard; ships from CN; DSers displayed US$2.15 shipping; tracking available","4","FAIL_REPRICE_REQUIRED","7.37","US$1.99~2.15 sampled","6~11 days sampled range","AliExpress Selection Standard; ships from CN; tracking available","4","PASS_REPRESENTATIVE_SAMPLE_PENDING_US_STOREFRONT_PRICE","DSers Shipping info checked 2026-07-26. XXL/Dark Blue 001 and M/Dark Blue 002 returned tracked Canada shipping at US$2.15 in 6~11 days; XXXL/Dark Blue 001 had no Canada shipping. U.S. samples passed at US$1.99~2.15 in 6~11 days. Every worksheet Canada cap is below the conservative CA$3.03 floor, so reprice or reject rather than launch at current prices."
"9326918402298","Men's Everyday Shorts","summer-mens-shorts-cool-sportswear-running-sport-shorts-casual-bottoms-gym-fitness-training-jogging-short-pants-men-black-gray","DRAFT","no","49738563223802","M / Black 002","14:200001951#Black 002;5:361386","True","1","21.99","7.96","3.29","yes","7.96","3.03","6~11 days sampled range","AliExpress Selection Standard; ships from CN; DSers displayed US$2.15 shipping; tracking available","1","FAIL_REPRICE_REQUIRED","7.96","US$1.99~2.15 sampled","6~11 days sampled range","AliExpress Selection Standard; ships from CN; tracking available","1","PASS_REPRESENTATIVE_SAMPLE_PENDING_US_STOREFRONT_PRICE","DSers Shipping info checked 2026-07-26. XXL/Dark Blue 001 and M/Dark Blue 002 returned tracked Canada shipping at US$2.15 in 6~11 days; XXXL/Dark Blue 001 had no Canada shipping. U.S. samples passed at US$1.99~2.15 in 6~11 days. Every worksheet Canada cap is below the conservative CA$3.03 floor, so reprice or reject rather than launch at current prices."
"9326918402298","Men's Everyday Shorts","summer-mens-shorts-cool-sportswear-running-sport-shorts-casual-bottoms-gym-fitness-training-jogging-short-pants-men-black-gray","DRAFT","no","49738563453178","M / Black 003","14:203008817#Black 003;5:361386","True","1","21.99","7.76","3.49","yes","7.76","3.03","6~11 days sampled range","AliExpress Selection Standard; ships from CN; DSers displayed US$2.15 shipping; tracking available","1","FAIL_REPRICE_REQUIRED","7.76","US$1.99~2.15 sampled","6~11 days sampled range","AliExpress Selection Standard; ships from CN; tracking available","1","PASS_REPRESENTATIVE_SAMPLE_PENDING_US_STOREFRONT_PRICE","DSers Shipping info checked 2026-07-26. XXL/Dark Blue 001 and M/Dark Blue 002 returned tracked Canada shipping at US$2.15 in 6~11 days; XXXL/Dark Blue 001 had no Canada shipping. U.S. samples passed at US$1.99~2.15 in 6~11 days. Every worksheet Canada cap is below the conservative CA$3.03 floor, so reprice or reject rather than launch at current prices."
"9326918402298","Men's Everyday Shorts","summer-mens-shorts-cool-sportswear-running-sport-shorts-casual-bottoms-gym-fitness-training-jogging-short-pants-men-black-gray","DRAFT","no","49738562863354","M / Dark Blue","14:173#Dark Blue;5:361386","True","9","20.99","7.30","3.43","yes","7.30","3.03","6~11 days sampled range","AliExpress Selection Standard; ships from CN; DSers displayed US$2.15 shipping; tracking available","9","FAIL_REPRICE_REQUIRED","7.30","US$1.99~2.15 sampled","6~11 days sampled range","AliExpress Selection Standard; ships from CN; tracking available","9","PASS_REPRESENTATIVE_SAMPLE_PENDING_US_STOREFRONT_PRICE","DSers Shipping info checked 2026-07-26. XXL/Dark Blue 001 and M/Dark Blue 002 returned tracked Canada shipping at US$2.15 in 6~11 days; XXXL/Dark Blue 001 had no Canada shipping. U.S. samples passed at US$1.99~2.15 in 6~11 days. Every worksheet Canada cap is below the conservative CA$3.03 floor, so reprice or reject rather than launch at current prices."
"9326918402298","Men's Everyday Shorts","summer-mens-shorts-cool-sportswear-running-sport-shorts-casual-bottoms-gym-fitness-training-jogging-short-pants-men-black-gray","DRAFT","no","49738562109690","M / Dark Blue  002","14:366#Dark Blue  002;5:361386","True","6","21.99","7.81","3.44","yes","7.81","3.03","6~11 days sampled range","AliExpress Selection Standard; ships from CN; DSers displayed US$2.15 shipping; tracking available","6","FAIL_REPRICE_REQUIRED","7.81","US$1.99~2.15 sampled","6~11 days sampled range","AliExpress Selection Standard; ships from CN; tracking available","6","PASS_REPRESENTATIVE_SAMPLE_PENDING_US_STOREFRONT_PRICE","DSers Shipping info checked 2026-07-26. XXL/Dark Blue 001 and M/Dark Blue 002 returned tracked Canada shipping at US$2.15 in 6~11 days; XXXL/Dark Blue 001 had no Canada shipping. U.S. samples passed at US$1.99~2.15 in 6~11 days. Every worksheet Canada cap is below the conservative CA$3.03 floor, so reprice or reject rather than launch at current prices."
"9326918402298","Men's Everyday Shorts","summer-mens-shorts-cool-sportswear-running-sport-shorts-casual-bottoms-gym-fitness-training-jogging-short-pants-men-black-gray","DRAFT","no","49738562306298","M / Dark Blue  003","14:200003699#Dark Blue  003;5:361386","True","8","20.99","7.27","3.46","yes","7.27","3.03","6~11 days sampled range","AliExpress Selection Standard; ships from CN; DSers displayed US$2.15 shipping; tracking available","8","FAIL_REPRICE_REQUIRED","7.27","US$1.99~2.15 sampled","6~11 days sampled range","AliExpress Selection Standard; ships from CN; tracking available","8","PASS_REPRESENTATIVE_SAMPLE_PENDING_US_STOREFRONT_PRICE","DSers Shipping info checked 2026-07-26. XXL/Dark Blue 001 and M/Dark Blue 002 returned tracked Canada shipping at US$2.15 in 6~11 days; XXXL/Dark Blue 001 had no Canada shipping. U.S. samples passed at US$1.99~2.15 in 6~11 days. Every worksheet Canada cap is below the conservative CA$3.03 floor, so reprice or reject rather than launch at current prices."
"9326918402298","Men's Everyday Shorts","summer-mens-shorts-cool-sportswear-running-sport-shorts-casual-bottoms-gym-fitness-training-jogging-short-pants-men-black-gray","DRAFT","no","49738562175226","M / Dark Blue 001","14:29#Dark Blue 001;5:361386","True","190","20.99","7.30","3.43","yes","7.30","3.03","6~11 days sampled range","AliExpress Selection Standard; ships from CN; DSers displayed US$2.15 shipping; tracking available","190","FAIL_REPRICE_REQUIRED","7.30","US$1.99~2.15 sampled","6~11 days sampled range","AliExpress Selection Standard; ships from CN; tracking available","190","PASS_REPRESENTATIVE_SAMPLE_PENDING_US_STOREFRONT_PRICE","DSers Shipping info checked 2026-07-26. XXL/Dark Blue 001 and M/Dark Blue 002 returned tracked Canada shipping at US$2.15 in 6~11 days; XXXL/Dark Blue 001 had no Canada shipping. U.S. samples passed at US$1.99~2.15 in 6~11 days. Every worksheet Canada cap is below the conservative CA$3.03 floor, so reprice or reject rather than launch at current prices."
"9326918402298","Men's Everyday Shorts","summer-mens-shorts-cool-sportswear-running-sport-shorts-casual-bottoms-gym-fitness-training-jogging-short-pants-men-black-gray","DRAFT","no","49738562994426","M / Dark Gray","14:691#Dark Gray;5:361386","True","3","19.99","7.05","3.15","yes","7.05","3.03","6~11 days sampled range","AliExpress Selection Standard; ships from CN; DSers displayed US$2.15 shipping; tracking available","3","FAIL_REPRICE_REQUIRED","7.05","US$1.99~2.15 sampled","6~11 days sampled range","AliExpress Selection Standard; ships from CN; tracking available","3","PASS_REPRESENTATIVE_SAMPLE_PENDING_US_STOREFRONT_PRICE","DSers Shipping info checked 2026-07-26. XXL/Dark Blue 001 and M/Dark Blue 002 returned tracked Canada shipping at US$2.15 in 6~11 days; XXXL/Dark Blue 001 had no Canada shipping. U.S. samples passed at US$1.99~2.15 in 6~11 days. Every worksheet Canada cap is below the conservative CA$3.03 floor, so reprice or reject rather than launch at current prices."
"9326918402298","Men's Everyday Shorts","summer-mens-shorts-cool-sportswear-running-sport-shorts-casual-bottoms-gym-fitness-training-jogging-short-pants-men-black-gray","DRAFT","no","49738563125498","M / Dark Gray 001","14:202997806#Dark Gray 001;5:361386","True","168","22.99","8.31","3.47","yes","8.31","3.03","6~11 days sampled range","AliExpress Selection Standard; ships from CN; DSers displayed US$2.15 shipping; tracking available","168","FAIL_REPRICE_REQUIRED","8.31","US$1.99~2.15 sampled","6~11 days sampled range","AliExpress Selection Standard; ships from CN; tracking available","168","PASS_REPRESENTATIVE_SAMPLE_PENDING_US_STOREFRONT_PRICE","DSers Shipping info checked 2026-07-26. XXL/Dark Blue 001 and M/Dark Blue 002 returned tracked Canada shipping at US$2.15 in 6~11 days; XXXL/Dark Blue 001 had no Canada shipping. U.S. samples passed at US$1.99~2.15 in 6~11 days. Every worksheet Canada cap is below the conservative CA$3.03 floor, so reprice or reject rather than launch at current prices."
"9326918402298","Men's Everyday Shorts","summer-mens-shorts-cool-sportswear-running-sport-shorts-casual-bottoms-gym-fitness-training-jogging-short-pants-men-black-gray","DRAFT","no","49738562699514","M / Dark Gray 002","14:100018786#Dark Gray 002;5:361386","True","173","21.99","7.83","3.42","yes","7.83","3.03","6~11 days sampled range","AliExpress Selection Standard; ships from CN; DSers displayed US$2.15 shipping; tracking available","173","FAIL_REPRICE_REQUIRED","7.83","US$1.99~2.15 sampled","6~11 days sampled range","AliExpress Selection Standard; ships from CN; tracking available","173","PASS_REPRESENTATIVE_SAMPLE_PENDING_US_STOREFRONT_PRICE","DSers Shipping info checked 2026-07-26. XXL/Dark Blue 001 and M/Dark Blue 002 returned tracked Canada shipping at US$2.15 in 6~11 days; XXXL/Dark Blue 001 had no Canada shipping. U.S. samples passed at US$1.99~2.15 in 6~11 days. Every worksheet Canada cap is below the conservative CA$3.03 floor, so reprice or reject rather than launch at current prices."
"9326918402298","Men's Everyday Shorts","summer-mens-shorts-cool-sportswear-running-sport-shorts-casual-bottoms-gym-fitness-training-jogging-short-pants-men-black-gray","DRAFT","no","49738563649786","M / Dark Gray 003","14:203008818#Dark Gray 003;5:361386","True","3","20.99","7.69","3.04","yes","7.69","3.03","6~11 days sampled range","AliExpress Selection Standard; ships from CN; DSers displayed US$2.15 shipping; tracking available","3","FAIL_REPRICE_REQUIRED","7.69","US$1.99~2.15 sampled","6~11 days sampled range","AliExpress Selection Standard; ships from CN; tracking available","3","PASS_REPRESENTATIVE_SAMPLE_PENDING_US_STOREFRONT_PRICE","DSers Shipping info checked 2026-07-26. XXL/Dark Blue 001 and M/Dark Blue 002 returned tracked Canada shipping at US$2.15 in 6~11 days; XXXL/Dark Blue 001 had no Canada shipping. U.S. samples passed at US$1.99~2.15 in 6~11 days. Every worksheet Canada cap is below the conservative CA$3.03 floor, so reprice or reject rather than launch at current prices."
"9326918402298","Men's Everyday Shorts","summer-mens-shorts-cool-sportswear-running-sport-shorts-casual-bottoms-gym-fitness-training-jogging-short-pants-men-black-gray","DRAFT","no","49738564043002","XL / black","14:193;5:100014065","True","4","15.99","5.06","3.04","yes","5.06","3.03","6~11 days sampled range","AliExpress Selection Standard; ships from CN; DSers displayed US$2.15 shipping; tracking available","4","FAIL_REPRICE_REQUIRED","5.06","US$1.99~2.15 sampled","6~11 days sampled range","AliExpress Selection Standard; ships from CN; tracking available","4","PASS_REPRESENTATIVE_SAMPLE_PENDING_US_STOREFRONT_PRICE","DSers Shipping info checked 2026-07-26. XXL/Dark Blue 001 and M/Dark Blue 002 returned tracked Canada shipping at US$2.15 in 6~11 days; XXXL/Dark Blue 001 had no Canada shipping. U.S. samples passed at US$1.99~2.15 in 6~11 days. Every worksheet Canada cap is below the conservative CA$3.03 floor, so reprice or reject rather than launch at current prices."
"9326918402298","Men's Everyday Shorts","summer-mens-shorts-cool-sportswear-running-sport-shorts-casual-bottoms-gym-fitness-training-jogging-short-pants-men-black-gray","DRAFT","no","49738564010234","XL / Black 001","14:202520811#Black 001;5:100014065","True","7","21.99","8.07","3.18","yes","8.07","3.03","6~11 days sampled range","AliExpress Selection Standard; ships from CN; DSers displayed US$2.15 shipping; tracking available","7","FAIL_REPRICE_REQUIRED","8.07","US$1.99~2.15 sampled","6~11 days sampled range","AliExpress Selection Standard; ships from CN; tracking available","7","PASS_REPRESENTATIVE_SAMPLE_PENDING_US_STOREFRONT_PRICE","DSers Shipping info checked 2026-07-26. XXL/Dark Blue 001 and M/Dark Blue 002 returned tracked Canada shipping at US$2.15 in 6~11 days; XXXL/Dark Blue 001 had no Canada shipping. U.S. samples passed at US$1.99~2.15 in 6~11 days. Every worksheet Canada cap is below the conservative CA$3.03 floor, so reprice or reject rather than launch at current prices."
"9326918402298","Men's Everyday Shorts","summer-mens-shorts-cool-sportswear-running-sport-shorts-casual-bottoms-gym-fitness-training-jogging-short-pants-men-black-gray","DRAFT","no","49738564272378","XL / Black 002","14:200001951#Black 002;5:100014065","True","1","20.99","7.68","3.05","yes","7.68","3.03","6~11 days sampled range","AliExpress Selection Standard; ships from CN; DSers displayed US$2.15 shipping; tracking available","1","FAIL_REPRICE_REQUIRED","7.68","US$1.99~2.15 sampled","6~11 days sampled range","AliExpress Selection Standard; ships from CN; tracking available","1","PASS_REPRESENTATIVE_SAMPLE_PENDING_US_STOREFRONT_PRICE","DSers Shipping info checked 2026-07-26. XXL/Dark Blue 001 and M/Dark Blue 002 returned tracked Canada shipping at US$2.15 in 6~11 days; XXXL/Dark Blue 001 had no Canada shipping. U.S. samples passed at US$1.99~2.15 in 6~11 days. Every worksheet Canada cap is below the conservative CA$3.03 floor, so reprice or reject rather than launch at current prices."
"9326918402298","Men's Everyday Shorts","summer-mens-shorts-cool-sportswear-running-sport-shorts-casual-bottoms-gym-fitness-training-jogging-short-pants-men-black-gray","DRAFT","no","49738563256570","XL / Black 003","14:203008817#Black 003;5:100014065","True","2","20.99","7.20","3.53","yes","7.20","3.03","6~11 days sampled range","AliExpress Selection Standard; ships from CN; DSers displayed US$2.15 shipping; tracking available","2","FAIL_REPRICE_REQUIRED","7.20","US$1.99~2.15 sampled","6~11 days sampled range","AliExpress Selection Standard; ships from CN; tracking available","2","PASS_REPRESENTATIVE_SAMPLE_PENDING_US_STOREFRONT_PRICE","DSers Shipping info checked 2026-07-26. XXL/Dark Blue 001 and M/Dark Blue 002 returned tracked Canada shipping at US$2.15 in 6~11 days; XXXL/Dark Blue 001 had no Canada shipping. U.S. samples passed at US$1.99~2.15 in 6~11 days. Every worksheet Canada cap is below the conservative CA$3.03 floor, so reprice or reject rather than launch at current prices."
"9326918402298","Men's Everyday Shorts","summer-mens-shorts-cool-sportswear-running-sport-shorts-casual-bottoms-gym-fitness-training-jogging-short-pants-men-black-gray","DRAFT","no","49738562666746","XL / Dark Blue","14:173#Dark Blue;5:100014065","True","187","21.99","8.07","3.18","yes","8.07","3.03","6~11 days sampled range","AliExpress Selection Standard; ships from CN; DSers displayed US$2.15 shipping; tracking available","187","FAIL_REPRICE_REQUIRED","8.07","US$1.99~2.15 sampled","6~11 days sampled range","AliExpress Selection Standard; ships from CN; tracking available","187","PASS_REPRESENTATIVE_SAMPLE_PENDING_US_STOREFRONT_PRICE","DSers Shipping info checked 2026-07-26. XXL/Dark Blue 001 and M/Dark Blue 002 returned tracked Canada shipping at US$2.15 in 6~11 days; XXXL/Dark Blue 001 had no Canada shipping. U.S. samples passed at US$1.99~2.15 in 6~11 days. Every worksheet Canada cap is below the conservative CA$3.03 floor, so reprice or reject rather than launch at current prices."
"9326918402298","Men's Everyday Shorts","summer-mens-shorts-cool-sportswear-running-sport-shorts-casual-bottoms-gym-fitness-training-jogging-short-pants-men-black-gray","DRAFT","no","49738562437370","XL / Dark Blue  002","14:366#Dark Blue  002;5:100014065","True","11","18.99","6.41","3.27","yes","6.41","3.03","6~11 days sampled range","AliExpress Selection Standard; ships from CN; DSers displayed US$2.15 shipping; tracking available","11","FAIL_REPRICE_REQUIRED","6.41","US$1.99~2.15 sampled","6~11 days sampled range","AliExpress Selection Standard; ships from CN; tracking available","11","PASS_REPRESENTATIVE_SAMPLE_PENDING_US_STOREFRONT_PRICE","DSers Shipping info checked 2026-07-26. XXL/Dark Blue 001 and M/Dark Blue 002 returned tracked Canada shipping at US$2.15 in 6~11 days; XXXL/Dark Blue 001 had no Canada shipping. U.S. samples passed at US$1.99~2.15 in 6~11 days. Every worksheet Canada cap is below the conservative CA$3.03 floor, so reprice or reject rather than launch at current prices."
"9326918402298","Men's Everyday Shorts","summer-mens-shorts-cool-sportswear-running-sport-shorts-casual-bottoms-gym-fitness-training-jogging-short-pants-men-black-gray","DRAFT","no","49738562371834","XL / Dark Blue  003","14:200003699#Dark Blue  003;5:100014065","True","2","20.99","7.50","3.23","yes","7.50","3.03","6~11 days sampled range","AliExpress Selection Standard; ships from CN; DSers displayed US$2.15 shipping; tracking available","2","FAIL_REPRICE_REQUIRED","7.50","US$1.99~2.15 sampled","6~11 days sampled range","AliExpress Selection Standard; ships from CN; tracking available","2","PASS_REPRESENTATIVE_SAMPLE_PENDING_US_STOREFRONT_PRICE","DSers Shipping info checked 2026-07-26. XXL/Dark Blue 001 and M/Dark Blue 002 returned tracked Canada shipping at US$2.15 in 6~11 days; XXXL/Dark Blue 001 had no Canada shipping. U.S. samples passed at US$1.99~2.15 in 6~11 days. Every worksheet Canada cap is below the conservative CA$3.03 floor, so reprice or reject rather than launch at current prices."
"9326918402298","Men's Everyday Shorts","summer-mens-shorts-cool-sportswear-running-sport-shorts-casual-bottoms-gym-fitness-training-jogging-short-pants-men-black-gray","DRAFT","no","49738562240762","XL / Dark Blue 001","14:29#Dark Blue 001;5:100014065","True","5","20.99","7.20","3.53","yes","7.20","3.03","6~11 days sampled range","AliExpress Selection Standard; ships from CN; DSers displayed US$2.15 shipping; tracking available","5","FAIL_REPRICE_REQUIRED","7.20","US$1.99~2.15 sampled","6~11 days sampled range","AliExpress Selection Standard; ships from CN; tracking available","5","PASS_REPRESENTATIVE_SAMPLE_PENDING_US_STOREFRONT_PRICE","DSers Shipping info checked 2026-07-26. XXL/Dark Blue 001 and M/Dark Blue 002 returned tracked Canada shipping at US$2.15 in 6~11 days; XXXL/Dark Blue 001 had no Canada shipping. U.S. samples passed at US$1.99~2.15 in 6~11 days. Every worksheet Canada cap is below the conservative CA$3.03 floor, so reprice or reject rather than launch at current prices."
"9326918402298","Men's Everyday Shorts","summer-mens-shorts-cool-sportswear-running-sport-shorts-casual-bottoms-gym-fitness-training-jogging-short-pants-men-black-gray","DRAFT","no","49738563911930","XL / Dark Gray","14:691#Dark Gray;5:100014065","True","6","21.99","7.86","3.39","yes","7.86","3.03","6~11 days sampled range","AliExpress Selection Standard; ships from CN; DSers displayed US$2.15 shipping; tracking available","6","FAIL_REPRICE_REQUIRED","7.86","US$1.99~2.15 sampled","6~11 days sampled range","AliExpress Selection Standard; ships from CN; tracking available","6","PASS_REPRESENTATIVE_SAMPLE_PENDING_US_STOREFRONT_PRICE","DSers Shipping info checked 2026-07-26. XXL/Dark Blue 001 and M/Dark Blue 002 returned tracked Canada shipping at US$2.15 in 6~11 days; XXXL/Dark Blue 001 had no Canada shipping. U.S. samples passed at US$1.99~2.15 in 6~11 days. Every worksheet Canada cap is below the conservative CA$3.03 floor, so reprice or reject rather than launch at current prices."
"9326918402298","Men's Everyday Shorts","summer-mens-shorts-cool-sportswear-running-sport-shorts-casual-bottoms-gym-fitness-training-jogging-short-pants-men-black-gray","DRAFT","no","49738563846394","XL / Dark Gray 001","14:202997806#Dark Gray 001;5:100014065","True","1","21.99","7.83","3.42","yes","7.83","3.03","6~11 days sampled range","AliExpress Selection Standard; ships from CN; DSers displayed US$2.15 shipping; tracking available","1","FAIL_REPRICE_REQUIRED","7.83","US$1.99~2.15 sampled","6~11 days sampled range","AliExpress Selection Standard; ships from CN; tracking available","1","PASS_REPRESENTATIVE_SAMPLE_PENDING_US_STOREFRONT_PRICE","DSers Shipping info checked 2026-07-26. XXL/Dark Blue 001 and M/Dark Blue 002 returned tracked Canada shipping at US$2.15 in 6~11 days; XXXL/Dark Blue 001 had no Canada shipping. U.S. samples passed at US$1.99~2.15 in 6~11 days. Every worksheet Canada cap is below the conservative CA$3.03 floor, so reprice or reject rather than launch at current prices."
"9326918402298","Men's Everyday Shorts","summer-mens-shorts-cool-sportswear-running-sport-shorts-casual-bottoms-gym-fitness-training-jogging-short-pants-men-black-gray","DRAFT","no","49738564141306","XL / Dark Gray 002","14:100018786#Dark Gray 002;5:100014065","True","2","21.99","8.02","3.23","yes","8.02","3.03","6~11 days sampled range","AliExpress Selection Standard; ships from CN; DSers displayed US$2.15 shipping; tracking available","2","FAIL_REPRICE_REQUIRED","8.02","US$1.99~2.15 sampled","6~11 days sampled range","AliExpress Selection Standard; ships from CN; tracking available","2","PASS_REPRESENTATIVE_SAMPLE_PENDING_US_STOREFRONT_PRICE","DSers Shipping info checked 2026-07-26. XXL/Dark Blue 001 and M/Dark Blue 002 returned tracked Canada shipping at US$2.15 in 6~11 days; XXXL/Dark Blue 001 had no Canada shipping. U.S. samples passed at US$1.99~2.15 in 6~11 days. Every worksheet Canada cap is below the conservative CA$3.03 floor, so reprice or reject rather than launch at current prices."
"9326918402298","Men's Everyday Shorts","summer-mens-shorts-cool-sportswear-running-sport-shorts-casual-bottoms-gym-fitness-training-jogging-short-pants-men-black-gray","DRAFT","no","49738563715322","XL / Dark Gray 003","14:203008818#Dark Gray 003;5:100014065","True","6","21.99","7.89","3.36","yes","7.89","3.03","6~11 days sampled range","AliExpress Selection Standard; ships from CN; DSers displayed US$2.15 shipping; tracking available","6","FAIL_REPRICE_REQUIRED","7.89","US$1.99~2.15 sampled","6~11 days sampled range","AliExpress Selection Standard; ships from CN; tracking available","6","PASS_REPRESENTATIVE_SAMPLE_PENDING_US_STOREFRONT_PRICE","DSers Shipping info checked 2026-07-26. XXL/Dark Blue 001 and M/Dark Blue 002 returned tracked Canada shipping at US$2.15 in 6~11 days; XXXL/Dark Blue 001 had no Canada shipping. U.S. samples passed at US$1.99~2.15 in 6~11 days. Every worksheet Canada cap is below the conservative CA$3.03 floor, so reprice or reject rather than launch at current prices."
"9326918402298","Men's Everyday Shorts","summer-mens-shorts-cool-sportswear-running-sport-shorts-casual-bottoms-gym-fitness-training-jogging-short-pants-men-black-gray","DRAFT","no","49738564075770","XXL / black","14:193;5:4182","True","10","21.99","7.93","3.32","yes","7.93","3.03","6~11 days sampled range","AliExpress Selection Standard; ships from CN; DSers displayed US$2.15 shipping; tracking available","10","FAIL_REPRICE_REQUIRED","7.93","US$1.99~2.15 sampled","6~11 days sampled range","AliExpress Selection Standard; ships from CN; tracking available","10","PASS_REPRESENTATIVE_SAMPLE_PENDING_US_STOREFRONT_PRICE","DSers Shipping info checked 2026-07-26. XXL/Dark Blue 001 and M/Dark Blue 002 returned tracked Canada shipping at US$2.15 in 6~11 days; XXXL/Dark Blue 001 had no Canada shipping. U.S. samples passed at US$1.99~2.15 in 6~11 days. Every worksheet Canada cap is below the conservative CA$3.03 floor, so reprice or reject rather than launch at current prices."
"9326918402298","Men's Everyday Shorts","summer-mens-shorts-cool-sportswear-running-sport-shorts-casual-bottoms-gym-fitness-training-jogging-short-pants-men-black-gray","DRAFT","no","49738563780858","XXL / Black 001","14:202520811#Black 001;5:4182","True","2","21.99","7.83","3.42","yes","7.83","3.03","6~11 days sampled range","AliExpress Selection Standard; ships from CN; DSers displayed US$2.15 shipping; tracking available","2","FAIL_REPRICE_REQUIRED","7.83","US$1.99~2.15 sampled","6~11 days sampled range","AliExpress Selection Standard; ships from CN; tracking available","2","PASS_REPRESENTATIVE_SAMPLE_PENDING_US_STOREFRONT_PRICE","DSers Shipping info checked 2026-07-26. XXL/Dark Blue 001 and M/Dark Blue 002 returned tracked Canada shipping at US$2.15 in 6~11 days; XXXL/Dark Blue 001 had no Canada shipping. U.S. samples passed at US$1.99~2.15 in 6~11 days. Every worksheet Canada cap is below the conservative CA$3.03 floor, so reprice or reject rather than launch at current prices."
"9326918402298","Men's Everyday Shorts","summer-mens-shorts-cool-sportswear-running-sport-shorts-casual-bottoms-gym-fitness-training-jogging-short-pants-men-black-gray","DRAFT","no","49738564305146","XXL / Black 002","14:200001951#Black 002;5:4182","True","184","21.99","7.76","3.49","yes","7.76","3.03","6~11 days sampled range","AliExpress Selection Standard; ships from CN; DSers displayed US$2.15 shipping; tracking available","184","FAIL_REPRICE_REQUIRED","7.76","US$1.99~2.15 sampled","6~11 days sampled range","AliExpress Selection Standard; ships from CN; tracking available","184","PASS_REPRESENTATIVE_SAMPLE_PENDING_US_STOREFRONT_PRICE","DSers Shipping info checked 2026-07-26. XXL/Dark Blue 001 and M/Dark Blue 002 returned tracked Canada shipping at US$2.15 in 6~11 days; XXXL/Dark Blue 001 had no Canada shipping. U.S. samples passed at US$1.99~2.15 in 6~11 days. Every worksheet Canada cap is below the conservative CA$3.03 floor, so reprice or reject rather than launch at current prices."
"9326918402298","Men's Everyday Shorts","summer-mens-shorts-cool-sportswear-running-sport-shorts-casual-bottoms-gym-fitness-training-jogging-short-pants-men-black-gray","DRAFT","no","49738563354874","XXL / Black 003","14:203008817#Black 003;5:4182","True","3","21.99","7.71","3.54","yes","7.71","3.03","6~11 days sampled range","AliExpress Selection Standard; ships from CN; DSers displayed US$2.15 shipping; tracking available","3","FAIL_REPRICE_REQUIRED","7.71","US$1.99~2.15 sampled","6~11 days sampled range","AliExpress Selection Standard; ships from CN; tracking available","3","PASS_REPRESENTATIVE_SAMPLE_PENDING_US_STOREFRONT_PRICE","DSers Shipping info checked 2026-07-26. XXL/Dark Blue 001 and M/Dark Blue 002 returned tracked Canada shipping at US$2.15 in 6~11 days; XXXL/Dark Blue 001 had no Canada shipping. U.S. samples passed at US$1.99~2.15 in 6~11 days. Every worksheet Canada cap is below the conservative CA$3.03 floor, so reprice or reject rather than launch at current prices."
"9326918402298","Men's Everyday Shorts","summer-mens-shorts-cool-sportswear-running-sport-shorts-casual-bottoms-gym-fitness-training-jogging-short-pants-men-black-gray","DRAFT","no","49738562928890","XXL / Dark Blue","14:173#Dark Blue;5:4182","True","1","20.99","7.48","3.25","yes","7.48","3.03","6~11 days sampled range","AliExpress Selection Standard; ships from CN; DSers displayed US$2.15 shipping; tracking available","1","FAIL_REPRICE_REQUIRED","7.48","US$1.99~2.15 sampled","6~11 days sampled range","AliExpress Selection Standard; ships from CN; tracking available","1","PASS_REPRESENTATIVE_SAMPLE_PENDING_US_STOREFRONT_PRICE","DSers Shipping info checked 2026-07-26. XXL/Dark Blue 001 and M/Dark Blue 002 returned tracked Canada shipping at US$2.15 in 6~11 days; XXXL/Dark Blue 001 had no Canada shipping. U.S. samples passed at US$1.99~2.15 in 6~11 days. Every worksheet Canada cap is below the conservative CA$3.03 floor, so reprice or reject rather than launch at current prices."
"9326918402298","Men's Everyday Shorts","summer-mens-shorts-cool-sportswear-running-sport-shorts-casual-bottoms-gym-fitness-training-jogging-short-pants-men-black-gray","DRAFT","no","49738562535674","XXL / Dark Blue  002","14:366#Dark Blue  002;5:4182","True","7","20.99","7.24","3.49","yes","7.24","3.03","6~11 days sampled range","AliExpress Selection Standard; ships from CN; DSers displayed US$2.15 shipping; tracking available","7","FAIL_REPRICE_REQUIRED","7.24","US$1.99~2.15 sampled","6~11 days sampled range","AliExpress Selection Standard; ships from CN; tracking available","7","PASS_REPRESENTATIVE_SAMPLE_PENDING_US_STOREFRONT_PRICE","DSers Shipping info checked 2026-07-26. XXL/Dark Blue 001 and M/Dark Blue 002 returned tracked Canada shipping at US$2.15 in 6~11 days; XXXL/Dark Blue 001 had no Canada shipping. U.S. samples passed at US$1.99~2.15 in 6~11 days. Every worksheet Canada cap is below the conservative CA$3.03 floor, so reprice or reject rather than launch at current prices."
"9326918402298","Men's Everyday Shorts","summer-mens-shorts-cool-sportswear-running-sport-shorts-casual-bottoms-gym-fitness-training-jogging-short-pants-men-black-gray","DRAFT","no","49738563420410","XXL / Dark Blue  003","14:200003699#Dark Blue  003;5:4182","True","192","21.99","7.76","3.49","yes","7.76","3.03","6~11 days sampled range","AliExpress Selection Standard; ships from CN; DSers displayed US$2.15 shipping; tracking available","192","FAIL_REPRICE_REQUIRED","7.76","US$1.99~2.15 sampled","6~11 days sampled range","AliExpress Selection Standard; ships from CN; tracking available","192","PASS_REPRESENTATIVE_SAMPLE_PENDING_US_STOREFRONT_PRICE","DSers Shipping info checked 2026-07-26. XXL/Dark Blue 001 and M/Dark Blue 002 returned tracked Canada shipping at US$2.15 in 6~11 days; XXXL/Dark Blue 001 had no Canada shipping. U.S. samples passed at US$1.99~2.15 in 6~11 days. Every worksheet Canada cap is below the conservative CA$3.03 floor, so reprice or reject rather than launch at current prices."
"9326918402298","Men's Everyday Shorts","summer-mens-shorts-cool-sportswear-running-sport-shorts-casual-bottoms-gym-fitness-training-jogging-short-pants-men-black-gray","DRAFT","no","49738562076922","XXL / Dark Blue 001","14:29#Dark Blue 001;5:4182","True","2","20.99","7.52","3.21","yes","7.52","3.03","6~11 days sampled range","AliExpress Selection Standard; ships from CN; DSers displayed US$2.15 shipping; tracking available","2","FAIL_REPRICE_REQUIRED","7.52","US$1.99~2.15 sampled","6~11 days sampled range","AliExpress Selection Standard; ships from CN; tracking available","2","PASS_REPRESENTATIVE_SAMPLE_PENDING_US_STOREFRONT_PRICE","DSers Shipping info checked 2026-07-26. XXL/Dark Blue 001 and M/Dark Blue 002 returned tracked Canada shipping at US$2.15 in 6~11 days; XXXL/Dark Blue 001 had no Canada shipping. U.S. samples passed at US$1.99~2.15 in 6~11 days. Every worksheet Canada cap is below the conservative CA$3.03 floor, so reprice or reject rather than launch at current prices."
"9326918402298","Men's Everyday Shorts","summer-mens-shorts-cool-sportswear-running-sport-shorts-casual-bottoms-gym-fitness-training-jogging-short-pants-men-black-gray","DRAFT","no","49738563944698","XXL / Dark Gray","14:691#Dark Gray;5:4182","True","3","20.99","7.69","3.04","yes","7.69","3.03","6~11 days sampled range","AliExpress Selection Standard; ships from CN; DSers displayed US$2.15 shipping; tracking available","3","FAIL_REPRICE_REQUIRED","7.69","US$1.99~2.15 sampled","6~11 days sampled range","AliExpress Selection Standard; ships from CN; tracking available","3","PASS_REPRESENTATIVE_SAMPLE_PENDING_US_STOREFRONT_PRICE","DSers Shipping info checked 2026-07-26. XXL/Dark Blue 001 and M/Dark Blue 002 returned tracked Canada shipping at US$2.15 in 6~11 days; XXXL/Dark Blue 001 had no Canada shipping. U.S. samples passed at US$1.99~2.15 in 6~11 days. Every worksheet Canada cap is below the conservative CA$3.03 floor, so reprice or reject rather than launch at current prices."
"9326918402298","Men's Everyday Shorts","summer-mens-shorts-cool-sportswear-running-sport-shorts-casual-bottoms-gym-fitness-training-jogging-short-pants-men-black-gray","DRAFT","no","49738563879162","XXL / Dark Gray 001","14:202997806#Dark Gray 001;5:4182","True","189","21.99","8.20","3.05","yes","8.20","3.03","6~11 days sampled range","AliExpress Selection Standard; ships from CN; DSers displayed US$2.15 shipping; tracking available","189","FAIL_REPRICE_REQUIRED","8.20","US$1.99~2.15 sampled","6~11 days sampled range","AliExpress Selection Standard; ships from CN; tracking available","189","PASS_REPRESENTATIVE_SAMPLE_PENDING_US_STOREFRONT_PRICE","DSers Shipping info checked 2026-07-26. XXL/Dark Blue 001 and M/Dark Blue 002 returned tracked Canada shipping at US$2.15 in 6~11 days; XXXL/Dark Blue 001 had no Canada shipping. U.S. samples passed at US$1.99~2.15 in 6~11 days. Every worksheet Canada cap is below the conservative CA$3.03 floor, so reprice or reject rather than launch at current prices."
"9326918402298","Men's Everyday Shorts","summer-mens-shorts-cool-sportswear-running-sport-shorts-casual-bottoms-gym-fitness-training-jogging-short-pants-men-black-gray","DRAFT","no","49738564174074","XXL / Dark Gray 002","14:100018786#Dark Gray 002;5:4182","True","2","21.99","7.86","3.39","yes","7.86","3.03","6~11 days sampled range","AliExpress Selection Standard; ships from CN; DSers displayed US$2.15 shipping; tracking available","2","FAIL_REPRICE_REQUIRED","7.86","US$1.99~2.15 sampled","6~11 days sampled range","AliExpress Selection Standard; ships from CN; tracking available","2","PASS_REPRESENTATIVE_SAMPLE_PENDING_US_STOREFRONT_PRICE","DSers Shipping info checked 2026-07-26. XXL/Dark Blue 001 and M/Dark Blue 002 returned tracked Canada shipping at US$2.15 in 6~11 days; XXXL/Dark Blue 001 had no Canada shipping. U.S. samples passed at US$1.99~2.15 in 6~11 days. Every worksheet Canada cap is below the conservative CA$3.03 floor, so reprice or reject rather than launch at current prices."
"9326918402298","Men's Everyday Shorts","summer-mens-shorts-cool-sportswear-running-sport-shorts-casual-bottoms-gym-fitness-training-jogging-short-pants-men-black-gray","DRAFT","no","49738563551482","XXL / Dark Gray 003","14:203008818#Dark Gray 003;5:4182","True","1","21.99","7.89","3.36","yes","7.89","3.03","6~11 days sampled range","AliExpress Selection Standard; ships from CN; DSers displayed US$2.15 shipping; tracking available","1","FAIL_REPRICE_REQUIRED","7.89","US$1.99~2.15 sampled","6~11 days sampled range","AliExpress Selection Standard; ships from CN; tracking available","1","PASS_REPRESENTATIVE_SAMPLE_PENDING_US_STOREFRONT_PRICE","DSers Shipping info checked 2026-07-26. XXL/Dark Blue 001 and M/Dark Blue 002 returned tracked Canada shipping at US$2.15 in 6~11 days; XXXL/Dark Blue 001 had no Canada shipping. U.S. samples passed at US$1.99~2.15 in 6~11 days. Every worksheet Canada cap is below the conservative CA$3.03 floor, so reprice or reject rather than launch at current prices."
"9326918402298","Men's Everyday Shorts","summer-mens-shorts-cool-sportswear-running-sport-shorts-casual-bottoms-gym-fitness-training-jogging-short-pants-men-black-gray","DRAFT","no","49738564108538","XXXL / black","14:193;5:4183","True","12","16.99","5.25","3.38","yes","5.25","3.03","6~11 days sampled range","AliExpress Selection Standard; ships from CN; DSers displayed US$2.15 shipping; tracking available","12","FAIL_REPRICE_REQUIRED","5.25","US$1.99~2.15 sampled","6~11 days sampled range","AliExpress Selection Standard; ships from CN; tracking available","12","PASS_REPRESENTATIVE_SAMPLE_PENDING_US_STOREFRONT_PRICE","DSers Shipping info checked 2026-07-26. XXL/Dark Blue 001 and M/Dark Blue 002 returned tracked Canada shipping at US$2.15 in 6~11 days; XXXL/Dark Blue 001 had no Canada shipping. U.S. samples passed at US$1.99~2.15 in 6~11 days. Every worksheet Canada cap is below the conservative CA$3.03 floor, so reprice or reject rather than launch at current prices."
"9326918402298","Men's Everyday Shorts","summer-mens-shorts-cool-sportswear-running-sport-shorts-casual-bottoms-gym-fitness-training-jogging-short-pants-men-black-gray","DRAFT","no","49738563813626","XXXL / Black 001","14:202520811#Black 001;5:4183","True","3","20.99","7.58","3.15","yes","7.58","3.03","6~11 days sampled range","AliExpress Selection Standard; ships from CN; DSers displayed US$2.15 shipping; tracking available","3","FAIL_REPRICE_REQUIRED","7.58","US$1.99~2.15 sampled","6~11 days sampled range","AliExpress Selection Standard; ships from CN; tracking available","3","PASS_REPRESENTATIVE_SAMPLE_PENDING_US_STOREFRONT_PRICE","DSers Shipping info checked 2026-07-26. XXL/Dark Blue 001 and M/Dark Blue 002 returned tracked Canada shipping at US$2.15 in 6~11 days; XXXL/Dark Blue 001 had no Canada shipping. U.S. samples passed at US$1.99~2.15 in 6~11 days. Every worksheet Canada cap is below the conservative CA$3.03 floor, so reprice or reject rather than launch at current prices."
"9326918402298","Men's Everyday Shorts","summer-mens-shorts-cool-sportswear-running-sport-shorts-casual-bottoms-gym-fitness-training-jogging-short-pants-men-black-gray","DRAFT","no","49738564337914","XXXL / Black 002","14:200001951#Black 002;5:4183","True","3","16.99","5.49","3.14","yes","5.49","3.03","6~11 days sampled range","AliExpress Selection Standard; ships from CN; DSers displayed US$2.15 shipping; tracking available","3","FAIL_REPRICE_REQUIRED","5.49","US$1.99~2.15 sampled","6~11 days sampled range","AliExpress Selection Standard; ships from CN; tracking available","3","PASS_REPRESENTATIVE_SAMPLE_PENDING_US_STOREFRONT_PRICE","DSers Shipping info checked 2026-07-26. XXL/Dark Blue 001 and M/Dark Blue 002 returned tracked Canada shipping at US$2.15 in 6~11 days; XXXL/Dark Blue 001 had no Canada shipping. U.S. samples passed at US$1.99~2.15 in 6~11 days. Every worksheet Canada cap is below the conservative CA$3.03 floor, so reprice or reject rather than launch at current prices."
"9326918402298","Men's Everyday Shorts","summer-mens-shorts-cool-sportswear-running-sport-shorts-casual-bottoms-gym-fitness-training-jogging-short-pants-men-black-gray","DRAFT","no","49738563322106","XXXL / Black 003","14:203008817#Black 003;5:4183","True","2","21.99","8.00","3.25","yes","8.00","3.03","6~11 days sampled range","AliExpress Selection Standard; ships from CN; DSers displayed US$2.15 shipping; tracking available","2","FAIL_REPRICE_REQUIRED","8.00","US$1.99~2.15 sampled","6~11 days sampled range","AliExpress Selection Standard; ships from CN; tracking available","2","PASS_REPRESENTATIVE_SAMPLE_PENDING_US_STOREFRONT_PRICE","DSers Shipping info checked 2026-07-26. XXL/Dark Blue 001 and M/Dark Blue 002 returned tracked Canada shipping at US$2.15 in 6~11 days; XXXL/Dark Blue 001 had no Canada shipping. U.S. samples passed at US$1.99~2.15 in 6~11 days. Every worksheet Canada cap is below the conservative CA$3.03 floor, so reprice or reject rather than launch at current prices."
"9326918402298","Men's Everyday Shorts","summer-mens-shorts-cool-sportswear-running-sport-shorts-casual-bottoms-gym-fitness-training-jogging-short-pants-men-black-gray","DRAFT","no","49738564370682","XXXL / Dark Blue","14:173#Dark Blue;5:4183","True","156","15.99","5.06","3.04","yes","5.06","3.03","6~11 days sampled range","AliExpress Selection Standard; ships from CN; DSers displayed US$2.15 shipping; tracking available","156","FAIL_REPRICE_REQUIRED","5.06","US$1.99~2.15 sampled","6~11 days sampled range","AliExpress Selection Standard; ships from CN; tracking available","156","PASS_REPRESENTATIVE_SAMPLE_PENDING_US_STOREFRONT_PRICE","DSers Shipping info checked 2026-07-26. XXL/Dark Blue 001 and M/Dark Blue 002 returned tracked Canada shipping at US$2.15 in 6~11 days; XXXL/Dark Blue 001 had no Canada shipping. U.S. samples passed at US$1.99~2.15 in 6~11 days. Every worksheet Canada cap is below the conservative CA$3.03 floor, so reprice or reject rather than launch at current prices."
"9326918402298","Men's Everyday Shorts","summer-mens-shorts-cool-sportswear-running-sport-shorts-casual-bottoms-gym-fitness-training-jogging-short-pants-men-black-gray","DRAFT","no","49738562502906","XXXL / Dark Blue  002","14:366#Dark Blue  002;5:4183","True","1","20.99","7.23","3.50","yes","7.23","3.03","6~11 days sampled range","AliExpress Selection Standard; ships from CN; DSers displayed US$2.15 shipping; tracking available","1","FAIL_REPRICE_REQUIRED","7.23","US$1.99~2.15 sampled","6~11 days sampled range","AliExpress Selection Standard; ships from CN; tracking available","1","PASS_REPRESENTATIVE_SAMPLE_PENDING_US_STOREFRONT_PRICE","DSers Shipping info checked 2026-07-26. XXL/Dark Blue 001 and M/Dark Blue 002 returned tracked Canada shipping at US$2.15 in 6~11 days; XXXL/Dark Blue 001 had no Canada shipping. U.S. samples passed at US$1.99~2.15 in 6~11 days. Every worksheet Canada cap is below the conservative CA$3.03 floor, so reprice or reject rather than launch at current prices."
"9326918402298","Men's Everyday Shorts","summer-mens-shorts-cool-sportswear-running-sport-shorts-casual-bottoms-gym-fitness-training-jogging-short-pants-men-black-gray","DRAFT","no","49738563387642","XXXL / Dark Blue  003","14:200003699#Dark Blue  003;5:4183","True","196","20.99","7.20","3.53","yes","7.20","3.03","6~11 days sampled range","AliExpress Selection Standard; ships from CN; DSers displayed US$2.15 shipping; tracking available","196","FAIL_REPRICE_REQUIRED","7.20","US$1.99~2.15 sampled","6~11 days sampled range","AliExpress Selection Standard; ships from CN; tracking available","196","PASS_REPRESENTATIVE_SAMPLE_PENDING_US_STOREFRONT_PRICE","DSers Shipping info checked 2026-07-26. XXL/Dark Blue 001 and M/Dark Blue 002 returned tracked Canada shipping at US$2.15 in 6~11 days; XXXL/Dark Blue 001 had no Canada shipping. U.S. samples passed at US$1.99~2.15 in 6~11 days. Every worksheet Canada cap is below the conservative CA$3.03 floor, so reprice or reject rather than launch at current prices."
"9326918402298","Men's Everyday Shorts","summer-mens-shorts-cool-sportswear-running-sport-shorts-casual-bottoms-gym-fitness-training-jogging-short-pants-men-black-gray","DRAFT","no","49738562044154","XXXL / Dark Blue 001","14:29#Dark Blue 001;5:4183","True","1","18.14","7.26","1.97","yes","7.26","3.03","6~11 days sampled range","AliExpress Selection Standard; ships from CN; DSers displayed US$2.15 shipping; tracking available","1","FAIL_NO_SHIPPING","7.26","US$1.99~2.15 sampled","6~11 days sampled range","AliExpress Selection Standard; ships from CN; tracking available","1","PASS_REPRESENTATIVE_SAMPLE_PENDING_US_STOREFRONT_PRICE","DSers Shipping info checked 2026-07-26. XXL/Dark Blue 001 and M/Dark Blue 002 returned tracked Canada shipping at US$2.15 in 6~11 days; XXXL/Dark Blue 001 had no Canada shipping. U.S. samples passed at US$1.99~2.15 in 6~11 days. Every worksheet Canada cap is below the conservative CA$3.03 floor, so reprice or reject rather than launch at current prices."
"9326918402298","Men's Everyday Shorts","summer-mens-shorts-cool-sportswear-running-sport-shorts-casual-bottoms-gym-fitness-training-jogging-short-pants-men-black-gray","DRAFT","no","49738563977466","XXXL / Dark Gray","14:691#Dark Gray;5:4183","True","2","20.99","7.69","3.04","yes","7.69","3.03","6~11 days sampled range","AliExpress Selection Standard; ships from CN; DSers displayed US$2.15 shipping; tracking available","2","FAIL_REPRICE_REQUIRED","7.69","US$1.99~2.15 sampled","6~11 days sampled range","AliExpress Selection Standard; ships from CN; tracking available","2","PASS_REPRESENTATIVE_SAMPLE_PENDING_US_STOREFRONT_PRICE","DSers Shipping info checked 2026-07-26. XXL/Dark Blue 001 and M/Dark Blue 002 returned tracked Canada shipping at US$2.15 in 6~11 days; XXXL/Dark Blue 001 had no Canada shipping. U.S. samples passed at US$1.99~2.15 in 6~11 days. Every worksheet Canada cap is below the conservative CA$3.03 floor, so reprice or reject rather than launch at current prices."
"9326918402298","Men's Everyday Shorts","summer-mens-shorts-cool-sportswear-running-sport-shorts-casual-bottoms-gym-fitness-training-jogging-short-pants-men-black-gray","DRAFT","no","49738564239610","XXXL / Dark Gray 001","14:202997806#Dark Gray 001;5:4183","True","1","20.99","7.62","3.11","yes","7.62","3.03","6~11 days sampled range","AliExpress Selection Standard; ships from CN; DSers displayed US$2.15 shipping; tracking available","1","FAIL_REPRICE_REQUIRED","7.62","US$1.99~2.15 sampled","6~11 days sampled range","AliExpress Selection Standard; ships from CN; tracking available","1","PASS_REPRESENTATIVE_SAMPLE_PENDING_US_STOREFRONT_PRICE","DSers Shipping info checked 2026-07-26. XXL/Dark Blue 001 and M/Dark Blue 002 returned tracked Canada shipping at US$2.15 in 6~11 days; XXXL/Dark Blue 001 had no Canada shipping. U.S. samples passed at US$1.99~2.15 in 6~11 days. Every worksheet Canada cap is below the conservative CA$3.03 floor, so reprice or reject rather than launch at current prices."
"9326918402298","Men's Everyday Shorts","summer-mens-shorts-cool-sportswear-running-sport-shorts-casual-bottoms-gym-fitness-training-jogging-short-pants-men-black-gray","DRAFT","no","49738564206842","XXXL / Dark Gray 002","14:100018786#Dark Gray 002;5:4183","True","2","20.99","7.64","3.09","yes","7.64","3.03","6~11 days sampled range","AliExpress Selection Standard; ships from CN; DSers displayed US$2.15 shipping; tracking available","2","FAIL_REPRICE_REQUIRED","7.64","US$1.99~2.15 sampled","6~11 days sampled range","AliExpress Selection Standard; ships from CN; tracking available","2","PASS_REPRESENTATIVE_SAMPLE_PENDING_US_STOREFRONT_PRICE","DSers Shipping info checked 2026-07-26. XXL/Dark Blue 001 and M/Dark Blue 002 returned tracked Canada shipping at US$2.15 in 6~11 days; XXXL/Dark Blue 001 had no Canada shipping. U.S. samples passed at US$1.99~2.15 in 6~11 days. Every worksheet Canada cap is below the conservative CA$3.03 floor, so reprice or reject rather than launch at current prices."
"9326918402298","Men's Everyday Shorts","summer-mens-shorts-cool-sportswear-running-sport-shorts-casual-bottoms-gym-fitness-training-jogging-short-pants-men-black-gray","DRAFT","no","49738563518714","XXXL / Dark Gray 003","14:203008818#Dark Gray 003;5:4183","True","190","20.99","7.67","3.06","yes","7.67","3.03","6~11 days sampled range","AliExpress Selection Standard; ships from CN; DSers displayed US$2.15 shipping; tracking available","190","FAIL_REPRICE_REQUIRED","7.67","US$1.99~2.15 sampled","6~11 days sampled range","AliExpress Selection Standard; ships from CN; tracking available","190","PASS_REPRESENTATIVE_SAMPLE_PENDING_US_STOREFRONT_PRICE","DSers Shipping info checked 2026-07-26. XXL/Dark Blue 001 and M/Dark Blue 002 returned tracked Canada shipping at US$2.15 in 6~11 days; XXXL/Dark Blue 001 had no Canada shipping. U.S. samples passed at US$1.99~2.15 in 6~11 days. Every worksheet Canada cap is below the conservative CA$3.03 floor, so reprice or reject rather than launch at current prices."
"9326918009082","Men's High-Neck Base-Layer Top","thermal-underwear-tops-men-winter-clothes-thermal-shirt-autumn-mens-winter-tights-high-neck-thin-slim-fit-long-sleeve-t-shirt","DRAFT","no","49738559029498","Black / 2L","14:193#Black;5:4182#2L","True","169","18.99","6.46","3.22","yes","6.46","3.03","7~12 days sampled range","AliExpress Selection Standard; ships from CN; DSers displayed US$2.15 shipping; tracking available","169","FAIL_REPRICE_REQUIRED","6.46","US$1.99~2.15 sampled","8~14 days sampled range","AliExpress Selection Standard; ships from CN; tracking available","169","PASS_REPRESENTATIVE_SAMPLE_PENDING_US_STOREFRONT_PRICE","DSers Shipping info checked 2026-07-26. Coffee/3L had no Canada shipping but passed U.S. at US$1.99 in 9~14 days. Coffee/XL and Navy blue/M returned tracked Canada shipping at US$2.15 in 7~12 days; Navy blue/M returned U.S. US$2.15 in 8~13 days. Applied conservatively across mapped variants; content evidence and remediation remain required before activation."
"9326918009082","Men's High-Neck Base-Layer Top","thermal-underwear-tops-men-winter-clothes-thermal-shirt-autumn-mens-winter-tights-high-neck-thin-slim-fit-long-sleeve-t-shirt","DRAFT","no","49738559193338","Black / 3L","14:193#Black;5:4183#3L","True","1","19.99","6.81","3.39","yes","6.81","3.03","7~12 days sampled range","AliExpress Selection Standard; ships from CN; DSers displayed US$2.15 shipping; tracking available","1","FAIL_REPRICE_REQUIRED","6.81","US$1.99~2.15 sampled","8~14 days sampled range","AliExpress Selection Standard; ships from CN; tracking available","1","PASS_REPRESENTATIVE_SAMPLE_PENDING_US_STOREFRONT_PRICE","DSers Shipping info checked 2026-07-26. Coffee/3L had no Canada shipping but passed U.S. at US$1.99 in 9~14 days. Coffee/XL and Navy blue/M returned tracked Canada shipping at US$2.15 in 7~12 days; Navy blue/M returned U.S. US$2.15 in 8~13 days. Applied conservatively across mapped variants; content evidence and remediation remain required before activation."
"9326918009082","Men's High-Neck Base-Layer Top","thermal-underwear-tops-men-winter-clothes-thermal-shirt-autumn-mens-winter-tights-high-neck-thin-slim-fit-long-sleeve-t-shirt","DRAFT","no","49738559095034","Black / L","14:193#Black;5:361385","True","156","17.99","6.08","3.07","yes","6.08","3.03","7~12 days sampled range","AliExpress Selection Standard; ships from CN; DSers displayed US$2.15 shipping; tracking available","156","FAIL_REPRICE_REQUIRED","6.08","US$1.99~2.15 sampled","8~14 days sampled range","AliExpress Selection Standard; ships from CN; tracking available","156","PASS_REPRESENTATIVE_SAMPLE_PENDING_US_STOREFRONT_PRICE","DSers Shipping info checked 2026-07-26. Coffee/3L had no Canada shipping but passed U.S. at US$1.99 in 9~14 days. Coffee/XL and Navy blue/M returned tracked Canada shipping at US$2.15 in 7~12 days; Navy blue/M returned U.S. US$2.15 in 8~13 days. Applied conservatively across mapped variants; content evidence and remediation remain required before activation."
"9326918009082","Men's High-Neck Base-Layer Top","thermal-underwear-tops-men-winter-clothes-thermal-shirt-autumn-mens-winter-tights-high-neck-thin-slim-fit-long-sleeve-t-shirt","DRAFT","no","49738559062266","Black / M","14:193#Black;5:361386","True","1","19.99","7.05","3.15","yes","7.05","3.03","7~12 days sampled range","AliExpress Selection Standard; ships from CN; DSers displayed US$2.15 shipping; tracking available","1","FAIL_REPRICE_REQUIRED","7.05","US$1.99~2.15 sampled","8~14 days sampled range","AliExpress Selection Standard; ships from CN; tracking available","1","PASS_REPRESENTATIVE_SAMPLE_PENDING_US_STOREFRONT_PRICE","DSers Shipping info checked 2026-07-26. Coffee/3L had no Canada shipping but passed U.S. at US$1.99 in 9~14 days. Coffee/XL and Navy blue/M returned tracked Canada shipping at US$2.15 in 7~12 days; Navy blue/M returned U.S. US$2.15 in 8~13 days. Applied conservatively across mapped variants; content evidence and remediation remain required before activation."
"9326918009082","Men's High-Neck Base-Layer Top","thermal-underwear-tops-men-winter-clothes-thermal-shirt-autumn-mens-winter-tights-high-neck-thin-slim-fit-long-sleeve-t-shirt","DRAFT","no","49738559389946","Black / S","14:193#Black;5:100014064","True","153","19.99","6.84","3.36","yes","6.84","3.03","7~12 days sampled range","AliExpress Selection Standard; ships from CN; DSers displayed US$2.15 shipping; tracking available","153","FAIL_REPRICE_REQUIRED","6.84","US$1.99~2.15 sampled","8~14 days sampled range","AliExpress Selection Standard; ships from CN; tracking available","153","PASS_REPRESENTATIVE_SAMPLE_PENDING_US_STOREFRONT_PRICE","DSers Shipping info checked 2026-07-26. Coffee/3L had no Canada shipping but passed U.S. at US$1.99 in 9~14 days. Coffee/XL and Navy blue/M returned tracked Canada shipping at US$2.15 in 7~12 days; Navy blue/M returned U.S. US$2.15 in 8~13 days. Applied conservatively across mapped variants; content evidence and remediation remain required before activation."
"9326918009082","Men's High-Neck Base-Layer Top","thermal-underwear-tops-men-winter-clothes-thermal-shirt-autumn-mens-winter-tights-high-neck-thin-slim-fit-long-sleeve-t-shirt","DRAFT","no","49738558996730","Black / XL","14:193#Black;5:100014065","True","1","18.99","6.40","3.28","yes","6.40","3.03","7~12 days sampled range","AliExpress Selection Standard; ships from CN; DSers displayed US$2.15 shipping; tracking available","1","FAIL_REPRICE_REQUIRED","6.40","US$1.99~2.15 sampled","8~14 days sampled range","AliExpress Selection Standard; ships from CN; tracking available","1","PASS_REPRESENTATIVE_SAMPLE_PENDING_US_STOREFRONT_PRICE","DSers Shipping info checked 2026-07-26. Coffee/3L had no Canada shipping but passed U.S. at US$1.99 in 9~14 days. Coffee/XL and Navy blue/M returned tracked Canada shipping at US$2.15 in 7~12 days; Navy blue/M returned U.S. US$2.15 in 8~13 days. Applied conservatively across mapped variants; content evidence and remediation remain required before activation."
"9326918009082","Men's High-Neck Base-Layer Top","thermal-underwear-tops-men-winter-clothes-thermal-shirt-autumn-mens-winter-tights-high-neck-thin-slim-fit-long-sleeve-t-shirt","DRAFT","no","49738558177530","Coffee / 2L","14:691#Coffee;5:4182#2L","True","2","18.99","6.27","3.41","yes","6.27","3.03","7~12 days sampled range","AliExpress Selection Standard; ships from CN; DSers displayed US$2.15 shipping; tracking available","2","FAIL_REPRICE_REQUIRED","6.27","US$1.99~2.15 sampled","8~14 days sampled range","AliExpress Selection Standard; ships from CN; tracking available","2","PASS_REPRESENTATIVE_SAMPLE_PENDING_US_STOREFRONT_PRICE","DSers Shipping info checked 2026-07-26. Coffee/3L had no Canada shipping but passed U.S. at US$1.99 in 9~14 days. Coffee/XL and Navy blue/M returned tracked Canada shipping at US$2.15 in 7~12 days; Navy blue/M returned U.S. US$2.15 in 8~13 days. Applied conservatively across mapped variants; content evidence and remediation remain required before activation."
"9326918009082","Men's High-Neck Base-Layer Top","thermal-underwear-tops-men-winter-clothes-thermal-shirt-autumn-mens-winter-tights-high-neck-thin-slim-fit-long-sleeve-t-shirt","DRAFT","no","49738558111994","Coffee / 3L","14:691#Coffee;5:4183#3L","True","6","16.91","6.76","1.82","yes","6.76","3.03","7~12 days sampled range","AliExpress Selection Standard; ships from CN; DSers displayed US$2.15 shipping; tracking available","6","FAIL_NO_SHIPPING","6.76","US$1.99~2.15 sampled","8~14 days sampled range","AliExpress Selection Standard; ships from CN; tracking available","6","PASS_REPRESENTATIVE_SAMPLE_PENDING_US_STOREFRONT_PRICE","DSers Shipping info checked 2026-07-26. Coffee/3L had no Canada shipping but passed U.S. at US$1.99 in 9~14 days. Coffee/XL and Navy blue/M returned tracked Canada shipping at US$2.15 in 7~12 days; Navy blue/M returned U.S. US$2.15 in 8~13 days. Applied conservatively across mapped variants; content evidence and remediation remain required before activation."
"9326918009082","Men's High-Neck Base-Layer Top","thermal-underwear-tops-men-winter-clothes-thermal-shirt-autumn-mens-winter-tights-high-neck-thin-slim-fit-long-sleeve-t-shirt","DRAFT","no","49738558374138","Coffee / L","14:691#Coffee;5:361385","True","12","20.99","7.55","3.18","yes","7.55","3.03","7~12 days sampled range","AliExpress Selection Standard; ships from CN; DSers displayed US$2.15 shipping; tracking available","12","FAIL_REPRICE_REQUIRED","7.55","US$1.99~2.15 sampled","8~14 days sampled range","AliExpress Selection Standard; ships from CN; tracking available","12","PASS_REPRESENTATIVE_SAMPLE_PENDING_US_STOREFRONT_PRICE","DSers Shipping info checked 2026-07-26. Coffee/3L had no Canada shipping but passed U.S. at US$1.99 in 9~14 days. Coffee/XL and Navy blue/M returned tracked Canada shipping at US$2.15 in 7~12 days; Navy blue/M returned U.S. US$2.15 in 8~13 days. Applied conservatively across mapped variants; content evidence and remediation remain required before activation."
"9326918009082","Men's High-Neck Base-Layer Top","thermal-underwear-tops-men-winter-clothes-thermal-shirt-autumn-mens-winter-tights-high-neck-thin-slim-fit-long-sleeve-t-shirt","DRAFT","no","49738558341370","Coffee / M","14:691#Coffee;5:361386","True","2","18.99","6.23","3.45","yes","6.23","3.03","7~12 days sampled range","AliExpress Selection Standard; ships from CN; DSers displayed US$2.15 shipping; tracking available","2","FAIL_REPRICE_REQUIRED","6.23","US$1.99~2.15 sampled","8~14 days sampled range","AliExpress Selection Standard; ships from CN; tracking available","2","PASS_REPRESENTATIVE_SAMPLE_PENDING_US_STOREFRONT_PRICE","DSers Shipping info checked 2026-07-26. Coffee/3L had no Canada shipping but passed U.S. at US$1.99 in 9~14 days. Coffee/XL and Navy blue/M returned tracked Canada shipping at US$2.15 in 7~12 days; Navy blue/M returned U.S. US$2.15 in 8~13 days. Applied conservatively across mapped variants; content evidence and remediation remain required before activation."
"9326918009082","Men's High-Neck Base-Layer Top","thermal-underwear-tops-men-winter-clothes-thermal-shirt-autumn-mens-winter-tights-high-neck-thin-slim-fit-long-sleeve-t-shirt","DRAFT","no","49738558439674","Coffee / S","14:691#Coffee;5:100014064","True","2","17.99","5.96","3.19","yes","5.96","3.03","7~12 days sampled range","AliExpress Selection Standard; ships from CN; DSers displayed US$2.15 shipping; tracking available","2","FAIL_REPRICE_REQUIRED","5.96","US$1.99~2.15 sampled","8~14 days sampled range","AliExpress Selection Standard; ships from CN; tracking available","2","PASS_REPRESENTATIVE_SAMPLE_PENDING_US_STOREFRONT_PRICE","DSers Shipping info checked 2026-07-26. Coffee/3L had no Canada shipping but passed U.S. at US$1.99 in 9~14 days. Coffee/XL and Navy blue/M returned tracked Canada shipping at US$2.15 in 7~12 days; Navy blue/M returned U.S. US$2.15 in 8~13 days. Applied conservatively across mapped variants; content evidence and remediation remain required before activation."
"9326918009082","Men's High-Neck Base-Layer Top","thermal-underwear-tops-men-winter-clothes-thermal-shirt-autumn-mens-winter-tights-high-neck-thin-slim-fit-long-sleeve-t-shirt","DRAFT","no","49738558144762","Coffee / XL","14:691#Coffee;5:100014065","True","1","18.99","6.33","3.35","yes","6.33","3.03","7~12 days sampled range","AliExpress Selection Standard; ships from CN; DSers displayed US$2.15 shipping; tracking available","1","FAIL_REPRICE_REQUIRED","6.33","US$1.99~2.15 sampled","8~14 days sampled range","AliExpress Selection Standard; ships from CN; tracking available","1","PASS_REPRESENTATIVE_SAMPLE_PENDING_US_STOREFRONT_PRICE","DSers Shipping info checked 2026-07-26. Coffee/3L had no Canada shipping but passed U.S. at US$1.99 in 9~14 days. Coffee/XL and Navy blue/M returned tracked Canada shipping at US$2.15 in 7~12 days; Navy blue/M returned U.S. US$2.15 in 8~13 days. Applied conservatively across mapped variants; content evidence and remediation remain required before activation."
"9326918009082","Men's High-Neck Base-Layer Top","thermal-underwear-tops-men-winter-clothes-thermal-shirt-autumn-mens-winter-tights-high-neck-thin-slim-fit-long-sleeve-t-shirt","DRAFT","no","49738558832890","Dark Grey / 2L","14:173#Dark Grey;5:4182#2L","True","4","18.99","6.41","3.27","yes","6.41","3.03","7~12 days sampled range","AliExpress Selection Standard; ships from CN; DSers displayed US$2.15 shipping; tracking available","4","FAIL_REPRICE_REQUIRED","6.41","US$1.99~2.15 sampled","8~14 days sampled range","AliExpress Selection Standard; ships from CN; tracking available","4","PASS_REPRESENTATIVE_SAMPLE_PENDING_US_STOREFRONT_PRICE","DSers Shipping info checked 2026-07-26. Coffee/3L had no Canada shipping but passed U.S. at US$1.99 in 9~14 days. Coffee/XL and Navy blue/M returned tracked Canada shipping at US$2.15 in 7~12 days; Navy blue/M returned U.S. US$2.15 in 8~13 days. Applied conservatively across mapped variants; content evidence and remediation remain required before activation."
"9326918009082","Men's High-Neck Base-Layer Top","thermal-underwear-tops-men-winter-clothes-thermal-shirt-autumn-mens-winter-tights-high-neck-thin-slim-fit-long-sleeve-t-shirt","DRAFT","no","49738558734586","Dark Grey / 3L","14:173#Dark Grey;5:4183#3L","True","2","18.99","6.55","3.13","yes","6.55","3.03","7~12 days sampled range","AliExpress Selection Standard; ships from CN; DSers displayed US$2.15 shipping; tracking available","2","FAIL_REPRICE_REQUIRED","6.55","US$1.99~2.15 sampled","8~14 days sampled range","AliExpress Selection Standard; ships from CN; tracking available","2","PASS_REPRESENTATIVE_SAMPLE_PENDING_US_STOREFRONT_PRICE","DSers Shipping info checked 2026-07-26. Coffee/3L had no Canada shipping but passed U.S. at US$1.99 in 9~14 days. Coffee/XL and Navy blue/M returned tracked Canada shipping at US$2.15 in 7~12 days; Navy blue/M returned U.S. US$2.15 in 8~13 days. Applied conservatively across mapped variants; content evidence and remediation remain required before activation."
"9326918009082","Men's High-Neck Base-Layer Top","thermal-underwear-tops-men-winter-clothes-thermal-shirt-autumn-mens-winter-tights-high-neck-thin-slim-fit-long-sleeve-t-shirt","DRAFT","no","49738559160570","Dark Grey / L","14:173#Dark Grey;5:361385","True","2","20.99","7.43","3.30","yes","7.43","3.03","7~12 days sampled range","AliExpress Selection Standard; ships from CN; DSers displayed US$2.15 shipping; tracking available","2","FAIL_REPRICE_REQUIRED","7.43","US$1.99~2.15 sampled","8~14 days sampled range","AliExpress Selection Standard; ships from CN; tracking available","2","PASS_REPRESENTATIVE_SAMPLE_PENDING_US_STOREFRONT_PRICE","DSers Shipping info checked 2026-07-26. Coffee/3L had no Canada shipping but passed U.S. at US$1.99 in 9~14 days. Coffee/XL and Navy blue/M returned tracked Canada shipping at US$2.15 in 7~12 days; Navy blue/M returned U.S. US$2.15 in 8~13 days. Applied conservatively across mapped variants; content evidence and remediation remain required before activation."
"9326918009082","Men's High-Neck Base-Layer Top","thermal-underwear-tops-men-winter-clothes-thermal-shirt-autumn-mens-winter-tights-high-neck-thin-slim-fit-long-sleeve-t-shirt","DRAFT","no","49738559127802","Dark Grey / M","14:173#Dark Grey;5:361386","True","2","17.99","5.91","3.24","yes","5.91","3.03","7~12 days sampled range","AliExpress Selection Standard; ships from CN; DSers displayed US$2.15 shipping; tracking available","2","FAIL_REPRICE_REQUIRED","5.91","US$1.99~2.15 sampled","8~14 days sampled range","AliExpress Selection Standard; ships from CN; tracking available","2","PASS_REPRESENTATIVE_SAMPLE_PENDING_US_STOREFRONT_PRICE","DSers Shipping info checked 2026-07-26. Coffee/3L had no Canada shipping but passed U.S. at US$1.99 in 9~14 days. Coffee/XL and Navy blue/M returned tracked Canada shipping at US$2.15 in 7~12 days; Navy blue/M returned U.S. US$2.15 in 8~13 days. Applied conservatively across mapped variants; content evidence and remediation remain required before activation."
"9326918009082","Men's High-Neck Base-Layer Top","thermal-underwear-tops-men-winter-clothes-thermal-shirt-autumn-mens-winter-tights-high-neck-thin-slim-fit-long-sleeve-t-shirt","DRAFT","no","49738559226106","Dark Grey / S","14:173#Dark Grey;5:100014064","True","5","17.99","5.88","3.27","yes","5.88","3.03","7~12 days sampled range","AliExpress Selection Standard; ships from CN; DSers displayed US$2.15 shipping; tracking available","5","FAIL_REPRICE_REQUIRED","5.88","US$1.99~2.15 sampled","8~14 days sampled range","AliExpress Selection Standard; ships from CN; tracking available","5","PASS_REPRESENTATIVE_SAMPLE_PENDING_US_STOREFRONT_PRICE","DSers Shipping info checked 2026-07-26. Coffee/3L had no Canada shipping but passed U.S. at US$1.99 in 9~14 days. Coffee/XL and Navy blue/M returned tracked Canada shipping at US$2.15 in 7~12 days; Navy blue/M returned U.S. US$2.15 in 8~13 days. Applied conservatively across mapped variants; content evidence and remediation remain required before activation."
"9326918009082","Men's High-Neck Base-Layer Top","thermal-underwear-tops-men-winter-clothes-thermal-shirt-autumn-mens-winter-tights-high-neck-thin-slim-fit-long-sleeve-t-shirt","DRAFT","no","49738558800122","Dark Grey / XL","14:173#Dark Grey;5:100014065","True","1","20.99","7.47","3.26","yes","7.47","3.03","7~12 days sampled range","AliExpress Selection Standard; ships from CN; DSers displayed US$2.15 shipping; tracking available","1","FAIL_REPRICE_REQUIRED","7.47","US$1.99~2.15 sampled","8~14 days sampled range","AliExpress Selection Standard; ships from CN; tracking available","1","PASS_REPRESENTATIVE_SAMPLE_PENDING_US_STOREFRONT_PRICE","DSers Shipping info checked 2026-07-26. Coffee/3L had no Canada shipping but passed U.S. at US$1.99 in 9~14 days. Coffee/XL and Navy blue/M returned tracked Canada shipping at US$2.15 in 7~12 days; Navy blue/M returned U.S. US$2.15 in 8~13 days. Applied conservatively across mapped variants; content evidence and remediation remain required before activation."
"9326918009082","Men's High-Neck Base-Layer Top","thermal-underwear-tops-men-winter-clothes-thermal-shirt-autumn-mens-winter-tights-high-neck-thin-slim-fit-long-sleeve-t-shirt","DRAFT","no","49738558898426","Light grey / 2L","14:1254#Light grey;5:4182#2L","True","2","18.99","6.57","3.11","yes","6.57","3.03","7~12 days sampled range","AliExpress Selection Standard; ships from CN; DSers displayed US$2.15 shipping; tracking available","2","FAIL_REPRICE_REQUIRED","6.57","US$1.99~2.15 sampled","8~14 days sampled range","AliExpress Selection Standard; ships from CN; tracking available","2","PASS_REPRESENTATIVE_SAMPLE_PENDING_US_STOREFRONT_PRICE","DSers Shipping info checked 2026-07-26. Coffee/3L had no Canada shipping but passed U.S. at US$1.99 in 9~14 days. Coffee/XL and Navy blue/M returned tracked Canada shipping at US$2.15 in 7~12 days; Navy blue/M returned U.S. US$2.15 in 8~13 days. Applied conservatively across mapped variants; content evidence and remediation remain required before activation."
"9326918009082","Men's High-Neck Base-Layer Top","thermal-underwear-tops-men-winter-clothes-thermal-shirt-autumn-mens-winter-tights-high-neck-thin-slim-fit-long-sleeve-t-shirt","DRAFT","no","49738558537978","Light grey / 3L","14:1254#Light grey;5:4183#3L","True","6","19.99","7.06","3.14","yes","7.06","3.03","7~12 days sampled range","AliExpress Selection Standard; ships from CN; DSers displayed US$2.15 shipping; tracking available","6","FAIL_REPRICE_REQUIRED","7.06","US$1.99~2.15 sampled","8~14 days sampled range","AliExpress Selection Standard; ships from CN; tracking available","6","PASS_REPRESENTATIVE_SAMPLE_PENDING_US_STOREFRONT_PRICE","DSers Shipping info checked 2026-07-26. Coffee/3L had no Canada shipping but passed U.S. at US$1.99 in 9~14 days. Coffee/XL and Navy blue/M returned tracked Canada shipping at US$2.15 in 7~12 days; Navy blue/M returned U.S. US$2.15 in 8~13 days. Applied conservatively across mapped variants; content evidence and remediation remain required before activation."
"9326918009082","Men's High-Neck Base-Layer Top","thermal-underwear-tops-men-winter-clothes-thermal-shirt-autumn-mens-winter-tights-high-neck-thin-slim-fit-long-sleeve-t-shirt","DRAFT","no","49738558963962","Light grey / L","14:1254#Light grey;5:361385","True","1","18.99","6.15","3.53","yes","6.15","3.03","7~12 days sampled range","AliExpress Selection Standard; ships from CN; DSers displayed US$2.15 shipping; tracking available","1","FAIL_REPRICE_REQUIRED","6.15","US$1.99~2.15 sampled","8~14 days sampled range","AliExpress Selection Standard; ships from CN; tracking available","1","PASS_REPRESENTATIVE_SAMPLE_PENDING_US_STOREFRONT_PRICE","DSers Shipping info checked 2026-07-26. Coffee/3L had no Canada shipping but passed U.S. at US$1.99 in 9~14 days. Coffee/XL and Navy blue/M returned tracked Canada shipping at US$2.15 in 7~12 days; Navy blue/M returned U.S. US$2.15 in 8~13 days. Applied conservatively across mapped variants; content evidence and remediation remain required before activation."
"9326918009082","Men's High-Neck Base-Layer Top","thermal-underwear-tops-men-winter-clothes-thermal-shirt-autumn-mens-winter-tights-high-neck-thin-slim-fit-long-sleeve-t-shirt","DRAFT","no","49738558931194","Light grey / M","14:1254#Light grey;5:361386","True","1","17.99","6.03","3.12","yes","6.03","3.03","7~12 days sampled range","AliExpress Selection Standard; ships from CN; DSers displayed US$2.15 shipping; tracking available","1","FAIL_REPRICE_REQUIRED","6.03","US$1.99~2.15 sampled","8~14 days sampled range","AliExpress Selection Standard; ships from CN; tracking available","1","PASS_REPRESENTATIVE_SAMPLE_PENDING_US_STOREFRONT_PRICE","DSers Shipping info checked 2026-07-26. Coffee/3L had no Canada shipping but passed U.S. at US$1.99 in 9~14 days. Coffee/XL and Navy blue/M returned tracked Canada shipping at US$2.15 in 7~12 days; Navy blue/M returned U.S. US$2.15 in 8~13 days. Applied conservatively across mapped variants; content evidence and remediation remain required before activation."
"9326918009082","Men's High-Neck Base-Layer Top","thermal-underwear-tops-men-winter-clothes-thermal-shirt-autumn-mens-winter-tights-high-neck-thin-slim-fit-long-sleeve-t-shirt","DRAFT","no","49738558767354","Light grey / S","14:1254#Light grey;5:100014064","True","7","17.99","5.96","3.19","yes","5.96","3.03","7~12 days sampled range","AliExpress Selection Standard; ships from CN; DSers displayed US$2.15 shipping; tracking available","7","FAIL_REPRICE_REQUIRED","5.96","US$1.99~2.15 sampled","8~14 days sampled range","AliExpress Selection Standard; ships from CN; tracking available","7","PASS_REPRESENTATIVE_SAMPLE_PENDING_US_STOREFRONT_PRICE","DSers Shipping info checked 2026-07-26. Coffee/3L had no Canada shipping but passed U.S. at US$1.99 in 9~14 days. Coffee/XL and Navy blue/M returned tracked Canada shipping at US$2.15 in 7~12 days; Navy blue/M returned U.S. US$2.15 in 8~13 days. Applied conservatively across mapped variants; content evidence and remediation remain required before activation."
"9326918009082","Men's High-Neck Base-Layer Top","thermal-underwear-tops-men-winter-clothes-thermal-shirt-autumn-mens-winter-tights-high-neck-thin-slim-fit-long-sleeve-t-shirt","DRAFT","no","49738558865658","Light grey / XL","14:1254#Light grey;5:100014065","True","70","18.99","6.22","3.46","yes","6.22","3.03","7~12 days sampled range","AliExpress Selection Standard; ships from CN; DSers displayed US$2.15 shipping; tracking available","70","FAIL_REPRICE_REQUIRED","6.22","US$1.99~2.15 sampled","8~14 days sampled range","AliExpress Selection Standard; ships from CN; tracking available","70","PASS_REPRESENTATIVE_SAMPLE_PENDING_US_STOREFRONT_PRICE","DSers Shipping info checked 2026-07-26. Coffee/3L had no Canada shipping but passed U.S. at US$1.99 in 9~14 days. Coffee/XL and Navy blue/M returned tracked Canada shipping at US$2.15 in 7~12 days; Navy blue/M returned U.S. US$2.15 in 8~13 days. Applied conservatively across mapped variants; content evidence and remediation remain required before activation."
"9326918009082","Men's High-Neck Base-Layer Top","thermal-underwear-tops-men-winter-clothes-thermal-shirt-autumn-mens-winter-tights-high-neck-thin-slim-fit-long-sleeve-t-shirt","DRAFT","no","49738558243066","Navy blue / 2L","14:350850#Navy blue;5:4182#2L","True","23","18.99","6.41","3.27","yes","6.41","3.03","7~12 days sampled range","AliExpress Selection Standard; ships from CN; DSers displayed US$2.15 shipping; tracking available","23","FAIL_REPRICE_REQUIRED","6.41","US$1.99~2.15 sampled","8~14 days sampled range","AliExpress Selection Standard; ships from CN; tracking available","23","PASS_REPRESENTATIVE_SAMPLE_PENDING_US_STOREFRONT_PRICE","DSers Shipping info checked 2026-07-26. Coffee/3L had no Canada shipping but passed U.S. at US$1.99 in 9~14 days. Coffee/XL and Navy blue/M returned tracked Canada shipping at US$2.15 in 7~12 days; Navy blue/M returned U.S. US$2.15 in 8~13 days. Applied conservatively across mapped variants; content evidence and remediation remain required before activation."
"9326918009082","Men's High-Neck Base-Layer Top","thermal-underwear-tops-men-winter-clothes-thermal-shirt-autumn-mens-winter-tights-high-neck-thin-slim-fit-long-sleeve-t-shirt","DRAFT","no","49738558406906","Navy blue / 3L","14:350850#Navy blue;5:4183#3L","True","2","19.99","6.69","3.51","yes","6.69","3.03","7~12 days sampled range","AliExpress Selection Standard; ships from CN; DSers displayed US$2.15 shipping; tracking available","2","FAIL_REPRICE_REQUIRED","6.69","US$1.99~2.15 sampled","8~14 days sampled range","AliExpress Selection Standard; ships from CN; tracking available","2","PASS_REPRESENTATIVE_SAMPLE_PENDING_US_STOREFRONT_PRICE","DSers Shipping info checked 2026-07-26. Coffee/3L had no Canada shipping but passed U.S. at US$1.99 in 9~14 days. Coffee/XL and Navy blue/M returned tracked Canada shipping at US$2.15 in 7~12 days; Navy blue/M returned U.S. US$2.15 in 8~13 days. Applied conservatively across mapped variants; content evidence and remediation remain required before activation."
"9326918009082","Men's High-Neck Base-Layer Top","thermal-underwear-tops-men-winter-clothes-thermal-shirt-autumn-mens-winter-tights-high-neck-thin-slim-fit-long-sleeve-t-shirt","DRAFT","no","49738558308602","Navy blue / L","14:350850#Navy blue;5:361385","True","2","17.99","5.96","3.19","yes","5.96","3.03","7~12 days sampled range","AliExpress Selection Standard; ships from CN; DSers displayed US$2.15 shipping; tracking available","2","FAIL_REPRICE_REQUIRED","5.96","US$1.99~2.15 sampled","8~14 days sampled range","AliExpress Selection Standard; ships from CN; tracking available","2","PASS_REPRESENTATIVE_SAMPLE_PENDING_US_STOREFRONT_PRICE","DSers Shipping info checked 2026-07-26. Coffee/3L had no Canada shipping but passed U.S. at US$1.99 in 9~14 days. Coffee/XL and Navy blue/M returned tracked Canada shipping at US$2.15 in 7~12 days; Navy blue/M returned U.S. US$2.15 in 8~13 days. Applied conservatively across mapped variants; content evidence and remediation remain required before activation."
"9326918009082","Men's High-Neck Base-Layer Top","thermal-underwear-tops-men-winter-clothes-thermal-shirt-autumn-mens-winter-tights-high-neck-thin-slim-fit-long-sleeve-t-shirt","DRAFT","no","49738558275834","Navy blue / M","14:350850#Navy blue;5:361386","True","144","17.99","5.75","3.40","yes","5.75","3.03","7~12 days sampled range","AliExpress Selection Standard; ships from CN; DSers displayed US$2.15 shipping; tracking available","144","FAIL_REPRICE_REQUIRED","5.75","US$1.99~2.15 sampled","8~14 days sampled range","AliExpress Selection Standard; ships from CN; tracking available","144","PASS_REPRESENTATIVE_SAMPLE_PENDING_US_STOREFRONT_PRICE","DSers Shipping info checked 2026-07-26. Coffee/3L had no Canada shipping but passed U.S. at US$1.99 in 9~14 days. Coffee/XL and Navy blue/M returned tracked Canada shipping at US$2.15 in 7~12 days; Navy blue/M returned U.S. US$2.15 in 8~13 days. Applied conservatively across mapped variants; content evidence and remediation remain required before activation."
"9326918009082","Men's High-Neck Base-Layer Top","thermal-underwear-tops-men-winter-clothes-thermal-shirt-autumn-mens-winter-tights-high-neck-thin-slim-fit-long-sleeve-t-shirt","DRAFT","no","49738558636282","Navy blue / S","14:350850#Navy blue;5:100014064","True","7","17.99","5.81","3.34","yes","5.81","3.03","7~12 days sampled range","AliExpress Selection Standard; ships from CN; DSers displayed US$2.15 shipping; tracking available","7","FAIL_REPRICE_REQUIRED","5.81","US$1.99~2.15 sampled","8~14 days sampled range","AliExpress Selection Standard; ships from CN; tracking available","7","PASS_REPRESENTATIVE_SAMPLE_PENDING_US_STOREFRONT_PRICE","DSers Shipping info checked 2026-07-26. Coffee/3L had no Canada shipping but passed U.S. at US$1.99 in 9~14 days. Coffee/XL and Navy blue/M returned tracked Canada shipping at US$2.15 in 7~12 days; Navy blue/M returned U.S. US$2.15 in 8~13 days. Applied conservatively across mapped variants; content evidence and remediation remain required before activation."
"9326918009082","Men's High-Neck Base-Layer Top","thermal-underwear-tops-men-winter-clothes-thermal-shirt-autumn-mens-winter-tights-high-neck-thin-slim-fit-long-sleeve-t-shirt","DRAFT","no","49738558210298","Navy blue / XL","14:350850#Navy blue;5:100014065","True","6","17.99","6.06","3.09","yes","6.06","3.03","7~12 days sampled range","AliExpress Selection Standard; ships from CN; DSers displayed US$2.15 shipping; tracking available","6","FAIL_REPRICE_REQUIRED","6.06","US$1.99~2.15 sampled","8~14 days sampled range","AliExpress Selection Standard; ships from CN; tracking available","6","PASS_REPRESENTATIVE_SAMPLE_PENDING_US_STOREFRONT_PRICE","DSers Shipping info checked 2026-07-26. Coffee/3L had no Canada shipping but passed U.S. at US$1.99 in 9~14 days. Coffee/XL and Navy blue/M returned tracked Canada shipping at US$2.15 in 7~12 days; Navy blue/M returned U.S. US$2.15 in 8~13 days. Applied conservatively across mapped variants; content evidence and remediation remain required before activation."
"9326918009082","Men's High-Neck Base-Layer Top","thermal-underwear-tops-men-winter-clothes-thermal-shirt-autumn-mens-winter-tights-high-neck-thin-slim-fit-long-sleeve-t-shirt","DRAFT","no","49738558701818","Royal blue / 2L","14:365458#Royal blue;5:4182#2L","True","66","18.99","6.60","3.08","yes","6.60","3.03","7~12 days sampled range","AliExpress Selection Standard; ships from CN; DSers displayed US$2.15 shipping; tracking available","66","FAIL_REPRICE_REQUIRED","6.60","US$1.99~2.15 sampled","8~14 days sampled range","AliExpress Selection Standard; ships from CN; tracking available","66","PASS_REPRESENTATIVE_SAMPLE_PENDING_US_STOREFRONT_PRICE","DSers Shipping info checked 2026-07-26. Coffee/3L had no Canada shipping but passed U.S. at US$1.99 in 9~14 days. Coffee/XL and Navy blue/M returned tracked Canada shipping at US$2.15 in 7~12 days; Navy blue/M returned U.S. US$2.15 in 8~13 days. Applied conservatively across mapped variants; content evidence and remediation remain required before activation."
"9326918009082","Men's High-Neck Base-Layer Top","thermal-underwear-tops-men-winter-clothes-thermal-shirt-autumn-mens-winter-tights-high-neck-thin-slim-fit-long-sleeve-t-shirt","DRAFT","no","49738558603514","Royal blue / 3L","14:365458#Royal blue;5:4183#3L","True","2","18.99","6.54","3.14","yes","6.54","3.03","7~12 days sampled range","AliExpress Selection Standard; ships from CN; DSers displayed US$2.15 shipping; tracking available","2","FAIL_REPRICE_REQUIRED","6.54","US$1.99~2.15 sampled","8~14 days sampled range","AliExpress Selection Standard; ships from CN; tracking available","2","PASS_REPRESENTATIVE_SAMPLE_PENDING_US_STOREFRONT_PRICE","DSers Shipping info checked 2026-07-26. Coffee/3L had no Canada shipping but passed U.S. at US$1.99 in 9~14 days. Coffee/XL and Navy blue/M returned tracked Canada shipping at US$2.15 in 7~12 days; Navy blue/M returned U.S. US$2.15 in 8~13 days. Applied conservatively across mapped variants; content evidence and remediation remain required before activation."
"9326918009082","Men's High-Neck Base-Layer Top","thermal-underwear-tops-men-winter-clothes-thermal-shirt-autumn-mens-winter-tights-high-neck-thin-slim-fit-long-sleeve-t-shirt","DRAFT","no","49738558505210","Royal blue / L","14:365458#Royal blue;5:361385","True","2","17.99","6.03","3.12","yes","6.03","3.03","7~12 days sampled range","AliExpress Selection Standard; ships from CN; DSers displayed US$2.15 shipping; tracking available","2","FAIL_REPRICE_REQUIRED","6.03","US$1.99~2.15 sampled","8~14 days sampled range","AliExpress Selection Standard; ships from CN; tracking available","2","PASS_REPRESENTATIVE_SAMPLE_PENDING_US_STOREFRONT_PRICE","DSers Shipping info checked 2026-07-26. Coffee/3L had no Canada shipping but passed U.S. at US$1.99 in 9~14 days. Coffee/XL and Navy blue/M returned tracked Canada shipping at US$2.15 in 7~12 days; Navy blue/M returned U.S. US$2.15 in 8~13 days. Applied conservatively across mapped variants; content evidence and remediation remain required before activation."
"9326918009082","Men's High-Neck Base-Layer Top","thermal-underwear-tops-men-winter-clothes-thermal-shirt-autumn-mens-winter-tights-high-neck-thin-slim-fit-long-sleeve-t-shirt","DRAFT","no","49738558472442","Royal blue / M","14:365458#Royal blue;5:361386","True","4","17.99","6.05","3.10","yes","6.05","3.03","7~12 days sampled range","AliExpress Selection Standard; ships from CN; DSers displayed US$2.15 shipping; tracking available","4","FAIL_REPRICE_REQUIRED","6.05","US$1.99~2.15 sampled","8~14 days sampled range","AliExpress Selection Standard; ships from CN; tracking available","4","PASS_REPRESENTATIVE_SAMPLE_PENDING_US_STOREFRONT_PRICE","DSers Shipping info checked 2026-07-26. Coffee/3L had no Canada shipping but passed U.S. at US$1.99 in 9~14 days. Coffee/XL and Navy blue/M returned tracked Canada shipping at US$2.15 in 7~12 days; Navy blue/M returned U.S. US$2.15 in 8~13 days. Applied conservatively across mapped variants; content evidence and remediation remain required before activation."
"9326918009082","Men's High-Neck Base-Layer Top","thermal-underwear-tops-men-winter-clothes-thermal-shirt-autumn-mens-winter-tights-high-neck-thin-slim-fit-long-sleeve-t-shirt","DRAFT","no","49738558570746","Royal blue / S","14:365458#Royal blue;5:100014064","True","2","17.99","5.79","3.36","yes","5.79","3.03","7~12 days sampled range","AliExpress Selection Standard; ships from CN; DSers displayed US$2.15 shipping; tracking available","2","FAIL_REPRICE_REQUIRED","5.79","US$1.99~2.15 sampled","8~14 days sampled range","AliExpress Selection Standard; ships from CN; tracking available","2","PASS_REPRESENTATIVE_SAMPLE_PENDING_US_STOREFRONT_PRICE","DSers Shipping info checked 2026-07-26. Coffee/3L had no Canada shipping but passed U.S. at US$1.99 in 9~14 days. Coffee/XL and Navy blue/M returned tracked Canada shipping at US$2.15 in 7~12 days; Navy blue/M returned U.S. US$2.15 in 8~13 days. Applied conservatively across mapped variants; content evidence and remediation remain required before activation."
"9326918009082","Men's High-Neck Base-Layer Top","thermal-underwear-tops-men-winter-clothes-thermal-shirt-autumn-mens-winter-tights-high-neck-thin-slim-fit-long-sleeve-t-shirt","DRAFT","no","49738558669050","Royal blue / XL","14:365458#Royal blue;5:100014065","True","5","18.99","6.30","3.38","yes","6.30","3.03","7~12 days sampled range","AliExpress Selection Standard; ships from CN; DSers displayed US$2.15 shipping; tracking available","5","FAIL_REPRICE_REQUIRED","6.30","US$1.99~2.15 sampled","8~14 days sampled range","AliExpress Selection Standard; ships from CN; tracking available","5","PASS_REPRESENTATIVE_SAMPLE_PENDING_US_STOREFRONT_PRICE","DSers Shipping info checked 2026-07-26. Coffee/3L had no Canada shipping but passed U.S. at US$1.99 in 9~14 days. Coffee/XL and Navy blue/M returned tracked Canada shipping at US$2.15 in 7~12 days; Navy blue/M returned U.S. US$2.15 in 8~13 days. Applied conservatively across mapped variants; content evidence and remediation remain required before activation."
"9326918009082","Men's High-Neck Base-Layer Top","thermal-underwear-tops-men-winter-clothes-thermal-shirt-autumn-mens-winter-tights-high-neck-thin-slim-fit-long-sleeve-t-shirt","DRAFT","no","49738559455482","White / 2L","14:771#White;5:4182#2L","True","20","21.99","7.79","3.46","yes","7.79","3.03","7~12 days sampled range","AliExpress Selection Standard; ships from CN; DSers displayed US$2.15 shipping; tracking available","20","FAIL_REPRICE_REQUIRED","7.79","US$1.99~2.15 sampled","8~14 days sampled range","AliExpress Selection Standard; ships from CN; tracking available","20","PASS_REPRESENTATIVE_SAMPLE_PENDING_US_STOREFRONT_PRICE","DSers Shipping info checked 2026-07-26. Coffee/3L had no Canada shipping but passed U.S. at US$1.99 in 9~14 days. Coffee/XL and Navy blue/M returned tracked Canada shipping at US$2.15 in 7~12 days; Navy blue/M returned U.S. US$2.15 in 8~13 days. Applied conservatively across mapped variants; content evidence and remediation remain required before activation."
"9326918009082","Men's High-Neck Base-Layer Top","thermal-underwear-tops-men-winter-clothes-thermal-shirt-autumn-mens-winter-tights-high-neck-thin-slim-fit-long-sleeve-t-shirt","DRAFT","no","49738559357178","White / 3L","14:771#White;5:4183#3L","True","2","18.99","6.60","3.08","yes","6.60","3.03","7~12 days sampled range","AliExpress Selection Standard; ships from CN; DSers displayed US$2.15 shipping; tracking available","2","FAIL_REPRICE_REQUIRED","6.60","US$1.99~2.15 sampled","8~14 days sampled range","AliExpress Selection Standard; ships from CN; tracking available","2","PASS_REPRESENTATIVE_SAMPLE_PENDING_US_STOREFRONT_PRICE","DSers Shipping info checked 2026-07-26. Coffee/3L had no Canada shipping but passed U.S. at US$1.99 in 9~14 days. Coffee/XL and Navy blue/M returned tracked Canada shipping at US$2.15 in 7~12 days; Navy blue/M returned U.S. US$2.15 in 8~13 days. Applied conservatively across mapped variants; content evidence and remediation remain required before activation."
"9326918009082","Men's High-Neck Base-Layer Top","thermal-underwear-tops-men-winter-clothes-thermal-shirt-autumn-mens-winter-tights-high-neck-thin-slim-fit-long-sleeve-t-shirt","DRAFT","no","49738559291642","White / L","14:771#White;5:361385","True","2","18.99","6.15","3.53","yes","6.15","3.03","7~12 days sampled range","AliExpress Selection Standard; ships from CN; DSers displayed US$2.15 shipping; tracking available","2","FAIL_REPRICE_REQUIRED","6.15","US$1.99~2.15 sampled","8~14 days sampled range","AliExpress Selection Standard; ships from CN; tracking available","2","PASS_REPRESENTATIVE_SAMPLE_PENDING_US_STOREFRONT_PRICE","DSers Shipping info checked 2026-07-26. Coffee/3L had no Canada shipping but passed U.S. at US$1.99 in 9~14 days. Coffee/XL and Navy blue/M returned tracked Canada shipping at US$2.15 in 7~12 days; Navy blue/M returned U.S. US$2.15 in 8~13 days. Applied conservatively across mapped variants; content evidence and remediation remain required before activation."
"9326918009082","Men's High-Neck Base-Layer Top","thermal-underwear-tops-men-winter-clothes-thermal-shirt-autumn-mens-winter-tights-high-neck-thin-slim-fit-long-sleeve-t-shirt","DRAFT","no","49738559258874","White / M","14:771#White;5:361386","True","2","17.99","5.98","3.17","yes","5.98","3.03","7~12 days sampled range","AliExpress Selection Standard; ships from CN; DSers displayed US$2.15 shipping; tracking available","2","FAIL_REPRICE_REQUIRED","5.98","US$1.99~2.15 sampled","8~14 days sampled range","AliExpress Selection Standard; ships from CN; tracking available","2","PASS_REPRESENTATIVE_SAMPLE_PENDING_US_STOREFRONT_PRICE","DSers Shipping info checked 2026-07-26. Coffee/3L had no Canada shipping but passed U.S. at US$1.99 in 9~14 days. Coffee/XL and Navy blue/M returned tracked Canada shipping at US$2.15 in 7~12 days; Navy blue/M returned U.S. US$2.15 in 8~13 days. Applied conservatively across mapped variants; content evidence and remediation remain required before activation."
"9326918009082","Men's High-Neck Base-Layer Top","thermal-underwear-tops-men-winter-clothes-thermal-shirt-autumn-mens-winter-tights-high-neck-thin-slim-fit-long-sleeve-t-shirt","DRAFT","no","49738559324410","White / S","14:771#White;5:100014064","True","69","19.99","7.05","3.15","yes","7.05","3.03","7~12 days sampled range","AliExpress Selection Standard; ships from CN; DSers displayed US$2.15 shipping; tracking available","69","FAIL_REPRICE_REQUIRED","7.05","US$1.99~2.15 sampled","8~14 days sampled range","AliExpress Selection Standard; ships from CN; tracking available","69","PASS_REPRESENTATIVE_SAMPLE_PENDING_US_STOREFRONT_PRICE","DSers Shipping info checked 2026-07-26. Coffee/3L had no Canada shipping but passed U.S. at US$1.99 in 9~14 days. Coffee/XL and Navy blue/M returned tracked Canada shipping at US$2.15 in 7~12 days; Navy blue/M returned U.S. US$2.15 in 8~13 days. Applied conservatively across mapped variants; content evidence and remediation remain required before activation."
"9326918009082","Men's High-Neck Base-Layer Top","thermal-underwear-tops-men-winter-clothes-thermal-shirt-autumn-mens-winter-tights-high-neck-thin-slim-fit-long-sleeve-t-shirt","DRAFT","no","49738559422714","White / XL","14:771#White;5:100014065","True","4","17.99","6.01","3.14","yes","6.01","3.03","7~12 days sampled range","AliExpress Selection Standard; ships from CN; DSers displayed US$2.15 shipping; tracking available","4","FAIL_REPRICE_REQUIRED","6.01","US$1.99~2.15 sampled","8~14 days sampled range","AliExpress Selection Standard; ships from CN; tracking available","4","PASS_REPRESENTATIVE_SAMPLE_PENDING_US_STOREFRONT_PRICE","DSers Shipping info checked 2026-07-26. Coffee/3L had no Canada shipping but passed U.S. at US$1.99 in 9~14 days. Coffee/XL and Navy blue/M returned tracked Canada shipping at US$2.15 in 7~12 days; Navy blue/M returned U.S. US$2.15 in 8~13 days. Applied conservatively across mapped variants; content evidence and remediation remain required before activation."
"9326918598906","Men's High-Neck Knit Sweater","2026-new-mens-high-neck-sweater-solid-color-pullover-knitted-warm-casual-turtleneck-sweatwear-woolen-mens-winter-outdoor-tops","ACTIVE","yes","49738569449722","L / Beige","14:771;5:361385","True","499","41.49","18.24","3.26","yes","18.24","3.03","8~13 days","AliExpress Selection Standard; ships from CN; representative DSers samples displayed US $2.15 shipping","24868","PASS_TIGHT_REPRICED","US$10.72~13.51","US$1.99","9~14 days","AliExpress Selection Standard; ships from CN; tracking available","24868","PASS_REPRESENTATIVE_SAMPLE_PENDING_US_STOREFRONT_PRICE","Representative DSers Canada quote on 2026-07-26 across five visible size/color SKUs: S/XL Dark Grey, L Dark Grey, and S/XL Beige. Four returned US $2.15 shipping with tracking; S-Dark Grey returned No Shipping. Representative CA$3.03 shipping was applied across mapped variants; rows below that cap fail economics. Repriced live to CA(@{product_id=9326918598906; product_title=Men's High-Neck Knit Sweater; handle=2026-new-mens-high-neck-sweater-solid-color-pullover-knitted-warm-casual-turtleneck-sweatwear-woolen-mens-winter-outdoor-tops; status=ACTIVE; launch_tag=yes; variant_id=49738569449722; variant_title=L / Beige; sku=14:771;5:361385; available_for_sale=True; inventory_quantity=499; price=41.49; unit_cost=18.24; canada_shipping_cap=3.26; needs_quote=yes; quote_item_cost=18.24; quote_shipping_cost=3.03; quote_delivery_window=8~13 days; quote_service=AliExpress Selection Standard; ships from CN; representative DSers samples displayed US $2.15 shipping; quote_stock=24868; quote_result=PASS_TIGHT_REPRICED; notes=Representative DSers Canada quote on 2026-07-26 across five visible size/color SKUs: S/XL Dark Grey, L Dark Grey, and S/XL Beige. Four returned US $2.15 shipping with tracking; S-Dark Grey returned No Shipping. Representative CA$3.03 shipping was applied across mapped variants; rows below that cap fail economics.}.price) on 2026-07-26; recalculated Canada shipping cap is CA(@{product_id=9326918598906; product_title=Men's High-Neck Knit Sweater; handle=2026-new-mens-high-neck-sweater-solid-color-pullover-knitted-warm-casual-turtleneck-sweatwear-woolen-mens-winter-outdoor-tops; status=ACTIVE; launch_tag=yes; variant_id=49738569449722; variant_title=L / Beige; sku=14:771;5:361385; available_for_sale=True; inventory_quantity=499; price=41.49; unit_cost=18.24; canada_shipping_cap=3.26; needs_quote=yes; quote_item_cost=18.24; quote_shipping_cost=3.03; quote_delivery_window=8~13 days; quote_service=AliExpress Selection Standard; ships from CN; representative DSers samples displayed US $2.15 shipping; quote_stock=24868; quote_result=PASS_TIGHT_REPRICED; notes=Representative DSers Canada quote on 2026-07-26 across five visible size/color SKUs: S/XL Dark Grey, L Dark Grey, and S/XL Beige. Four returned US $2.15 shipping with tracking; S-Dark Grey returned No Shipping. Representative CA$3.03 shipping was applied across mapped variants; rows below that cap fail economics.}.canada_shipping_cap). Representative U.S. DSers quote on 2026-07-26: XL/L Dark Grey and XL/S Beige returned US$1.99 shipping in 9~14 days, tracking available. Applied across remaining sellable mapped variants pending final spot-check."
"9326918598906","Men's High-Neck Knit Sweater","2026-new-mens-high-neck-sweater-solid-color-pullover-knitted-warm-casual-turtleneck-sweatwear-woolen-mens-winter-outdoor-tops","ACTIVE","yes","49738570268922","L / black","14:193;5:361385","True","7","40.49","17.74","3.23","yes","17.74","3.03","8~13 days","AliExpress Selection Standard; ships from CN; representative DSers samples displayed US $2.15 shipping","24868","PASS_REPRICED","US$10.72~13.51","US$1.99","9~14 days","AliExpress Selection Standard; ships from CN; tracking available","24868","PASS_REPRESENTATIVE_SAMPLE_PENDING_US_STOREFRONT_PRICE","Representative DSers Canada quote on 2026-07-26 across five visible size/color SKUs: S/XL Dark Grey, L Dark Grey, and S/XL Beige. Four returned US $2.15 shipping with tracking; S-Dark Grey returned No Shipping. Representative CA$3.03 shipping was applied across mapped variants; rows below that cap fail economics. Repriced live to CA(@{product_id=9326918598906; product_title=Men's High-Neck Knit Sweater; handle=2026-new-mens-high-neck-sweater-solid-color-pullover-knitted-warm-casual-turtleneck-sweatwear-woolen-mens-winter-outdoor-tops; status=ACTIVE; launch_tag=yes; variant_id=49738570268922; variant_title=L / black; sku=14:193;5:361385; available_for_sale=True; inventory_quantity=7; price=40.49; unit_cost=17.74; canada_shipping_cap=3.23; needs_quote=yes; quote_item_cost=17.74; quote_shipping_cost=3.03; quote_delivery_window=8~13 days; quote_service=AliExpress Selection Standard; ships from CN; representative DSers samples displayed US $2.15 shipping; quote_stock=24868; quote_result=PASS_TIGHT_REPRICED_LOW_STOCK; notes=Representative DSers Canada quote on 2026-07-26 across five visible size/color SKUs: S/XL Dark Grey, L Dark Grey, and S/XL Beige. Four returned US $2.15 shipping with tracking; S-Dark Grey returned No Shipping. Representative CA$3.03 shipping was applied across mapped variants; rows below that cap fail economics.}.price) on 2026-07-26; recalculated Canada shipping cap is CA(@{product_id=9326918598906; product_title=Men's High-Neck Knit Sweater; handle=2026-new-mens-high-neck-sweater-solid-color-pullover-knitted-warm-casual-turtleneck-sweatwear-woolen-mens-winter-outdoor-tops; status=ACTIVE; launch_tag=yes; variant_id=49738570268922; variant_title=L / black; sku=14:193;5:361385; available_for_sale=True; inventory_quantity=7; price=40.49; unit_cost=17.74; canada_shipping_cap=3.23; needs_quote=yes; quote_item_cost=17.74; quote_shipping_cost=3.03; quote_delivery_window=8~13 days; quote_service=AliExpress Selection Standard; ships from CN; representative DSers samples displayed US $2.15 shipping; quote_stock=24868; quote_result=PASS_TIGHT_REPRICED_LOW_STOCK; notes=Representative DSers Canada quote on 2026-07-26 across five visible size/color SKUs: S/XL Dark Grey, L Dark Grey, and S/XL Beige. Four returned US $2.15 shipping with tracking; S-Dark Grey returned No Shipping. Representative CA$3.03 shipping was applied across mapped variants; rows below that cap fail economics.}.canada_shipping_cap). Representative U.S. DSers quote on 2026-07-26: XL/L Dark Grey and XL/S Beige returned US$1.99 shipping in 9~14 days, tracking available. Applied across remaining sellable mapped variants pending final spot-check. Live Shopify price updated on 2026-07-26 to clear the verified CA$3.03 supplier-shipping floor at the 30% contribution gate."
"9326918598906","Men's High-Neck Knit Sweater","2026-new-mens-high-neck-sweater-solid-color-pullover-knitted-warm-casual-turtleneck-sweatwear-woolen-mens-winter-outdoor-tops","ACTIVE","yes","49738570498298","L / Burgundy","14:200002984;5:361385","True","498","39.99","17.37","3.34","yes","17.37","3.03","8~13 days","AliExpress Selection Standard; ships from CN; representative DSers samples displayed US $2.15 shipping","24868","PASS_REPRESENTATIVE_SAMPLE","US$10.72~13.51","US$1.99","9~14 days","AliExpress Selection Standard; ships from CN; tracking available","24868","PASS_REPRESENTATIVE_SAMPLE_PENDING_US_STOREFRONT_PRICE","Representative DSers Canada quote on 2026-07-26 across five visible size/color SKUs: S/XL Dark Grey, L Dark Grey, and S/XL Beige. Four returned US $2.15 shipping with tracking; S-Dark Grey returned No Shipping. Representative CA$3.03 shipping was applied across mapped variants; rows below that cap fail economics. Representative U.S. DSers quote on 2026-07-26: XL/L Dark Grey and XL/S Beige returned US$1.99 shipping in 9~14 days, tracking available. Applied across remaining sellable mapped variants pending final spot-check."
"9326918598906","Men's High-Neck Knit Sweater","2026-new-mens-high-neck-sweater-solid-color-pullover-knitted-warm-casual-turtleneck-sweatwear-woolen-mens-winter-outdoor-tops","ACTIVE","yes","49738569646330","L / Caramel","14:350852#Caramel;5:361385","True","500","44.49","19.86","3.21","yes","19.86","3.03","8~13 days","AliExpress Selection Standard; ships from CN; representative DSers samples displayed US $2.15 shipping","24868","PASS_REPRICED","US$10.72~13.51","US$1.99","9~14 days","AliExpress Selection Standard; ships from CN; tracking available","24868","PASS_REPRESENTATIVE_SAMPLE_PENDING_US_STOREFRONT_PRICE","Representative DSers Canada quote on 2026-07-26 across five visible size/color SKUs: S/XL Dark Grey, L Dark Grey, and S/XL Beige. Four returned US $2.15 shipping with tracking; S-Dark Grey returned No Shipping. Representative CA$3.03 shipping was applied across mapped variants; rows below that cap fail economics. Repriced live to CA(@{product_id=9326918598906; product_title=Men's High-Neck Knit Sweater; handle=2026-new-mens-high-neck-sweater-solid-color-pullover-knitted-warm-casual-turtleneck-sweatwear-woolen-mens-winter-outdoor-tops; status=ACTIVE; launch_tag=yes; variant_id=49738569646330; variant_title=L / Caramel; sku=14:350852#Caramel;5:361385; available_for_sale=True; inventory_quantity=500; price=44.49; unit_cost=19.86; canada_shipping_cap=3.21; needs_quote=yes; quote_item_cost=19.86; quote_shipping_cost=3.03; quote_delivery_window=8~13 days; quote_service=AliExpress Selection Standard; ships from CN; representative DSers samples displayed US $2.15 shipping; quote_stock=24868; quote_result=PASS_TIGHT_REPRICED; notes=Representative DSers Canada quote on 2026-07-26 across five visible size/color SKUs: S/XL Dark Grey, L Dark Grey, and S/XL Beige. Four returned US $2.15 shipping with tracking; S-Dark Grey returned No Shipping. Representative CA$3.03 shipping was applied across mapped variants; rows below that cap fail economics.}.price) on 2026-07-26; recalculated Canada shipping cap is CA(@{product_id=9326918598906; product_title=Men's High-Neck Knit Sweater; handle=2026-new-mens-high-neck-sweater-solid-color-pullover-knitted-warm-casual-turtleneck-sweatwear-woolen-mens-winter-outdoor-tops; status=ACTIVE; launch_tag=yes; variant_id=49738569646330; variant_title=L / Caramel; sku=14:350852#Caramel;5:361385; available_for_sale=True; inventory_quantity=500; price=44.49; unit_cost=19.86; canada_shipping_cap=3.21; needs_quote=yes; quote_item_cost=19.86; quote_shipping_cost=3.03; quote_delivery_window=8~13 days; quote_service=AliExpress Selection Standard; ships from CN; representative DSers samples displayed US $2.15 shipping; quote_stock=24868; quote_result=PASS_TIGHT_REPRICED; notes=Representative DSers Canada quote on 2026-07-26 across five visible size/color SKUs: S/XL Dark Grey, L Dark Grey, and S/XL Beige. Four returned US $2.15 shipping with tracking; S-Dark Grey returned No Shipping. Representative CA$3.03 shipping was applied across mapped variants; rows below that cap fail economics.}.canada_shipping_cap). Representative U.S. DSers quote on 2026-07-26: XL/L Dark Grey and XL/S Beige returned US$1.99 shipping in 9~14 days, tracking available. Applied across remaining sellable mapped variants pending final spot-check. Live Shopify price updated on 2026-07-26 to clear the verified CA$3.03 supplier-shipping floor at the 30% contribution gate."
"9326918598906","Men's High-Neck Knit Sweater","2026-new-mens-high-neck-sweater-solid-color-pullover-knitted-warm-casual-turtleneck-sweatwear-woolen-mens-winter-outdoor-tops","ACTIVE","yes","49738569908474","L / Coffee","14:365458#Coffee;5:361385","True","497","39.99","17.27","3.44","yes","17.27","3.03","8~13 days","AliExpress Selection Standard; ships from CN; representative DSers samples displayed US $2.15 shipping","24868","PASS_REPRESENTATIVE_SAMPLE","US$10.72~13.51","US$1.99","9~14 days","AliExpress Selection Standard; ships from CN; tracking available","24868","PASS_REPRESENTATIVE_SAMPLE_PENDING_US_STOREFRONT_PRICE","Representative DSers Canada quote on 2026-07-26 across five visible size/color SKUs: S/XL Dark Grey, L Dark Grey, and S/XL Beige. Four returned US $2.15 shipping with tracking; S-Dark Grey returned No Shipping. Representative CA$3.03 shipping was applied across mapped variants; rows below that cap fail economics. Representative U.S. DSers quote on 2026-07-26: XL/L Dark Grey and XL/S Beige returned US$1.99 shipping in 9~14 days, tracking available. Applied across remaining sellable mapped variants pending final spot-check."
"9326918598906","Men's High-Neck Knit Sweater","2026-new-mens-high-neck-sweater-solid-color-pullover-knitted-warm-casual-turtleneck-sweatwear-woolen-mens-winter-outdoor-tops","ACTIVE","yes","49738569384186","L / Dark Grey","14:200004890;5:361385","True","498","39.99","17.17","3.54","yes","17.17","3.03","8~13 days","AliExpress Selection Standard; ships from CN; representative DSers samples displayed US $2.15 shipping","24868","PASS_REPRESENTATIVE_SAMPLE","US$10.72~13.51","US$1.99","9~14 days","AliExpress Selection Standard; ships from CN; tracking available","24868","PASS_REPRESENTATIVE_SAMPLE_PENDING_US_STOREFRONT_PRICE","Representative DSers Canada quote on 2026-07-26 across five visible size/color SKUs: S/XL Dark Grey, L Dark Grey, and S/XL Beige. Four returned US $2.15 shipping with tracking; S-Dark Grey returned No Shipping. Representative CA$3.03 shipping was applied across mapped variants; rows below that cap fail economics. Representative U.S. DSers quote on 2026-07-26: XL/L Dark Grey and XL/S Beige returned US$1.99 shipping in 9~14 days, tracking available. Applied across remaining sellable mapped variants pending final spot-check."
"9326918598906","Men's High-Neck Knit Sweater","2026-new-mens-high-neck-sweater-solid-color-pullover-knitted-warm-casual-turtleneck-sweatwear-woolen-mens-winter-outdoor-tops","ACTIVE","yes","49738570203386","L / Light Grey","14:200006151;5:361385","True","500","44.49","19.86","3.21","yes","19.86","3.03","8~13 days","AliExpress Selection Standard; ships from CN; representative DSers samples displayed US $2.15 shipping","24868","PASS_REPRICED","US$10.72~13.51","US$1.99","9~14 days","AliExpress Selection Standard; ships from CN; tracking available","24868","PASS_REPRESENTATIVE_SAMPLE_PENDING_US_STOREFRONT_PRICE","Representative DSers Canada quote on 2026-07-26 across five visible size/color SKUs: S/XL Dark Grey, L Dark Grey, and S/XL Beige. Four returned US $2.15 shipping with tracking; S-Dark Grey returned No Shipping. Representative CA$3.03 shipping was applied across mapped variants; rows below that cap fail economics. Repriced live to CA(@{product_id=9326918598906; product_title=Men's High-Neck Knit Sweater; handle=2026-new-mens-high-neck-sweater-solid-color-pullover-knitted-warm-casual-turtleneck-sweatwear-woolen-mens-winter-outdoor-tops; status=ACTIVE; launch_tag=yes; variant_id=49738570203386; variant_title=L / Light Grey; sku=14:200006151;5:361385; available_for_sale=True; inventory_quantity=500; price=44.49; unit_cost=19.86; canada_shipping_cap=3.21; needs_quote=yes; quote_item_cost=19.86; quote_shipping_cost=3.03; quote_delivery_window=8~13 days; quote_service=AliExpress Selection Standard; ships from CN; representative DSers samples displayed US $2.15 shipping; quote_stock=24868; quote_result=PASS_TIGHT_REPRICED; notes=Representative DSers Canada quote on 2026-07-26 across five visible size/color SKUs: S/XL Dark Grey, L Dark Grey, and S/XL Beige. Four returned US $2.15 shipping with tracking; S-Dark Grey returned No Shipping. Representative CA$3.03 shipping was applied across mapped variants; rows below that cap fail economics.}.price) on 2026-07-26; recalculated Canada shipping cap is CA(@{product_id=9326918598906; product_title=Men's High-Neck Knit Sweater; handle=2026-new-mens-high-neck-sweater-solid-color-pullover-knitted-warm-casual-turtleneck-sweatwear-woolen-mens-winter-outdoor-tops; status=ACTIVE; launch_tag=yes; variant_id=49738570203386; variant_title=L / Light Grey; sku=14:200006151;5:361385; available_for_sale=True; inventory_quantity=500; price=44.49; unit_cost=19.86; canada_shipping_cap=3.21; needs_quote=yes; quote_item_cost=19.86; quote_shipping_cost=3.03; quote_delivery_window=8~13 days; quote_service=AliExpress Selection Standard; ships from CN; representative DSers samples displayed US $2.15 shipping; quote_stock=24868; quote_result=PASS_TIGHT_REPRICED; notes=Representative DSers Canada quote on 2026-07-26 across five visible size/color SKUs: S/XL Dark Grey, L Dark Grey, and S/XL Beige. Four returned US $2.15 shipping with tracking; S-Dark Grey returned No Shipping. Representative CA$3.03 shipping was applied across mapped variants; rows below that cap fail economics.}.canada_shipping_cap). Representative U.S. DSers quote on 2026-07-26: XL/L Dark Grey and XL/S Beige returned US$1.99 shipping in 9~14 days, tracking available. Applied across remaining sellable mapped variants pending final spot-check. Live Shopify price updated on 2026-07-26 to clear the verified CA$3.03 supplier-shipping floor at the 30% contribution gate."
"9326918598906","Men's High-Neck Knit Sweater","2026-new-mens-high-neck-sweater-solid-color-pullover-knitted-warm-casual-turtleneck-sweatwear-woolen-mens-winter-outdoor-tops","ACTIVE","yes","49738569679098","L / Navy Blue","14:201800840;5:361385","True","496","39.99","17.23","3.48","yes","17.23","3.03","8~13 days","AliExpress Selection Standard; ships from CN; representative DSers samples displayed US $2.15 shipping","24868","PASS_REPRESENTATIVE_SAMPLE","US$10.72~13.51","US$1.99","9~14 days","AliExpress Selection Standard; ships from CN; tracking available","24868","PASS_REPRESENTATIVE_SAMPLE_PENDING_US_STOREFRONT_PRICE","Representative DSers Canada quote on 2026-07-26 across five visible size/color SKUs: S/XL Dark Grey, L Dark Grey, and S/XL Beige. Four returned US $2.15 shipping with tracking; S-Dark Grey returned No Shipping. Representative CA$3.03 shipping was applied across mapped variants; rows below that cap fail economics. Representative U.S. DSers quote on 2026-07-26: XL/L Dark Grey and XL/S Beige returned US$1.99 shipping in 9~14 days, tracking available. Applied across remaining sellable mapped variants pending final spot-check."
"9326918598906","Men's High-Neck Knit Sweater","2026-new-mens-high-neck-sweater-solid-color-pullover-knitted-warm-casual-turtleneck-sweatwear-woolen-mens-winter-outdoor-tops","ACTIVE","yes","49738569613562","L / WHITE","14:29;5:361385","True","496","39.99","17.19","3.52","yes","17.19","3.03","8~13 days","AliExpress Selection Standard; ships from CN; representative DSers samples displayed US $2.15 shipping","24868","PASS_REPRESENTATIVE_SAMPLE","US$10.72~13.51","US$1.99","9~14 days","AliExpress Selection Standard; ships from CN; tracking available","24868","PASS_REPRESENTATIVE_SAMPLE_PENDING_US_STOREFRONT_PRICE","Representative DSers Canada quote on 2026-07-26 across five visible size/color SKUs: S/XL Dark Grey, L Dark Grey, and S/XL Beige. Four returned US $2.15 shipping with tracking; S-Dark Grey returned No Shipping. Representative CA$3.03 shipping was applied across mapped variants; rows below that cap fail economics. Representative U.S. DSers quote on 2026-07-26: XL/L Dark Grey and XL/S Beige returned US$1.99 shipping in 9~14 days, tracking available. Applied across remaining sellable mapped variants pending final spot-check."
"9326918598906","Men's High-Neck Knit Sweater","2026-new-mens-high-neck-sweater-solid-color-pullover-knitted-warm-casual-turtleneck-sweatwear-woolen-mens-winter-outdoor-tops","ACTIVE","yes","49738569416954","M / Beige","14:771;5:361386","True","493","39.99","15.95","4.76","yes","15.95","3.03","8~13 days","AliExpress Selection Standard; ships from CN; representative DSers samples displayed US $2.15 shipping","24868","PASS_REPRESENTATIVE_SAMPLE","US$10.72~13.51","US$1.99","9~14 days","AliExpress Selection Standard; ships from CN; tracking available","24868","PASS_REPRESENTATIVE_SAMPLE_PENDING_US_STOREFRONT_PRICE","Representative DSers Canada quote on 2026-07-26 across five visible size/color SKUs: S/XL Dark Grey, L Dark Grey, and S/XL Beige. Four returned US $2.15 shipping with tracking; S-Dark Grey returned No Shipping. Representative CA$3.03 shipping was applied across mapped variants; rows below that cap fail economics. Representative U.S. DSers quote on 2026-07-26: XL/L Dark Grey and XL/S Beige returned US$1.99 shipping in 9~14 days, tracking available. Applied across remaining sellable mapped variants pending final spot-check."
"9326918598906","Men's High-Neck Knit Sweater","2026-new-mens-high-neck-sweater-solid-color-pullover-knitted-warm-casual-turtleneck-sweatwear-woolen-mens-winter-outdoor-tops","ACTIVE","yes","49738570301690","M / black","14:193;5:361386","True","8","40.49","17.71","3.26","yes","17.71","3.03","8~13 days","AliExpress Selection Standard; ships from CN; representative DSers samples displayed US $2.15 shipping","24868","PASS_REPRICED","US$10.72~13.51","US$1.99","9~14 days","AliExpress Selection Standard; ships from CN; tracking available","24868","PASS_REPRESENTATIVE_SAMPLE_PENDING_US_STOREFRONT_PRICE","Representative DSers Canada quote on 2026-07-26 across five visible size/color SKUs: S/XL Dark Grey, L Dark Grey, and S/XL Beige. Four returned US $2.15 shipping with tracking; S-Dark Grey returned No Shipping. Representative CA$3.03 shipping was applied across mapped variants; rows below that cap fail economics. Repriced live to CA(@{product_id=9326918598906; product_title=Men's High-Neck Knit Sweater; handle=2026-new-mens-high-neck-sweater-solid-color-pullover-knitted-warm-casual-turtleneck-sweatwear-woolen-mens-winter-outdoor-tops; status=ACTIVE; launch_tag=yes; variant_id=49738570301690; variant_title=M / black; sku=14:193;5:361386; available_for_sale=True; inventory_quantity=8; price=40.49; unit_cost=17.71; canada_shipping_cap=3.26; needs_quote=yes; quote_item_cost=17.71; quote_shipping_cost=3.03; quote_delivery_window=8~13 days; quote_service=AliExpress Selection Standard; ships from CN; representative DSers samples displayed US $2.15 shipping; quote_stock=24868; quote_result=PASS_TIGHT_REPRICED_LOW_STOCK; notes=Representative DSers Canada quote on 2026-07-26 across five visible size/color SKUs: S/XL Dark Grey, L Dark Grey, and S/XL Beige. Four returned US $2.15 shipping with tracking; S-Dark Grey returned No Shipping. Representative CA$3.03 shipping was applied across mapped variants; rows below that cap fail economics.}.price) on 2026-07-26; recalculated Canada shipping cap is CA(@{product_id=9326918598906; product_title=Men's High-Neck Knit Sweater; handle=2026-new-mens-high-neck-sweater-solid-color-pullover-knitted-warm-casual-turtleneck-sweatwear-woolen-mens-winter-outdoor-tops; status=ACTIVE; launch_tag=yes; variant_id=49738570301690; variant_title=M / black; sku=14:193;5:361386; available_for_sale=True; inventory_quantity=8; price=40.49; unit_cost=17.71; canada_shipping_cap=3.26; needs_quote=yes; quote_item_cost=17.71; quote_shipping_cost=3.03; quote_delivery_window=8~13 days; quote_service=AliExpress Selection Standard; ships from CN; representative DSers samples displayed US $2.15 shipping; quote_stock=24868; quote_result=PASS_TIGHT_REPRICED_LOW_STOCK; notes=Representative DSers Canada quote on 2026-07-26 across five visible size/color SKUs: S/XL Dark Grey, L Dark Grey, and S/XL Beige. Four returned US $2.15 shipping with tracking; S-Dark Grey returned No Shipping. Representative CA$3.03 shipping was applied across mapped variants; rows below that cap fail economics.}.canada_shipping_cap). Representative U.S. DSers quote on 2026-07-26: XL/L Dark Grey and XL/S Beige returned US$1.99 shipping in 9~14 days, tracking available. Applied across remaining sellable mapped variants pending final spot-check. Live Shopify price updated on 2026-07-26 to clear the verified CA$3.03 supplier-shipping floor at the 30% contribution gate."
"9326918598906","Men's High-Neck Knit Sweater","2026-new-mens-high-neck-sweater-solid-color-pullover-knitted-warm-casual-turtleneck-sweatwear-woolen-mens-winter-outdoor-tops","ACTIVE","yes","49738570727674","M / Burgundy","14:200002984;5:361386","True","495","39.99","17.44","3.27","yes","17.44","3.03","8~13 days","AliExpress Selection Standard; ships from CN; representative DSers samples displayed US $2.15 shipping","24868","PASS_REPRESENTATIVE_SAMPLE","US$10.72~13.51","US$1.99","9~14 days","AliExpress Selection Standard; ships from CN; tracking available","24868","PASS_REPRESENTATIVE_SAMPLE_PENDING_US_STOREFRONT_PRICE","Representative DSers Canada quote on 2026-07-26 across five visible size/color SKUs: S/XL Dark Grey, L Dark Grey, and S/XL Beige. Four returned US $2.15 shipping with tracking; S-Dark Grey returned No Shipping. Representative CA$3.03 shipping was applied across mapped variants; rows below that cap fail economics. Representative U.S. DSers quote on 2026-07-26: XL/L Dark Grey and XL/S Beige returned US$1.99 shipping in 9~14 days, tracking available. Applied across remaining sellable mapped variants pending final spot-check."
"9326918598906","Men's High-Neck Knit Sweater","2026-new-mens-high-neck-sweater-solid-color-pullover-knitted-warm-casual-turtleneck-sweatwear-woolen-mens-winter-outdoor-tops","ACTIVE","yes","49738569580794","M / Caramel","14:350852#Caramel;5:361386","True","496","39.99","17.07","3.64","yes","17.07","3.03","8~13 days","AliExpress Selection Standard; ships from CN; representative DSers samples displayed US $2.15 shipping","24868","PASS_REPRESENTATIVE_SAMPLE","US$10.72~13.51","US$1.99","9~14 days","AliExpress Selection Standard; ships from CN; tracking available","24868","PASS_REPRESENTATIVE_SAMPLE_PENDING_US_STOREFRONT_PRICE","Representative DSers Canada quote on 2026-07-26 across five visible size/color SKUs: S/XL Dark Grey, L Dark Grey, and S/XL Beige. Four returned US $2.15 shipping with tracking; S-Dark Grey returned No Shipping. Representative CA$3.03 shipping was applied across mapped variants; rows below that cap fail economics. Representative U.S. DSers quote on 2026-07-26: XL/L Dark Grey and XL/S Beige returned US$1.99 shipping in 9~14 days, tracking available. Applied across remaining sellable mapped variants pending final spot-check."
"9326918598906","Men's High-Neck Knit Sweater","2026-new-mens-high-neck-sweater-solid-color-pullover-knitted-warm-casual-turtleneck-sweatwear-woolen-mens-winter-outdoor-tops","ACTIVE","yes","49738569842938","M / Coffee","14:365458#Coffee;5:361386","True","495","39.99","17.13","3.58","yes","17.13","3.03","8~13 days","AliExpress Selection Standard; ships from CN; representative DSers samples displayed US $2.15 shipping","24868","PASS_REPRESENTATIVE_SAMPLE","US$10.72~13.51","US$1.99","9~14 days","AliExpress Selection Standard; ships from CN; tracking available","24868","PASS_REPRESENTATIVE_SAMPLE_PENDING_US_STOREFRONT_PRICE","Representative DSers Canada quote on 2026-07-26 across five visible size/color SKUs: S/XL Dark Grey, L Dark Grey, and S/XL Beige. Four returned US $2.15 shipping with tracking; S-Dark Grey returned No Shipping. Representative CA$3.03 shipping was applied across mapped variants; rows below that cap fail economics. Representative U.S. DSers quote on 2026-07-26: XL/L Dark Grey and XL/S Beige returned US$1.99 shipping in 9~14 days, tracking available. Applied across remaining sellable mapped variants pending final spot-check."
"9326918598906","Men's High-Neck Knit Sweater","2026-new-mens-high-neck-sweater-solid-color-pullover-knitted-warm-casual-turtleneck-sweatwear-woolen-mens-winter-outdoor-tops","ACTIVE","yes","49738569548026","M / Dark Grey","14:200004890;5:361386","True","491","39.99","17.13","3.58","yes","17.13","3.03","8~13 days","AliExpress Selection Standard; ships from CN; representative DSers samples displayed US $2.15 shipping","24868","PASS_REPRESENTATIVE_SAMPLE","US$10.72~13.51","US$1.99","9~14 days","AliExpress Selection Standard; ships from CN; tracking available","24868","PASS_REPRESENTATIVE_SAMPLE_PENDING_US_STOREFRONT_PRICE","Representative DSers Canada quote on 2026-07-26 across five visible size/color SKUs: S/XL Dark Grey, L Dark Grey, and S/XL Beige. Four returned US $2.15 shipping with tracking; S-Dark Grey returned No Shipping. Representative CA$3.03 shipping was applied across mapped variants; rows below that cap fail economics. Representative U.S. DSers quote on 2026-07-26: XL/L Dark Grey and XL/S Beige returned US$1.99 shipping in 9~14 days, tracking available. Applied across remaining sellable mapped variants pending final spot-check."
"9326918598906","Men's High-Neck Knit Sweater","2026-new-mens-high-neck-sweater-solid-color-pullover-knitted-warm-casual-turtleneck-sweatwear-woolen-mens-winter-outdoor-tops","ACTIVE","yes","49738570072314","M / Light Grey","14:200006151;5:361386","True","496","39.99","17.17","3.54","yes","17.17","3.03","8~13 days","AliExpress Selection Standard; ships from CN; representative DSers samples displayed US $2.15 shipping","24868","PASS_REPRESENTATIVE_SAMPLE","US$10.72~13.51","US$1.99","9~14 days","AliExpress Selection Standard; ships from CN; tracking available","24868","PASS_REPRESENTATIVE_SAMPLE_PENDING_US_STOREFRONT_PRICE","Representative DSers Canada quote on 2026-07-26 across five visible size/color SKUs: S/XL Dark Grey, L Dark Grey, and S/XL Beige. Four returned US $2.15 shipping with tracking; S-Dark Grey returned No Shipping. Representative CA$3.03 shipping was applied across mapped variants; rows below that cap fail economics. Representative U.S. DSers quote on 2026-07-26: XL/L Dark Grey and XL/S Beige returned US$1.99 shipping in 9~14 days, tracking available. Applied across remaining sellable mapped variants pending final spot-check."
"9326918598906","Men's High-Neck Knit Sweater","2026-new-mens-high-neck-sweater-solid-color-pullover-knitted-warm-casual-turtleneck-sweatwear-woolen-mens-winter-outdoor-tops","ACTIVE","yes","49738569744634","M / Navy Blue","14:201800840;5:361386","True","497","39.99","17.12","3.59","yes","17.12","3.03","8~13 days","AliExpress Selection Standard; ships from CN; representative DSers samples displayed US $2.15 shipping","24868","PASS_REPRESENTATIVE_SAMPLE","US$10.72~13.51","US$1.99","9~14 days","AliExpress Selection Standard; ships from CN; tracking available","24868","PASS_REPRESENTATIVE_SAMPLE_PENDING_US_STOREFRONT_PRICE","Representative DSers Canada quote on 2026-07-26 across five visible size/color SKUs: S/XL Dark Grey, L Dark Grey, and S/XL Beige. Four returned US $2.15 shipping with tracking; S-Dark Grey returned No Shipping. Representative CA$3.03 shipping was applied across mapped variants; rows below that cap fail economics. Representative U.S. DSers quote on 2026-07-26: XL/L Dark Grey and XL/S Beige returned US$1.99 shipping in 9~14 days, tracking available. Applied across remaining sellable mapped variants pending final spot-check."
"9326918598906","Men's High-Neck Knit Sweater","2026-new-mens-high-neck-sweater-solid-color-pullover-knitted-warm-casual-turtleneck-sweatwear-woolen-mens-winter-outdoor-tops","ACTIVE","yes","49738569941242","M / WHITE","14:29;5:361386","True","497","39.99","16.93","3.78","yes","16.93","3.03","8~13 days","AliExpress Selection Standard; ships from CN; representative DSers samples displayed US $2.15 shipping","24868","PASS_REPRESENTATIVE_SAMPLE","US$10.72~13.51","US$1.99","9~14 days","AliExpress Selection Standard; ships from CN; tracking available","24868","PASS_REPRESENTATIVE_SAMPLE_PENDING_US_STOREFRONT_PRICE","Representative DSers Canada quote on 2026-07-26 across five visible size/color SKUs: S/XL Dark Grey, L Dark Grey, and S/XL Beige. Four returned US $2.15 shipping with tracking; S-Dark Grey returned No Shipping. Representative CA$3.03 shipping was applied across mapped variants; rows below that cap fail economics. Representative U.S. DSers quote on 2026-07-26: XL/L Dark Grey and XL/S Beige returned US$1.99 shipping in 9~14 days, tracking available. Applied across remaining sellable mapped variants pending final spot-check."
"9326918598906","Men's High-Neck Knit Sweater","2026-new-mens-high-neck-sweater-solid-color-pullover-knitted-warm-casual-turtleneck-sweatwear-woolen-mens-winter-outdoor-tops","ACTIVE","yes","49738569482490","S / Beige","14:771;5:100014064","True","494","39.99","17.21","3.50","yes","17.21","3.03","8~13 days","AliExpress Selection Standard; ships from CN; representative DSers samples displayed US $2.15 shipping","24868","PASS_REPRESENTATIVE_SAMPLE","US$10.72~13.51","US$1.99","9~14 days","AliExpress Selection Standard; ships from CN; tracking available","24868","PASS_REPRESENTATIVE_SAMPLE_PENDING_US_STOREFRONT_PRICE","Representative DSers Canada quote on 2026-07-26 across five visible size/color SKUs: S/XL Dark Grey, L Dark Grey, and S/XL Beige. Four returned US $2.15 shipping with tracking; S-Dark Grey returned No Shipping. Representative CA$3.03 shipping was applied across mapped variants; rows below that cap fail economics. Representative U.S. DSers quote on 2026-07-26: XL/L Dark Grey and XL/S Beige returned US$1.99 shipping in 9~14 days, tracking available. Applied across remaining sellable mapped variants pending final spot-check."
"9326918598906","Men's High-Neck Knit Sweater","2026-new-mens-high-neck-sweater-solid-color-pullover-knitted-warm-casual-turtleneck-sweatwear-woolen-mens-winter-outdoor-tops","ACTIVE","yes","49738569515258","S / black","14:193;5:100014064","True","497","39.99","17.17","3.54","yes","17.17","3.03","8~13 days","AliExpress Selection Standard; ships from CN; representative DSers samples displayed US $2.15 shipping","24868","PASS_REPRESENTATIVE_SAMPLE","US$10.72~13.51","US$1.99","9~14 days","AliExpress Selection Standard; ships from CN; tracking available","24868","PASS_REPRESENTATIVE_SAMPLE_PENDING_US_STOREFRONT_PRICE","Representative DSers Canada quote on 2026-07-26 across five visible size/color SKUs: S/XL Dark Grey, L Dark Grey, and S/XL Beige. Four returned US $2.15 shipping with tracking; S-Dark Grey returned No Shipping. Representative CA$3.03 shipping was applied across mapped variants; rows below that cap fail economics. Representative U.S. DSers quote on 2026-07-26: XL/L Dark Grey and XL/S Beige returned US$1.99 shipping in 9~14 days, tracking available. Applied across remaining sellable mapped variants pending final spot-check."
"9326918598906","Men's High-Neck Knit Sweater","2026-new-mens-high-neck-sweater-solid-color-pullover-knitted-warm-casual-turtleneck-sweatwear-woolen-mens-winter-outdoor-tops","ACTIVE","yes","49738570891514","S / Burgundy","14:200002984;5:100014064","True","499","39.99","17.21","3.50","yes","17.21","3.03","8~13 days","AliExpress Selection Standard; ships from CN; representative DSers samples displayed US $2.15 shipping","24868","PASS_REPRESENTATIVE_SAMPLE","US$10.72~13.51","US$1.99","9~14 days","AliExpress Selection Standard; ships from CN; tracking available","24868","PASS_REPRESENTATIVE_SAMPLE_PENDING_US_STOREFRONT_PRICE","Representative DSers Canada quote on 2026-07-26 across five visible size/color SKUs: S/XL Dark Grey, L Dark Grey, and S/XL Beige. Four returned US $2.15 shipping with tracking; S-Dark Grey returned No Shipping. Representative CA$3.03 shipping was applied across mapped variants; rows below that cap fail economics. Representative U.S. DSers quote on 2026-07-26: XL/L Dark Grey and XL/S Beige returned US$1.99 shipping in 9~14 days, tracking available. Applied across remaining sellable mapped variants pending final spot-check."
"9326918598906","Men's High-Neck Knit Sweater","2026-new-mens-high-neck-sweater-solid-color-pullover-knitted-warm-casual-turtleneck-sweatwear-woolen-mens-winter-outdoor-tops","ACTIVE","yes","49738569777402","S / Caramel","14:350852#Caramel;5:100014064","True","499","39.99","16.99","3.72","yes","16.99","3.03","8~13 days","AliExpress Selection Standard; ships from CN; representative DSers samples displayed US $2.15 shipping","24868","PASS_REPRESENTATIVE_SAMPLE","US$10.72~13.51","US$1.99","9~14 days","AliExpress Selection Standard; ships from CN; tracking available","24868","PASS_REPRESENTATIVE_SAMPLE_PENDING_US_STOREFRONT_PRICE","Representative DSers Canada quote on 2026-07-26 across five visible size/color SKUs: S/XL Dark Grey, L Dark Grey, and S/XL Beige. Four returned US $2.15 shipping with tracking; S-Dark Grey returned No Shipping. Representative CA$3.03 shipping was applied across mapped variants; rows below that cap fail economics. Representative U.S. DSers quote on 2026-07-26: XL/L Dark Grey and XL/S Beige returned US$1.99 shipping in 9~14 days, tracking available. Applied across remaining sellable mapped variants pending final spot-check."
"9326918598906","Men's High-Neck Knit Sweater","2026-new-mens-high-neck-sweater-solid-color-pullover-knitted-warm-casual-turtleneck-sweatwear-woolen-mens-winter-outdoor-tops","ACTIVE","yes","49738570793210","S / Coffee","14:365458#Coffee;5:100014064","True","498","39.99","17.19","3.52","yes","17.19","3.03","8~13 days","AliExpress Selection Standard; ships from CN; representative DSers samples displayed US $2.15 shipping","24868","PASS_REPRESENTATIVE_SAMPLE","US$10.72~13.51","US$1.99","9~14 days","AliExpress Selection Standard; ships from CN; tracking available","24868","PASS_REPRESENTATIVE_SAMPLE_PENDING_US_STOREFRONT_PRICE","Representative DSers Canada quote on 2026-07-26 across five visible size/color SKUs: S/XL Dark Grey, L Dark Grey, and S/XL Beige. Four returned US $2.15 shipping with tracking; S-Dark Grey returned No Shipping. Representative CA$3.03 shipping was applied across mapped variants; rows below that cap fail economics. Representative U.S. DSers quote on 2026-07-26: XL/L Dark Grey and XL/S Beige returned US$1.99 shipping in 9~14 days, tracking available. Applied across remaining sellable mapped variants pending final spot-check."
"9326918598906","Men's High-Neck Knit Sweater","2026-new-mens-high-neck-sweater-solid-color-pullover-knitted-warm-casual-turtleneck-sweatwear-woolen-mens-winter-outdoor-tops","ACTIVE","yes","49738569285882","S / Dark Grey","14:200004890;5:100014064","False","0","39.99","17.19","3.52","yes","17.19","NO_SHIPPING","No Shipping sampled","DSers returned No Shipping to Canada for sampled S-Dark Grey SKU","24868","EXCLUDED_VARIANT_DISABLED","US$10.72~13.51","NO SHIPPING","","","24868","FAIL_NO_US_SHIPPING","Representative DSers Canada quote on 2026-07-26 across five visible size/color SKUs: S/XL Dark Grey, L Dark Grey, and S/XL Beige. Four returned US $2.15 shipping with tracking; S-Dark Grey returned No Shipping. Representative CA$3.03 shipping was applied across mapped variants; rows below that cap fail economics. Live available inventory was set to 0 and continue-selling-when-out-of-stock was turned off on 2026-07-26 because this exact option has no Canada shipping. U.S. quote checked in DSers on 2026-07-26: exact S-Dark Grey supplier SKU returned no shipping; this variant is already disabled with zero inventory."
"9326918598906","Men's High-Neck Knit Sweater","2026-new-mens-high-neck-sweater-solid-color-pullover-knitted-warm-casual-turtleneck-sweatwear-woolen-mens-winter-outdoor-tops","ACTIVE","yes","49738570039546","S / Light Grey","14:200006151;5:100014064","True","497","39.99","17.17","3.54","yes","17.17","3.03","8~13 days","AliExpress Selection Standard; ships from CN; representative DSers samples displayed US $2.15 shipping","24868","PASS_REPRESENTATIVE_SAMPLE","US$10.72~13.51","US$1.99","9~14 days","AliExpress Selection Standard; ships from CN; tracking available","24868","PASS_REPRESENTATIVE_SAMPLE_PENDING_US_STOREFRONT_PRICE","Representative DSers Canada quote on 2026-07-26 across five visible size/color SKUs: S/XL Dark Grey, L Dark Grey, and S/XL Beige. Four returned US $2.15 shipping with tracking; S-Dark Grey returned No Shipping. Representative CA$3.03 shipping was applied across mapped variants; rows below that cap fail economics. Representative U.S. DSers quote on 2026-07-26: XL/L Dark Grey and XL/S Beige returned US$1.99 shipping in 9~14 days, tracking available. Applied across remaining sellable mapped variants pending final spot-check."
"9326918598906","Men's High-Neck Knit Sweater","2026-new-mens-high-neck-sweater-solid-color-pullover-knitted-warm-casual-turtleneck-sweatwear-woolen-mens-winter-outdoor-tops","ACTIVE","yes","49738569810170","S / Navy Blue","14:201800840;5:100014064","True","498","39.99","17.02","3.69","yes","17.02","3.03","8~13 days","AliExpress Selection Standard; ships from CN; representative DSers samples displayed US $2.15 shipping","24868","PASS_REPRESENTATIVE_SAMPLE","US$10.72~13.51","US$1.99","9~14 days","AliExpress Selection Standard; ships from CN; tracking available","24868","PASS_REPRESENTATIVE_SAMPLE_PENDING_US_STOREFRONT_PRICE","Representative DSers Canada quote on 2026-07-26 across five visible size/color SKUs: S/XL Dark Grey, L Dark Grey, and S/XL Beige. Four returned US $2.15 shipping with tracking; S-Dark Grey returned No Shipping. Representative CA$3.03 shipping was applied across mapped variants; rows below that cap fail economics. Representative U.S. DSers quote on 2026-07-26: XL/L Dark Grey and XL/S Beige returned US$1.99 shipping in 9~14 days, tracking available. Applied across remaining sellable mapped variants pending final spot-check."
"9326918598906","Men's High-Neck Knit Sweater","2026-new-mens-high-neck-sweater-solid-color-pullover-knitted-warm-casual-turtleneck-sweatwear-woolen-mens-winter-outdoor-tops","ACTIVE","yes","49738570760442","S / WHITE","14:29;5:100014064","True","495","39.99","16.91","3.80","yes","16.91","3.03","8~13 days","AliExpress Selection Standard; ships from CN; representative DSers samples displayed US $2.15 shipping","24868","PASS_REPRESENTATIVE_SAMPLE","US$10.72~13.51","US$1.99","9~14 days","AliExpress Selection Standard; ships from CN; tracking available","24868","PASS_REPRESENTATIVE_SAMPLE_PENDING_US_STOREFRONT_PRICE","Representative DSers Canada quote on 2026-07-26 across five visible size/color SKUs: S/XL Dark Grey, L Dark Grey, and S/XL Beige. Four returned US $2.15 shipping with tracking; S-Dark Grey returned No Shipping. Representative CA$3.03 shipping was applied across mapped variants; rows below that cap fail economics. Representative U.S. DSers quote on 2026-07-26: XL/L Dark Grey and XL/S Beige returned US$1.99 shipping in 9~14 days, tracking available. Applied across remaining sellable mapped variants pending final spot-check."
"9326918598906","Men's High-Neck Knit Sweater","2026-new-mens-high-neck-sweater-solid-color-pullover-knitted-warm-casual-turtleneck-sweatwear-woolen-mens-winter-outdoor-tops","ACTIVE","yes","49738569351418","XL / Beige","14:771;5:100014065","True","496","39.99","17.37","3.34","yes","17.37","3.03","8~13 days","AliExpress Selection Standard; ships from CN; representative DSers samples displayed US $2.15 shipping","24868","PASS_REPRESENTATIVE_SAMPLE","US$10.72~13.51","US$1.99","9~14 days","AliExpress Selection Standard; ships from CN; tracking available","24868","PASS_REPRESENTATIVE_SAMPLE_PENDING_US_STOREFRONT_PRICE","Representative DSers Canada quote on 2026-07-26 across five visible size/color SKUs: S/XL Dark Grey, L Dark Grey, and S/XL Beige. Four returned US $2.15 shipping with tracking; S-Dark Grey returned No Shipping. Representative CA$3.03 shipping was applied across mapped variants; rows below that cap fail economics. Representative U.S. DSers quote on 2026-07-26: XL/L Dark Grey and XL/S Beige returned US$1.99 shipping in 9~14 days, tracking available. Applied across remaining sellable mapped variants pending final spot-check."
"9326918598906","Men's High-Neck Knit Sweater","2026-new-mens-high-neck-sweater-solid-color-pullover-knitted-warm-casual-turtleneck-sweatwear-woolen-mens-winter-outdoor-tops","ACTIVE","yes","49738570334458","XL / black","14:193;5:100014065","True","5","39.99","15.75","4.96","yes","15.75","3.03","8~13 days","AliExpress Selection Standard; ships from CN; representative DSers samples displayed US $2.15 shipping","24868","PASS_REPRESENTATIVE_SAMPLE","US$10.72~13.51","US$1.99","9~14 days","AliExpress Selection Standard; ships from CN; tracking available","24868","PASS_REPRESENTATIVE_SAMPLE_PENDING_US_STOREFRONT_PRICE","Representative DSers Canada quote on 2026-07-26 across five visible size/color SKUs: S/XL Dark Grey, L Dark Grey, and S/XL Beige. Four returned US $2.15 shipping with tracking; S-Dark Grey returned No Shipping. Representative CA$3.03 shipping was applied across mapped variants; rows below that cap fail economics. Representative U.S. DSers quote on 2026-07-26: XL/L Dark Grey and XL/S Beige returned US$1.99 shipping in 9~14 days, tracking available. Applied across remaining sellable mapped variants pending final spot-check."
"9326918598906","Men's High-Neck Knit Sweater","2026-new-mens-high-neck-sweater-solid-color-pullover-knitted-warm-casual-turtleneck-sweatwear-woolen-mens-winter-outdoor-tops","ACTIVE","yes","49738570531066","XL / Burgundy","14:200002984;5:100014065","True","498","39.99","17.64","3.07","yes","17.64","3.03","8~13 days","AliExpress Selection Standard; ships from CN; representative DSers samples displayed US $2.15 shipping","24868","PASS_REPRESENTATIVE_SAMPLE","US$10.72~13.51","US$1.99","9~14 days","AliExpress Selection Standard; ships from CN; tracking available","24868","PASS_REPRESENTATIVE_SAMPLE_PENDING_US_STOREFRONT_PRICE","Representative DSers Canada quote on 2026-07-26 across five visible size/color SKUs: S/XL Dark Grey, L Dark Grey, and S/XL Beige. Four returned US $2.15 shipping with tracking; S-Dark Grey returned No Shipping. Representative CA$3.03 shipping was applied across mapped variants; rows below that cap fail economics. Representative U.S. DSers quote on 2026-07-26: XL/L Dark Grey and XL/S Beige returned US$1.99 shipping in 9~14 days, tracking available. Applied across remaining sellable mapped variants pending final spot-check."
"9326918598906","Men's High-Neck Knit Sweater","2026-new-mens-high-neck-sweater-solid-color-pullover-knitted-warm-casual-turtleneck-sweatwear-woolen-mens-winter-outdoor-tops","ACTIVE","yes","49738570170618","XL / Caramel","14:350852#Caramel;5:100014065","True","499","39.99","17.40","3.31","yes","17.40","3.03","8~13 days","AliExpress Selection Standard; ships from CN; representative DSers samples displayed US $2.15 shipping","24868","PASS_REPRESENTATIVE_SAMPLE","US$10.72~13.51","US$1.99","9~14 days","AliExpress Selection Standard; ships from CN; tracking available","24868","PASS_REPRESENTATIVE_SAMPLE_PENDING_US_STOREFRONT_PRICE","Representative DSers Canada quote on 2026-07-26 across five visible size/color SKUs: S/XL Dark Grey, L Dark Grey, and S/XL Beige. Four returned US $2.15 shipping with tracking; S-Dark Grey returned No Shipping. Representative CA$3.03 shipping was applied across mapped variants; rows below that cap fail economics. Representative U.S. DSers quote on 2026-07-26: XL/L Dark Grey and XL/S Beige returned US$1.99 shipping in 9~14 days, tracking available. Applied across remaining sellable mapped variants pending final spot-check."
"9326918598906","Men's High-Neck Knit Sweater","2026-new-mens-high-neck-sweater-solid-color-pullover-knitted-warm-casual-turtleneck-sweatwear-woolen-mens-winter-outdoor-tops","ACTIVE","yes","49738569711866","XL / Coffee","14:365458#Coffee;5:100014065","True","499","39.99","17.40","3.31","yes","17.40","3.03","8~13 days","AliExpress Selection Standard; ships from CN; representative DSers samples displayed US $2.15 shipping","24868","PASS_REPRESENTATIVE_SAMPLE","US$10.72~13.51","US$1.99","9~14 days","AliExpress Selection Standard; ships from CN; tracking available","24868","PASS_REPRESENTATIVE_SAMPLE_PENDING_US_STOREFRONT_PRICE","Representative DSers Canada quote on 2026-07-26 across five visible size/color SKUs: S/XL Dark Grey, L Dark Grey, and S/XL Beige. Four returned US $2.15 shipping with tracking; S-Dark Grey returned No Shipping. Representative CA$3.03 shipping was applied across mapped variants; rows below that cap fail economics. Representative U.S. DSers quote on 2026-07-26: XL/L Dark Grey and XL/S Beige returned US$1.99 shipping in 9~14 days, tracking available. Applied across remaining sellable mapped variants pending final spot-check."
"9326918598906","Men's High-Neck Knit Sweater","2026-new-mens-high-neck-sweater-solid-color-pullover-knitted-warm-casual-turtleneck-sweatwear-woolen-mens-winter-outdoor-tops","ACTIVE","yes","49738569318650","XL / Dark Grey","14:200004890;5:100014065","True","497","39.99","17.50","3.21","yes","17.50","3.03","8~13 days","AliExpress Selection Standard; ships from CN; representative DSers samples displayed US $2.15 shipping","24868","PASS_REPRESENTATIVE_SAMPLE","US$10.72~13.51","US$1.99","9~14 days","AliExpress Selection Standard; ships from CN; tracking available","24868","PASS_REPRESENTATIVE_SAMPLE_PENDING_US_STOREFRONT_PRICE","Representative DSers Canada quote on 2026-07-26 across five visible size/color SKUs: S/XL Dark Grey, L Dark Grey, and S/XL Beige. Four returned US $2.15 shipping with tracking; S-Dark Grey returned No Shipping. Representative CA$3.03 shipping was applied across mapped variants; rows below that cap fail economics. Representative U.S. DSers quote on 2026-07-26: XL/L Dark Grey and XL/S Beige returned US$1.99 shipping in 9~14 days, tracking available. Applied across remaining sellable mapped variants pending final spot-check."
"9326918598906","Men's High-Neck Knit Sweater","2026-new-mens-high-neck-sweater-solid-color-pullover-knitted-warm-casual-turtleneck-sweatwear-woolen-mens-winter-outdoor-tops","ACTIVE","yes","49738570137850","XL / Light Grey","14:200006151;5:100014065","True","498","39.99","17.52","3.19","yes","17.52","3.03","8~13 days","AliExpress Selection Standard; ships from CN; representative DSers samples displayed US $2.15 shipping","24868","PASS_REPRESENTATIVE_SAMPLE","US$10.72~13.51","US$1.99","9~14 days","AliExpress Selection Standard; ships from CN; tracking available","24868","PASS_REPRESENTATIVE_SAMPLE_PENDING_US_STOREFRONT_PRICE","Representative DSers Canada quote on 2026-07-26 across five visible size/color SKUs: S/XL Dark Grey, L Dark Grey, and S/XL Beige. Four returned US $2.15 shipping with tracking; S-Dark Grey returned No Shipping. Representative CA$3.03 shipping was applied across mapped variants; rows below that cap fail economics. Representative U.S. DSers quote on 2026-07-26: XL/L Dark Grey and XL/S Beige returned US$1.99 shipping in 9~14 days, tracking available. Applied across remaining sellable mapped variants pending final spot-check."
"9326918598906","Men's High-Neck Knit Sweater","2026-new-mens-high-neck-sweater-solid-color-pullover-knitted-warm-casual-turtleneck-sweatwear-woolen-mens-winter-outdoor-tops","ACTIVE","yes","49738570105082","XL / Navy Blue","14:201800840;5:100014065","True","497","39.99","17.43","3.28","yes","17.43","3.03","8~13 days","AliExpress Selection Standard; ships from CN; representative DSers samples displayed US $2.15 shipping","24868","PASS_REPRESENTATIVE_SAMPLE","US$10.72~13.51","US$1.99","9~14 days","AliExpress Selection Standard; ships from CN; tracking available","24868","PASS_REPRESENTATIVE_SAMPLE_PENDING_US_STOREFRONT_PRICE","Representative DSers Canada quote on 2026-07-26 across five visible size/color SKUs: S/XL Dark Grey, L Dark Grey, and S/XL Beige. Four returned US $2.15 shipping with tracking; S-Dark Grey returned No Shipping. Representative CA$3.03 shipping was applied across mapped variants; rows below that cap fail economics. Representative U.S. DSers quote on 2026-07-26: XL/L Dark Grey and XL/S Beige returned US$1.99 shipping in 9~14 days, tracking available. Applied across remaining sellable mapped variants pending final spot-check."
"9326918598906","Men's High-Neck Knit Sweater","2026-new-mens-high-neck-sweater-solid-color-pullover-knitted-warm-casual-turtleneck-sweatwear-woolen-mens-winter-outdoor-tops","ACTIVE","yes","49738570563834","XL / WHITE","14:29;5:100014065","True","500","44.49","19.86","3.21","yes","19.86","3.03","8~13 days","AliExpress Selection Standard; ships from CN; representative DSers samples displayed US $2.15 shipping","24868","PASS_TIGHT_REPRICED","US$10.72~13.51","US$1.99","9~14 days","AliExpress Selection Standard; ships from CN; tracking available","24868","PASS_REPRESENTATIVE_SAMPLE_PENDING_US_STOREFRONT_PRICE","Representative DSers Canada quote on 2026-07-26 across five visible size/color SKUs: S/XL Dark Grey, L Dark Grey, and S/XL Beige. Four returned US $2.15 shipping with tracking; S-Dark Grey returned No Shipping. Representative CA$3.03 shipping was applied across mapped variants; rows below that cap fail economics. Repriced live to CA(@{product_id=9326918598906; product_title=Men's High-Neck Knit Sweater; handle=2026-new-mens-high-neck-sweater-solid-color-pullover-knitted-warm-casual-turtleneck-sweatwear-woolen-mens-winter-outdoor-tops; status=ACTIVE; launch_tag=yes; variant_id=49738570563834; variant_title=XL / WHITE; sku=14:29;5:100014065; available_for_sale=True; inventory_quantity=500; price=44.49; unit_cost=19.86; canada_shipping_cap=3.21; needs_quote=yes; quote_item_cost=19.86; quote_shipping_cost=3.03; quote_delivery_window=8~13 days; quote_service=AliExpress Selection Standard; ships from CN; representative DSers samples displayed US $2.15 shipping; quote_stock=24868; quote_result=PASS_TIGHT_REPRICED; notes=Representative DSers Canada quote on 2026-07-26 across five visible size/color SKUs: S/XL Dark Grey, L Dark Grey, and S/XL Beige. Four returned US $2.15 shipping with tracking; S-Dark Grey returned No Shipping. Representative CA$3.03 shipping was applied across mapped variants; rows below that cap fail economics.}.price) on 2026-07-26; recalculated Canada shipping cap is CA(@{product_id=9326918598906; product_title=Men's High-Neck Knit Sweater; handle=2026-new-mens-high-neck-sweater-solid-color-pullover-knitted-warm-casual-turtleneck-sweatwear-woolen-mens-winter-outdoor-tops; status=ACTIVE; launch_tag=yes; variant_id=49738570563834; variant_title=XL / WHITE; sku=14:29;5:100014065; available_for_sale=True; inventory_quantity=500; price=44.49; unit_cost=19.86; canada_shipping_cap=3.21; needs_quote=yes; quote_item_cost=19.86; quote_shipping_cost=3.03; quote_delivery_window=8~13 days; quote_service=AliExpress Selection Standard; ships from CN; representative DSers samples displayed US $2.15 shipping; quote_stock=24868; quote_result=PASS_TIGHT_REPRICED; notes=Representative DSers Canada quote on 2026-07-26 across five visible size/color SKUs: S/XL Dark Grey, L Dark Grey, and S/XL Beige. Four returned US $2.15 shipping with tracking; S-Dark Grey returned No Shipping. Representative CA$3.03 shipping was applied across mapped variants; rows below that cap fail economics.}.canada_shipping_cap). Representative U.S. DSers quote on 2026-07-26: XL/L Dark Grey and XL/S Beige returned US$1.99 shipping in 9~14 days, tracking available. Applied across remaining sellable mapped variants pending final spot-check."
"9326918598906","Men's High-Neck Knit Sweater","2026-new-mens-high-neck-sweater-solid-color-pullover-knitted-warm-casual-turtleneck-sweatwear-woolen-mens-winter-outdoor-tops","ACTIVE","yes","49738570596602","XXL / Beige","14:771;5:4182","True","498","39.99","17.50","3.21","yes","17.50","3.03","8~13 days","AliExpress Selection Standard; ships from CN; representative DSers samples displayed US $2.15 shipping","24868","PASS_REPRESENTATIVE_SAMPLE","US$10.72~13.51","US$1.99","9~14 days","AliExpress Selection Standard; ships from CN; tracking available","24868","PASS_REPRESENTATIVE_SAMPLE_PENDING_US_STOREFRONT_PRICE","Representative DSers Canada quote on 2026-07-26 across five visible size/color SKUs: S/XL Dark Grey, L Dark Grey, and S/XL Beige. Four returned US $2.15 shipping with tracking; S-Dark Grey returned No Shipping. Representative CA$3.03 shipping was applied across mapped variants; rows below that cap fail economics. Representative U.S. DSers quote on 2026-07-26: XL/L Dark Grey and XL/S Beige returned US$1.99 shipping in 9~14 days, tracking available. Applied across remaining sellable mapped variants pending final spot-check."
"9326918598906","Men's High-Neck Knit Sweater","2026-new-mens-high-neck-sweater-solid-color-pullover-knitted-warm-casual-turtleneck-sweatwear-woolen-mens-winter-outdoor-tops","ACTIVE","yes","49738570662138","XXL / black","14:193;5:4182","True","485","40.49","17.74","3.23","yes","17.74","3.03","8~13 days","AliExpress Selection Standard; ships from CN; representative DSers samples displayed US $2.15 shipping","24868","PASS_TIGHT_REPRICED","US$10.72~13.51","US$1.99","9~14 days","AliExpress Selection Standard; ships from CN; tracking available","24868","PASS_REPRESENTATIVE_SAMPLE_PENDING_US_STOREFRONT_PRICE","Representative DSers Canada quote on 2026-07-26 across five visible size/color SKUs: S/XL Dark Grey, L Dark Grey, and S/XL Beige. Four returned US $2.15 shipping with tracking; S-Dark Grey returned No Shipping. Representative CA$3.03 shipping was applied across mapped variants; rows below that cap fail economics. Repriced live to CA(@{product_id=9326918598906; product_title=Men's High-Neck Knit Sweater; handle=2026-new-mens-high-neck-sweater-solid-color-pullover-knitted-warm-casual-turtleneck-sweatwear-woolen-mens-winter-outdoor-tops; status=ACTIVE; launch_tag=yes; variant_id=49738570662138; variant_title=XXL / black; sku=14:193;5:4182; available_for_sale=True; inventory_quantity=485; price=40.49; unit_cost=17.74; canada_shipping_cap=3.23; needs_quote=yes; quote_item_cost=17.74; quote_shipping_cost=3.03; quote_delivery_window=8~13 days; quote_service=AliExpress Selection Standard; ships from CN; representative DSers samples displayed US $2.15 shipping; quote_stock=24868; quote_result=PASS_TIGHT_REPRICED; notes=Representative DSers Canada quote on 2026-07-26 across five visible size/color SKUs: S/XL Dark Grey, L Dark Grey, and S/XL Beige. Four returned US $2.15 shipping with tracking; S-Dark Grey returned No Shipping. Representative CA$3.03 shipping was applied across mapped variants; rows below that cap fail economics.}.price) on 2026-07-26; recalculated Canada shipping cap is CA(@{product_id=9326918598906; product_title=Men's High-Neck Knit Sweater; handle=2026-new-mens-high-neck-sweater-solid-color-pullover-knitted-warm-casual-turtleneck-sweatwear-woolen-mens-winter-outdoor-tops; status=ACTIVE; launch_tag=yes; variant_id=49738570662138; variant_title=XXL / black; sku=14:193;5:4182; available_for_sale=True; inventory_quantity=485; price=40.49; unit_cost=17.74; canada_shipping_cap=3.23; needs_quote=yes; quote_item_cost=17.74; quote_shipping_cost=3.03; quote_delivery_window=8~13 days; quote_service=AliExpress Selection Standard; ships from CN; representative DSers samples displayed US $2.15 shipping; quote_stock=24868; quote_result=PASS_TIGHT_REPRICED; notes=Representative DSers Canada quote on 2026-07-26 across five visible size/color SKUs: S/XL Dark Grey, L Dark Grey, and S/XL Beige. Four returned US $2.15 shipping with tracking; S-Dark Grey returned No Shipping. Representative CA$3.03 shipping was applied across mapped variants; rows below that cap fail economics.}.canada_shipping_cap). Representative U.S. DSers quote on 2026-07-26: XL/L Dark Grey and XL/S Beige returned US$1.99 shipping in 9~14 days, tracking available. Applied across remaining sellable mapped variants pending final spot-check."
"9326918598906","Men's High-Neck Knit Sweater","2026-new-mens-high-neck-sweater-solid-color-pullover-knitted-warm-casual-turtleneck-sweatwear-woolen-mens-winter-outdoor-tops","ACTIVE","yes","49738570432762","XXL / Burgundy","14:200002984;5:4182","True","496","40.49","17.74","3.23","yes","17.74","3.03","8~13 days","AliExpress Selection Standard; ships from CN; representative DSers samples displayed US $2.15 shipping","24868","PASS_REPRICED","US$10.72~13.51","US$1.99","9~14 days","AliExpress Selection Standard; ships from CN; tracking available","24868","PASS_REPRESENTATIVE_SAMPLE_PENDING_US_STOREFRONT_PRICE","Representative DSers Canada quote on 2026-07-26 across five visible size/color SKUs: S/XL Dark Grey, L Dark Grey, and S/XL Beige. Four returned US $2.15 shipping with tracking; S-Dark Grey returned No Shipping. Representative CA$3.03 shipping was applied across mapped variants; rows below that cap fail economics. Repriced live to CA(@{product_id=9326918598906; product_title=Men's High-Neck Knit Sweater; handle=2026-new-mens-high-neck-sweater-solid-color-pullover-knitted-warm-casual-turtleneck-sweatwear-woolen-mens-winter-outdoor-tops; status=ACTIVE; launch_tag=yes; variant_id=49738570432762; variant_title=XXL / Burgundy; sku=14:200002984;5:4182; available_for_sale=True; inventory_quantity=496; price=40.49; unit_cost=17.74; canada_shipping_cap=3.23; needs_quote=yes; quote_item_cost=17.74; quote_shipping_cost=3.03; quote_delivery_window=8~13 days; quote_service=AliExpress Selection Standard; ships from CN; representative DSers samples displayed US $2.15 shipping; quote_stock=24868; quote_result=PASS_TIGHT_REPRICED; notes=Representative DSers Canada quote on 2026-07-26 across five visible size/color SKUs: S/XL Dark Grey, L Dark Grey, and S/XL Beige. Four returned US $2.15 shipping with tracking; S-Dark Grey returned No Shipping. Representative CA$3.03 shipping was applied across mapped variants; rows below that cap fail economics.}.price) on 2026-07-26; recalculated Canada shipping cap is CA(@{product_id=9326918598906; product_title=Men's High-Neck Knit Sweater; handle=2026-new-mens-high-neck-sweater-solid-color-pullover-knitted-warm-casual-turtleneck-sweatwear-woolen-mens-winter-outdoor-tops; status=ACTIVE; launch_tag=yes; variant_id=49738570432762; variant_title=XXL / Burgundy; sku=14:200002984;5:4182; available_for_sale=True; inventory_quantity=496; price=40.49; unit_cost=17.74; canada_shipping_cap=3.23; needs_quote=yes; quote_item_cost=17.74; quote_shipping_cost=3.03; quote_delivery_window=8~13 days; quote_service=AliExpress Selection Standard; ships from CN; representative DSers samples displayed US $2.15 shipping; quote_stock=24868; quote_result=PASS_TIGHT_REPRICED; notes=Representative DSers Canada quote on 2026-07-26 across five visible size/color SKUs: S/XL Dark Grey, L Dark Grey, and S/XL Beige. Four returned US $2.15 shipping with tracking; S-Dark Grey returned No Shipping. Representative CA$3.03 shipping was applied across mapped variants; rows below that cap fail economics.}.canada_shipping_cap). Representative U.S. DSers quote on 2026-07-26: XL/L Dark Grey and XL/S Beige returned US$1.99 shipping in 9~14 days, tracking available. Applied across remaining sellable mapped variants pending final spot-check. Live Shopify price updated on 2026-07-26 to clear the verified CA$3.03 supplier-shipping floor at the 30% contribution gate."
"9326918598906","Men's High-Neck Knit Sweater","2026-new-mens-high-neck-sweater-solid-color-pullover-knitted-warm-casual-turtleneck-sweatwear-woolen-mens-winter-outdoor-tops","ACTIVE","yes","49738570957050","XXL / Caramel","14:350852#Caramel;5:4182","True","498","39.99","17.55","3.16","yes","17.55","3.03","8~13 days","AliExpress Selection Standard; ships from CN; representative DSers samples displayed US $2.15 shipping","24868","PASS_REPRESENTATIVE_SAMPLE","US$10.72~13.51","US$1.99","9~14 days","AliExpress Selection Standard; ships from CN; tracking available","24868","PASS_REPRESENTATIVE_SAMPLE_PENDING_US_STOREFRONT_PRICE","Representative DSers Canada quote on 2026-07-26 across five visible size/color SKUs: S/XL Dark Grey, L Dark Grey, and S/XL Beige. Four returned US $2.15 shipping with tracking; S-Dark Grey returned No Shipping. Representative CA$3.03 shipping was applied across mapped variants; rows below that cap fail economics. Representative U.S. DSers quote on 2026-07-26: XL/L Dark Grey and XL/S Beige returned US$1.99 shipping in 9~14 days, tracking available. Applied across remaining sellable mapped variants pending final spot-check."
"9326918598906","Men's High-Neck Knit Sweater","2026-new-mens-high-neck-sweater-solid-color-pullover-knitted-warm-casual-turtleneck-sweatwear-woolen-mens-winter-outdoor-tops","ACTIVE","yes","49738569974010","XXL / Coffee","14:365458#Coffee;5:4182","True","499","39.99","17.55","3.16","yes","17.55","3.03","8~13 days","AliExpress Selection Standard; ships from CN; representative DSers samples displayed US $2.15 shipping","24868","PASS_REPRESENTATIVE_SAMPLE","US$10.72~13.51","US$1.99","9~14 days","AliExpress Selection Standard; ships from CN; tracking available","24868","PASS_REPRESENTATIVE_SAMPLE_PENDING_US_STOREFRONT_PRICE","Representative DSers Canada quote on 2026-07-26 across five visible size/color SKUs: S/XL Dark Grey, L Dark Grey, and S/XL Beige. Four returned US $2.15 shipping with tracking; S-Dark Grey returned No Shipping. Representative CA$3.03 shipping was applied across mapped variants; rows below that cap fail economics. Representative U.S. DSers quote on 2026-07-26: XL/L Dark Grey and XL/S Beige returned US$1.99 shipping in 9~14 days, tracking available. Applied across remaining sellable mapped variants pending final spot-check."
"9326918598906","Men's High-Neck Knit Sweater","2026-new-mens-high-neck-sweater-solid-color-pullover-knitted-warm-casual-turtleneck-sweatwear-woolen-mens-winter-outdoor-tops","ACTIVE","yes","49738570236154","XXL / Dark Grey","14:200004890;5:4182","True","495","39.99","17.43","3.28","yes","17.43","3.03","8~13 days","AliExpress Selection Standard; ships from CN; representative DSers samples displayed US $2.15 shipping","24868","PASS_REPRESENTATIVE_SAMPLE","US$10.72~13.51","US$1.99","9~14 days","AliExpress Selection Standard; ships from CN; tracking available","24868","PASS_REPRESENTATIVE_SAMPLE_PENDING_US_STOREFRONT_PRICE","Representative DSers Canada quote on 2026-07-26 across five visible size/color SKUs: S/XL Dark Grey, L Dark Grey, and S/XL Beige. Four returned US $2.15 shipping with tracking; S-Dark Grey returned No Shipping. Representative CA$3.03 shipping was applied across mapped variants; rows below that cap fail economics. Representative U.S. DSers quote on 2026-07-26: XL/L Dark Grey and XL/S Beige returned US$1.99 shipping in 9~14 days, tracking available. Applied across remaining sellable mapped variants pending final spot-check."
"9326918598906","Men's High-Neck Knit Sweater","2026-new-mens-high-neck-sweater-solid-color-pullover-knitted-warm-casual-turtleneck-sweatwear-woolen-mens-winter-outdoor-tops","ACTIVE","yes","49738570399994","XXL / Light Grey","14:200006151;5:4182","True","496","39.99","17.59","3.12","yes","17.59","3.03","8~13 days","AliExpress Selection Standard; ships from CN; representative DSers samples displayed US $2.15 shipping","24868","PASS_REPRESENTATIVE_SAMPLE","US$10.72~13.51","US$1.99","9~14 days","AliExpress Selection Standard; ships from CN; tracking available","24868","PASS_REPRESENTATIVE_SAMPLE_PENDING_US_STOREFRONT_PRICE","Representative DSers Canada quote on 2026-07-26 across five visible size/color SKUs: S/XL Dark Grey, L Dark Grey, and S/XL Beige. Four returned US $2.15 shipping with tracking; S-Dark Grey returned No Shipping. Representative CA$3.03 shipping was applied across mapped variants; rows below that cap fail economics. Representative U.S. DSers quote on 2026-07-26: XL/L Dark Grey and XL/S Beige returned US$1.99 shipping in 9~14 days, tracking available. Applied across remaining sellable mapped variants pending final spot-check."
"9326918598906","Men's High-Neck Knit Sweater","2026-new-mens-high-neck-sweater-solid-color-pullover-knitted-warm-casual-turtleneck-sweatwear-woolen-mens-winter-outdoor-tops","ACTIVE","yes","49738570858746","XXL / Navy Blue","14:201800840;5:4182","True","495","39.99","17.58","3.13","yes","17.58","3.03","8~13 days","AliExpress Selection Standard; ships from CN; representative DSers samples displayed US $2.15 shipping","24868","PASS_REPRESENTATIVE_SAMPLE","US$10.72~13.51","US$1.99","9~14 days","AliExpress Selection Standard; ships from CN; tracking available","24868","PASS_REPRESENTATIVE_SAMPLE_PENDING_US_STOREFRONT_PRICE","Representative DSers Canada quote on 2026-07-26 across five visible size/color SKUs: S/XL Dark Grey, L Dark Grey, and S/XL Beige. Four returned US $2.15 shipping with tracking; S-Dark Grey returned No Shipping. Representative CA$3.03 shipping was applied across mapped variants; rows below that cap fail economics. Representative U.S. DSers quote on 2026-07-26: XL/L Dark Grey and XL/S Beige returned US$1.99 shipping in 9~14 days, tracking available. Applied across remaining sellable mapped variants pending final spot-check."
"9326918598906","Men's High-Neck Knit Sweater","2026-new-mens-high-neck-sweater-solid-color-pullover-knitted-warm-casual-turtleneck-sweatwear-woolen-mens-winter-outdoor-tops","ACTIVE","yes","49738570367226","XXL / WHITE","14:29;5:4182","True","496","39.99","17.52","3.19","yes","17.52","3.03","8~13 days","AliExpress Selection Standard; ships from CN; representative DSers samples displayed US $2.15 shipping","24868","PASS_REPRESENTATIVE_SAMPLE","US$10.72~13.51","US$1.99","9~14 days","AliExpress Selection Standard; ships from CN; tracking available","24868","PASS_REPRESENTATIVE_SAMPLE_PENDING_US_STOREFRONT_PRICE","Representative DSers Canada quote on 2026-07-26 across five visible size/color SKUs: S/XL Dark Grey, L Dark Grey, and S/XL Beige. Four returned US $2.15 shipping with tracking; S-Dark Grey returned No Shipping. Representative CA$3.03 shipping was applied across mapped variants; rows below that cap fail economics. Representative U.S. DSers quote on 2026-07-26: XL/L Dark Grey and XL/S Beige returned US$1.99 shipping in 9~14 days, tracking available. Applied across remaining sellable mapped variants pending final spot-check."
"9326918598906","Men's High-Neck Knit Sweater","2026-new-mens-high-neck-sweater-solid-color-pullover-knitted-warm-casual-turtleneck-sweatwear-woolen-mens-winter-outdoor-tops","ACTIVE","yes","49738569875706","XXXL / Beige","14:771;5:4183","True","498","41.49","18.24","3.26","yes","18.24","3.03","8~13 days","AliExpress Selection Standard; ships from CN; representative DSers samples displayed US $2.15 shipping","24868","PASS_REPRICED","US$10.72~13.51","US$1.99","9~14 days","AliExpress Selection Standard; ships from CN; tracking available","24868","PASS_REPRESENTATIVE_SAMPLE_PENDING_US_STOREFRONT_PRICE","Representative DSers Canada quote on 2026-07-26 across five visible size/color SKUs: S/XL Dark Grey, L Dark Grey, and S/XL Beige. Four returned US $2.15 shipping with tracking; S-Dark Grey returned No Shipping. Representative CA$3.03 shipping was applied across mapped variants; rows below that cap fail economics. Repriced live to CA(@{product_id=9326918598906; product_title=Men's High-Neck Knit Sweater; handle=2026-new-mens-high-neck-sweater-solid-color-pullover-knitted-warm-casual-turtleneck-sweatwear-woolen-mens-winter-outdoor-tops; status=ACTIVE; launch_tag=yes; variant_id=49738569875706; variant_title=XXXL / Beige; sku=14:771;5:4183; available_for_sale=True; inventory_quantity=498; price=41.49; unit_cost=18.24; canada_shipping_cap=3.26; needs_quote=yes; quote_item_cost=18.24; quote_shipping_cost=3.03; quote_delivery_window=8~13 days; quote_service=AliExpress Selection Standard; ships from CN; representative DSers samples displayed US $2.15 shipping; quote_stock=24868; quote_result=PASS_TIGHT_REPRICED; notes=Representative DSers Canada quote on 2026-07-26 across five visible size/color SKUs: S/XL Dark Grey, L Dark Grey, and S/XL Beige. Four returned US $2.15 shipping with tracking; S-Dark Grey returned No Shipping. Representative CA$3.03 shipping was applied across mapped variants; rows below that cap fail economics.}.price) on 2026-07-26; recalculated Canada shipping cap is CA(@{product_id=9326918598906; product_title=Men's High-Neck Knit Sweater; handle=2026-new-mens-high-neck-sweater-solid-color-pullover-knitted-warm-casual-turtleneck-sweatwear-woolen-mens-winter-outdoor-tops; status=ACTIVE; launch_tag=yes; variant_id=49738569875706; variant_title=XXXL / Beige; sku=14:771;5:4183; available_for_sale=True; inventory_quantity=498; price=41.49; unit_cost=18.24; canada_shipping_cap=3.26; needs_quote=yes; quote_item_cost=18.24; quote_shipping_cost=3.03; quote_delivery_window=8~13 days; quote_service=AliExpress Selection Standard; ships from CN; representative DSers samples displayed US $2.15 shipping; quote_stock=24868; quote_result=PASS_TIGHT_REPRICED; notes=Representative DSers Canada quote on 2026-07-26 across five visible size/color SKUs: S/XL Dark Grey, L Dark Grey, and S/XL Beige. Four returned US $2.15 shipping with tracking; S-Dark Grey returned No Shipping. Representative CA$3.03 shipping was applied across mapped variants; rows below that cap fail economics.}.canada_shipping_cap). Representative U.S. DSers quote on 2026-07-26: XL/L Dark Grey and XL/S Beige returned US$1.99 shipping in 9~14 days, tracking available. Applied across remaining sellable mapped variants pending final spot-check. Live Shopify price updated on 2026-07-26 to clear the verified CA$3.03 supplier-shipping floor at the 30% contribution gate."
"9326918598906","Men's High-Neck Knit Sweater","2026-new-mens-high-neck-sweater-solid-color-pullover-knitted-warm-casual-turtleneck-sweatwear-woolen-mens-winter-outdoor-tops","ACTIVE","yes","49738570694906","XXXL / black","14:193;5:4183","True","492","41.49","18.42","3.08","yes","18.42","3.03","8~13 days","AliExpress Selection Standard; ships from CN; representative DSers samples displayed US $2.15 shipping","24868","PASS_TIGHT_REPRICED","US$10.72~13.51","US$1.99","9~14 days","AliExpress Selection Standard; ships from CN; tracking available","24868","PASS_REPRESENTATIVE_SAMPLE_PENDING_US_STOREFRONT_PRICE","Representative DSers Canada quote on 2026-07-26 across five visible size/color SKUs: S/XL Dark Grey, L Dark Grey, and S/XL Beige. Four returned US $2.15 shipping with tracking; S-Dark Grey returned No Shipping. Representative CA$3.03 shipping was applied across mapped variants; rows below that cap fail economics. Repriced live to CA(@{product_id=9326918598906; product_title=Men's High-Neck Knit Sweater; handle=2026-new-mens-high-neck-sweater-solid-color-pullover-knitted-warm-casual-turtleneck-sweatwear-woolen-mens-winter-outdoor-tops; status=ACTIVE; launch_tag=yes; variant_id=49738570694906; variant_title=XXXL / black; sku=14:193;5:4183; available_for_sale=True; inventory_quantity=492; price=41.49; unit_cost=18.42; canada_shipping_cap=3.08; needs_quote=yes; quote_item_cost=18.42; quote_shipping_cost=3.03; quote_delivery_window=8~13 days; quote_service=AliExpress Selection Standard; ships from CN; representative DSers samples displayed US $2.15 shipping; quote_stock=24868; quote_result=PASS_TIGHT_REPRICED; notes=Representative DSers Canada quote on 2026-07-26 across five visible size/color SKUs: S/XL Dark Grey, L Dark Grey, and S/XL Beige. Four returned US $2.15 shipping with tracking; S-Dark Grey returned No Shipping. Representative CA$3.03 shipping was applied across mapped variants; rows below that cap fail economics.}.price) on 2026-07-26; recalculated Canada shipping cap is CA(@{product_id=9326918598906; product_title=Men's High-Neck Knit Sweater; handle=2026-new-mens-high-neck-sweater-solid-color-pullover-knitted-warm-casual-turtleneck-sweatwear-woolen-mens-winter-outdoor-tops; status=ACTIVE; launch_tag=yes; variant_id=49738570694906; variant_title=XXXL / black; sku=14:193;5:4183; available_for_sale=True; inventory_quantity=492; price=41.49; unit_cost=18.42; canada_shipping_cap=3.08; needs_quote=yes; quote_item_cost=18.42; quote_shipping_cost=3.03; quote_delivery_window=8~13 days; quote_service=AliExpress Selection Standard; ships from CN; representative DSers samples displayed US $2.15 shipping; quote_stock=24868; quote_result=PASS_TIGHT_REPRICED; notes=Representative DSers Canada quote on 2026-07-26 across five visible size/color SKUs: S/XL Dark Grey, L Dark Grey, and S/XL Beige. Four returned US $2.15 shipping with tracking; S-Dark Grey returned No Shipping. Representative CA$3.03 shipping was applied across mapped variants; rows below that cap fail economics.}.canada_shipping_cap). Representative U.S. DSers quote on 2026-07-26: XL/L Dark Grey and XL/S Beige returned US$1.99 shipping in 9~14 days, tracking available. Applied across remaining sellable mapped variants pending final spot-check."
"9326918598906","Men's High-Neck Knit Sweater","2026-new-mens-high-neck-sweater-solid-color-pullover-knitted-warm-casual-turtleneck-sweatwear-woolen-mens-winter-outdoor-tops","ACTIVE","yes","49738570465530","XXXL / Burgundy","14:200002984;5:4183","True","497","41.49","18.31","3.19","yes","18.31","3.03","8~13 days","AliExpress Selection Standard; ships from CN; representative DSers samples displayed US $2.15 shipping","24868","PASS_TIGHT_REPRICED","US$10.72~13.51","US$1.99","9~14 days","AliExpress Selection Standard; ships from CN; tracking available","24868","PASS_REPRESENTATIVE_SAMPLE_PENDING_US_STOREFRONT_PRICE","Representative DSers Canada quote on 2026-07-26 across five visible size/color SKUs: S/XL Dark Grey, L Dark Grey, and S/XL Beige. Four returned US $2.15 shipping with tracking; S-Dark Grey returned No Shipping. Representative CA$3.03 shipping was applied across mapped variants; rows below that cap fail economics. Repriced live to CA(@{product_id=9326918598906; product_title=Men's High-Neck Knit Sweater; handle=2026-new-mens-high-neck-sweater-solid-color-pullover-knitted-warm-casual-turtleneck-sweatwear-woolen-mens-winter-outdoor-tops; status=ACTIVE; launch_tag=yes; variant_id=49738570465530; variant_title=XXXL / Burgundy; sku=14:200002984;5:4183; available_for_sale=True; inventory_quantity=497; price=41.49; unit_cost=18.31; canada_shipping_cap=3.19; needs_quote=yes; quote_item_cost=18.31; quote_shipping_cost=3.03; quote_delivery_window=8~13 days; quote_service=AliExpress Selection Standard; ships from CN; representative DSers samples displayed US $2.15 shipping; quote_stock=24868; quote_result=PASS_TIGHT_REPRICED; notes=Representative DSers Canada quote on 2026-07-26 across five visible size/color SKUs: S/XL Dark Grey, L Dark Grey, and S/XL Beige. Four returned US $2.15 shipping with tracking; S-Dark Grey returned No Shipping. Representative CA$3.03 shipping was applied across mapped variants; rows below that cap fail economics.}.price) on 2026-07-26; recalculated Canada shipping cap is CA(@{product_id=9326918598906; product_title=Men's High-Neck Knit Sweater; handle=2026-new-mens-high-neck-sweater-solid-color-pullover-knitted-warm-casual-turtleneck-sweatwear-woolen-mens-winter-outdoor-tops; status=ACTIVE; launch_tag=yes; variant_id=49738570465530; variant_title=XXXL / Burgundy; sku=14:200002984;5:4183; available_for_sale=True; inventory_quantity=497; price=41.49; unit_cost=18.31; canada_shipping_cap=3.19; needs_quote=yes; quote_item_cost=18.31; quote_shipping_cost=3.03; quote_delivery_window=8~13 days; quote_service=AliExpress Selection Standard; ships from CN; representative DSers samples displayed US $2.15 shipping; quote_stock=24868; quote_result=PASS_TIGHT_REPRICED; notes=Representative DSers Canada quote on 2026-07-26 across five visible size/color SKUs: S/XL Dark Grey, L Dark Grey, and S/XL Beige. Four returned US $2.15 shipping with tracking; S-Dark Grey returned No Shipping. Representative CA$3.03 shipping was applied across mapped variants; rows below that cap fail economics.}.canada_shipping_cap). Representative U.S. DSers quote on 2026-07-26: XL/L Dark Grey and XL/S Beige returned US$1.99 shipping in 9~14 days, tracking available. Applied across remaining sellable mapped variants pending final spot-check."
"9326918598906","Men's High-Neck Knit Sweater","2026-new-mens-high-neck-sweater-solid-color-pullover-knitted-warm-casual-turtleneck-sweatwear-woolen-mens-winter-outdoor-tops","ACTIVE","yes","49738571022586","XXXL / Caramel","14:350852#Caramel;5:4183","True","499","41.49","18.30","3.20","yes","18.30","3.03","8~13 days","AliExpress Selection Standard; ships from CN; representative DSers samples displayed US $2.15 shipping","24868","PASS_TIGHT_REPRICED","US$10.72~13.51","US$1.99","9~14 days","AliExpress Selection Standard; ships from CN; tracking available","24868","PASS_REPRESENTATIVE_SAMPLE_PENDING_US_STOREFRONT_PRICE","Representative DSers Canada quote on 2026-07-26 across five visible size/color SKUs: S/XL Dark Grey, L Dark Grey, and S/XL Beige. Four returned US $2.15 shipping with tracking; S-Dark Grey returned No Shipping. Representative CA$3.03 shipping was applied across mapped variants; rows below that cap fail economics. Repriced live to CA(@{product_id=9326918598906; product_title=Men's High-Neck Knit Sweater; handle=2026-new-mens-high-neck-sweater-solid-color-pullover-knitted-warm-casual-turtleneck-sweatwear-woolen-mens-winter-outdoor-tops; status=ACTIVE; launch_tag=yes; variant_id=49738571022586; variant_title=XXXL / Caramel; sku=14:350852#Caramel;5:4183; available_for_sale=True; inventory_quantity=499; price=41.49; unit_cost=18.30; canada_shipping_cap=3.20; needs_quote=yes; quote_item_cost=18.30; quote_shipping_cost=3.03; quote_delivery_window=8~13 days; quote_service=AliExpress Selection Standard; ships from CN; representative DSers samples displayed US $2.15 shipping; quote_stock=24868; quote_result=PASS_TIGHT_REPRICED; notes=Representative DSers Canada quote on 2026-07-26 across five visible size/color SKUs: S/XL Dark Grey, L Dark Grey, and S/XL Beige. Four returned US $2.15 shipping with tracking; S-Dark Grey returned No Shipping. Representative CA$3.03 shipping was applied across mapped variants; rows below that cap fail economics.}.price) on 2026-07-26; recalculated Canada shipping cap is CA(@{product_id=9326918598906; product_title=Men's High-Neck Knit Sweater; handle=2026-new-mens-high-neck-sweater-solid-color-pullover-knitted-warm-casual-turtleneck-sweatwear-woolen-mens-winter-outdoor-tops; status=ACTIVE; launch_tag=yes; variant_id=49738571022586; variant_title=XXXL / Caramel; sku=14:350852#Caramel;5:4183; available_for_sale=True; inventory_quantity=499; price=41.49; unit_cost=18.30; canada_shipping_cap=3.20; needs_quote=yes; quote_item_cost=18.30; quote_shipping_cost=3.03; quote_delivery_window=8~13 days; quote_service=AliExpress Selection Standard; ships from CN; representative DSers samples displayed US $2.15 shipping; quote_stock=24868; quote_result=PASS_TIGHT_REPRICED; notes=Representative DSers Canada quote on 2026-07-26 across five visible size/color SKUs: S/XL Dark Grey, L Dark Grey, and S/XL Beige. Four returned US $2.15 shipping with tracking; S-Dark Grey returned No Shipping. Representative CA$3.03 shipping was applied across mapped variants; rows below that cap fail economics.}.canada_shipping_cap). Representative U.S. DSers quote on 2026-07-26: XL/L Dark Grey and XL/S Beige returned US$1.99 shipping in 9~14 days, tracking available. Applied across remaining sellable mapped variants pending final spot-check."
"9326918598906","Men's High-Neck Knit Sweater","2026-new-mens-high-neck-sweater-solid-color-pullover-knitted-warm-casual-turtleneck-sweatwear-woolen-mens-winter-outdoor-tops","ACTIVE","yes","49738570006778","XXXL / Coffee","14:365458#Coffee;5:4183","True","499","41.49","18.30","3.20","yes","18.30","3.03","8~13 days","AliExpress Selection Standard; ships from CN; representative DSers samples displayed US $2.15 shipping","24868","PASS_TIGHT_REPRICED","US$10.72~13.51","US$1.99","9~14 days","AliExpress Selection Standard; ships from CN; tracking available","24868","PASS_REPRESENTATIVE_SAMPLE_PENDING_US_STOREFRONT_PRICE","Representative DSers Canada quote on 2026-07-26 across five visible size/color SKUs: S/XL Dark Grey, L Dark Grey, and S/XL Beige. Four returned US $2.15 shipping with tracking; S-Dark Grey returned No Shipping. Representative CA$3.03 shipping was applied across mapped variants; rows below that cap fail economics. Repriced live to CA(@{product_id=9326918598906; product_title=Men's High-Neck Knit Sweater; handle=2026-new-mens-high-neck-sweater-solid-color-pullover-knitted-warm-casual-turtleneck-sweatwear-woolen-mens-winter-outdoor-tops; status=ACTIVE; launch_tag=yes; variant_id=49738570006778; variant_title=XXXL / Coffee; sku=14:365458#Coffee;5:4183; available_for_sale=True; inventory_quantity=499; price=41.49; unit_cost=18.30; canada_shipping_cap=3.20; needs_quote=yes; quote_item_cost=18.30; quote_shipping_cost=3.03; quote_delivery_window=8~13 days; quote_service=AliExpress Selection Standard; ships from CN; representative DSers samples displayed US $2.15 shipping; quote_stock=24868; quote_result=PASS_TIGHT_REPRICED; notes=Representative DSers Canada quote on 2026-07-26 across five visible size/color SKUs: S/XL Dark Grey, L Dark Grey, and S/XL Beige. Four returned US $2.15 shipping with tracking; S-Dark Grey returned No Shipping. Representative CA$3.03 shipping was applied across mapped variants; rows below that cap fail economics.}.price) on 2026-07-26; recalculated Canada shipping cap is CA(@{product_id=9326918598906; product_title=Men's High-Neck Knit Sweater; handle=2026-new-mens-high-neck-sweater-solid-color-pullover-knitted-warm-casual-turtleneck-sweatwear-woolen-mens-winter-outdoor-tops; status=ACTIVE; launch_tag=yes; variant_id=49738570006778; variant_title=XXXL / Coffee; sku=14:365458#Coffee;5:4183; available_for_sale=True; inventory_quantity=499; price=41.49; unit_cost=18.30; canada_shipping_cap=3.20; needs_quote=yes; quote_item_cost=18.30; quote_shipping_cost=3.03; quote_delivery_window=8~13 days; quote_service=AliExpress Selection Standard; ships from CN; representative DSers samples displayed US $2.15 shipping; quote_stock=24868; quote_result=PASS_TIGHT_REPRICED; notes=Representative DSers Canada quote on 2026-07-26 across five visible size/color SKUs: S/XL Dark Grey, L Dark Grey, and S/XL Beige. Four returned US $2.15 shipping with tracking; S-Dark Grey returned No Shipping. Representative CA$3.03 shipping was applied across mapped variants; rows below that cap fail economics.}.canada_shipping_cap). Representative U.S. DSers quote on 2026-07-26: XL/L Dark Grey and XL/S Beige returned US$1.99 shipping in 9~14 days, tracking available. Applied across remaining sellable mapped variants pending final spot-check."
"9326918598906","Men's High-Neck Knit Sweater","2026-new-mens-high-neck-sweater-solid-color-pullover-knitted-warm-casual-turtleneck-sweatwear-woolen-mens-winter-outdoor-tops","ACTIVE","yes","49738570825978","XXXL / Dark Grey","14:200004890;5:4183","True","499","40.99","18.09","3.14","yes","18.09","3.03","8~13 days","AliExpress Selection Standard; ships from CN; representative DSers samples displayed US $2.15 shipping","24868","PASS_TIGHT_REPRICED","US$10.72~13.51","US$1.99","9~14 days","AliExpress Selection Standard; ships from CN; tracking available","24868","PASS_REPRESENTATIVE_SAMPLE_PENDING_US_STOREFRONT_PRICE","Representative DSers Canada quote on 2026-07-26 across five visible size/color SKUs: S/XL Dark Grey, L Dark Grey, and S/XL Beige. Four returned US $2.15 shipping with tracking; S-Dark Grey returned No Shipping. Representative CA$3.03 shipping was applied across mapped variants; rows below that cap fail economics. Repriced live to CA(@{product_id=9326918598906; product_title=Men's High-Neck Knit Sweater; handle=2026-new-mens-high-neck-sweater-solid-color-pullover-knitted-warm-casual-turtleneck-sweatwear-woolen-mens-winter-outdoor-tops; status=ACTIVE; launch_tag=yes; variant_id=49738570825978; variant_title=XXXL / Dark Grey; sku=14:200004890;5:4183; available_for_sale=True; inventory_quantity=499; price=40.99; unit_cost=18.09; canada_shipping_cap=3.14; needs_quote=yes; quote_item_cost=18.09; quote_shipping_cost=3.03; quote_delivery_window=8~13 days; quote_service=AliExpress Selection Standard; ships from CN; representative DSers samples displayed US $2.15 shipping; quote_stock=24868; quote_result=PASS_TIGHT_REPRICED; notes=Representative DSers Canada quote on 2026-07-26 across five visible size/color SKUs: S/XL Dark Grey, L Dark Grey, and S/XL Beige. Four returned US $2.15 shipping with tracking; S-Dark Grey returned No Shipping. Representative CA$3.03 shipping was applied across mapped variants; rows below that cap fail economics.}.price) on 2026-07-26; recalculated Canada shipping cap is CA(@{product_id=9326918598906; product_title=Men's High-Neck Knit Sweater; handle=2026-new-mens-high-neck-sweater-solid-color-pullover-knitted-warm-casual-turtleneck-sweatwear-woolen-mens-winter-outdoor-tops; status=ACTIVE; launch_tag=yes; variant_id=49738570825978; variant_title=XXXL / Dark Grey; sku=14:200004890;5:4183; available_for_sale=True; inventory_quantity=499; price=40.99; unit_cost=18.09; canada_shipping_cap=3.14; needs_quote=yes; quote_item_cost=18.09; quote_shipping_cost=3.03; quote_delivery_window=8~13 days; quote_service=AliExpress Selection Standard; ships from CN; representative DSers samples displayed US $2.15 shipping; quote_stock=24868; quote_result=PASS_TIGHT_REPRICED; notes=Representative DSers Canada quote on 2026-07-26 across five visible size/color SKUs: S/XL Dark Grey, L Dark Grey, and S/XL Beige. Four returned US $2.15 shipping with tracking; S-Dark Grey returned No Shipping. Representative CA$3.03 shipping was applied across mapped variants; rows below that cap fail economics.}.canada_shipping_cap). Representative U.S. DSers quote on 2026-07-26: XL/L Dark Grey and XL/S Beige returned US$1.99 shipping in 9~14 days, tracking available. Applied across remaining sellable mapped variants pending final spot-check."
"9326918598906","Men's High-Neck Knit Sweater","2026-new-mens-high-neck-sweater-solid-color-pullover-knitted-warm-casual-turtleneck-sweatwear-woolen-mens-winter-outdoor-tops","ACTIVE","yes","49738570989818","XXXL / Light Grey","14:200006151;5:4183","True","10","41.99","18.61","3.15","yes","18.61","3.03","8~13 days","AliExpress Selection Standard; ships from CN; representative DSers samples displayed US $2.15 shipping","24868","PASS_TIGHT_REPRICED_LOW_STOCK","US$10.72~13.51","US$1.99","9~14 days","AliExpress Selection Standard; ships from CN; tracking available","24868","PASS_REPRESENTATIVE_SAMPLE_PENDING_US_STOREFRONT_PRICE","Representative DSers Canada quote on 2026-07-26 across five visible size/color SKUs: S/XL Dark Grey, L Dark Grey, and S/XL Beige. Four returned US $2.15 shipping with tracking; S-Dark Grey returned No Shipping. Representative CA$3.03 shipping was applied across mapped variants; rows below that cap fail economics. Repriced live to CA(@{product_id=9326918598906; product_title=Men's High-Neck Knit Sweater; handle=2026-new-mens-high-neck-sweater-solid-color-pullover-knitted-warm-casual-turtleneck-sweatwear-woolen-mens-winter-outdoor-tops; status=ACTIVE; launch_tag=yes; variant_id=49738570989818; variant_title=XXXL / Light Grey; sku=14:200006151;5:4183; available_for_sale=True; inventory_quantity=10; price=41.99; unit_cost=18.61; canada_shipping_cap=3.15; needs_quote=yes; quote_item_cost=18.61; quote_shipping_cost=3.03; quote_delivery_window=8~13 days; quote_service=AliExpress Selection Standard; ships from CN; representative DSers samples displayed US $2.15 shipping; quote_stock=24868; quote_result=PASS_TIGHT_REPRICED_LOW_STOCK; notes=Representative DSers Canada quote on 2026-07-26 across five visible size/color SKUs: S/XL Dark Grey, L Dark Grey, and S/XL Beige. Four returned US $2.15 shipping with tracking; S-Dark Grey returned No Shipping. Representative CA$3.03 shipping was applied across mapped variants; rows below that cap fail economics.}.price) on 2026-07-26; recalculated Canada shipping cap is CA(@{product_id=9326918598906; product_title=Men's High-Neck Knit Sweater; handle=2026-new-mens-high-neck-sweater-solid-color-pullover-knitted-warm-casual-turtleneck-sweatwear-woolen-mens-winter-outdoor-tops; status=ACTIVE; launch_tag=yes; variant_id=49738570989818; variant_title=XXXL / Light Grey; sku=14:200006151;5:4183; available_for_sale=True; inventory_quantity=10; price=41.99; unit_cost=18.61; canada_shipping_cap=3.15; needs_quote=yes; quote_item_cost=18.61; quote_shipping_cost=3.03; quote_delivery_window=8~13 days; quote_service=AliExpress Selection Standard; ships from CN; representative DSers samples displayed US $2.15 shipping; quote_stock=24868; quote_result=PASS_TIGHT_REPRICED_LOW_STOCK; notes=Representative DSers Canada quote on 2026-07-26 across five visible size/color SKUs: S/XL Dark Grey, L Dark Grey, and S/XL Beige. Four returned US $2.15 shipping with tracking; S-Dark Grey returned No Shipping. Representative CA$3.03 shipping was applied across mapped variants; rows below that cap fail economics.}.canada_shipping_cap). Representative U.S. DSers quote on 2026-07-26: XL/L Dark Grey and XL/S Beige returned US$1.99 shipping in 9~14 days, tracking available. Applied across remaining sellable mapped variants pending final spot-check."
"9326918598906","Men's High-Neck Knit Sweater","2026-new-mens-high-neck-sweater-solid-color-pullover-knitted-warm-casual-turtleneck-sweatwear-woolen-mens-winter-outdoor-tops","ACTIVE","yes","49738570924282","XXXL / Navy Blue","14:201800840;5:4183","True","496","41.99","18.47","3.29","yes","18.47","3.03","8~13 days","AliExpress Selection Standard; ships from CN; representative DSers samples displayed US $2.15 shipping","24868","PASS_TIGHT_REPRICED","US$10.72~13.51","US$1.99","9~14 days","AliExpress Selection Standard; ships from CN; tracking available","24868","PASS_REPRESENTATIVE_SAMPLE_PENDING_US_STOREFRONT_PRICE","Representative DSers Canada quote on 2026-07-26 across five visible size/color SKUs: S/XL Dark Grey, L Dark Grey, and S/XL Beige. Four returned US $2.15 shipping with tracking; S-Dark Grey returned No Shipping. Representative CA$3.03 shipping was applied across mapped variants; rows below that cap fail economics. Repriced live to CA(@{product_id=9326918598906; product_title=Men's High-Neck Knit Sweater; handle=2026-new-mens-high-neck-sweater-solid-color-pullover-knitted-warm-casual-turtleneck-sweatwear-woolen-mens-winter-outdoor-tops; status=ACTIVE; launch_tag=yes; variant_id=49738570924282; variant_title=XXXL / Navy Blue; sku=14:201800840;5:4183; available_for_sale=True; inventory_quantity=496; price=41.99; unit_cost=18.47; canada_shipping_cap=3.29; needs_quote=yes; quote_item_cost=18.47; quote_shipping_cost=3.03; quote_delivery_window=8~13 days; quote_service=AliExpress Selection Standard; ships from CN; representative DSers samples displayed US $2.15 shipping; quote_stock=24868; quote_result=PASS_TIGHT_REPRICED; notes=Representative DSers Canada quote on 2026-07-26 across five visible size/color SKUs: S/XL Dark Grey, L Dark Grey, and S/XL Beige. Four returned US $2.15 shipping with tracking; S-Dark Grey returned No Shipping. Representative CA$3.03 shipping was applied across mapped variants; rows below that cap fail economics.}.price) on 2026-07-26; recalculated Canada shipping cap is CA(@{product_id=9326918598906; product_title=Men's High-Neck Knit Sweater; handle=2026-new-mens-high-neck-sweater-solid-color-pullover-knitted-warm-casual-turtleneck-sweatwear-woolen-mens-winter-outdoor-tops; status=ACTIVE; launch_tag=yes; variant_id=49738570924282; variant_title=XXXL / Navy Blue; sku=14:201800840;5:4183; available_for_sale=True; inventory_quantity=496; price=41.99; unit_cost=18.47; canada_shipping_cap=3.29; needs_quote=yes; quote_item_cost=18.47; quote_shipping_cost=3.03; quote_delivery_window=8~13 days; quote_service=AliExpress Selection Standard; ships from CN; representative DSers samples displayed US $2.15 shipping; quote_stock=24868; quote_result=PASS_TIGHT_REPRICED; notes=Representative DSers Canada quote on 2026-07-26 across five visible size/color SKUs: S/XL Dark Grey, L Dark Grey, and S/XL Beige. Four returned US $2.15 shipping with tracking; S-Dark Grey returned No Shipping. Representative CA$3.03 shipping was applied across mapped variants; rows below that cap fail economics.}.canada_shipping_cap). Representative U.S. DSers quote on 2026-07-26: XL/L Dark Grey and XL/S Beige returned US$1.99 shipping in 9~14 days, tracking available. Applied across remaining sellable mapped variants pending final spot-check."
"9326918598906","Men's High-Neck Knit Sweater","2026-new-mens-high-neck-sweater-solid-color-pullover-knitted-warm-casual-turtleneck-sweatwear-woolen-mens-winter-outdoor-tops","ACTIVE","yes","49738570629370","XXXL / WHITE","14:29;5:4183","True","499","40.99","18.14","3.09","yes","18.14","3.03","8~13 days","AliExpress Selection Standard; ships from CN; representative DSers samples displayed US $2.15 shipping","24868","PASS_TIGHT_REPRICED","US$10.72~13.51","US$1.99","9~14 days","AliExpress Selection Standard; ships from CN; tracking available","24868","PASS_REPRESENTATIVE_SAMPLE_PENDING_US_STOREFRONT_PRICE","Representative DSers Canada quote on 2026-07-26 across five visible size/color SKUs: S/XL Dark Grey, L Dark Grey, and S/XL Beige. Four returned US $2.15 shipping with tracking; S-Dark Grey returned No Shipping. Representative CA$3.03 shipping was applied across mapped variants; rows below that cap fail economics. Repriced live to CA(@{product_id=9326918598906; product_title=Men's High-Neck Knit Sweater; handle=2026-new-mens-high-neck-sweater-solid-color-pullover-knitted-warm-casual-turtleneck-sweatwear-woolen-mens-winter-outdoor-tops; status=ACTIVE; launch_tag=yes; variant_id=49738570629370; variant_title=XXXL / WHITE; sku=14:29;5:4183; available_for_sale=True; inventory_quantity=499; price=40.99; unit_cost=18.14; canada_shipping_cap=3.09; needs_quote=yes; quote_item_cost=18.14; quote_shipping_cost=3.03; quote_delivery_window=8~13 days; quote_service=AliExpress Selection Standard; ships from CN; representative DSers samples displayed US $2.15 shipping; quote_stock=24868; quote_result=PASS_TIGHT_REPRICED; notes=Representative DSers Canada quote on 2026-07-26 across five visible size/color SKUs: S/XL Dark Grey, L Dark Grey, and S/XL Beige. Four returned US $2.15 shipping with tracking; S-Dark Grey returned No Shipping. Representative CA$3.03 shipping was applied across mapped variants; rows below that cap fail economics.}.price) on 2026-07-26; recalculated Canada shipping cap is CA(@{product_id=9326918598906; product_title=Men's High-Neck Knit Sweater; handle=2026-new-mens-high-neck-sweater-solid-color-pullover-knitted-warm-casual-turtleneck-sweatwear-woolen-mens-winter-outdoor-tops; status=ACTIVE; launch_tag=yes; variant_id=49738570629370; variant_title=XXXL / WHITE; sku=14:29;5:4183; available_for_sale=True; inventory_quantity=499; price=40.99; unit_cost=18.14; canada_shipping_cap=3.09; needs_quote=yes; quote_item_cost=18.14; quote_shipping_cost=3.03; quote_delivery_window=8~13 days; quote_service=AliExpress Selection Standard; ships from CN; representative DSers samples displayed US $2.15 shipping; quote_stock=24868; quote_result=PASS_TIGHT_REPRICED; notes=Representative DSers Canada quote on 2026-07-26 across five visible size/color SKUs: S/XL Dark Grey, L Dark Grey, and S/XL Beige. Four returned US $2.15 shipping with tracking; S-Dark Grey returned No Shipping. Representative CA$3.03 shipping was applied across mapped variants; rows below that cap fail economics.}.canada_shipping_cap). Representative U.S. DSers quote on 2026-07-26: XL/L Dark Grey and XL/S Beige returned US$1.99 shipping in 9~14 days, tracking available. Applied across remaining sellable mapped variants pending final spot-check."
"9327938961658","Multi-Compartment Desk Organizer","multi-compartment-desk-organizer","DRAFT","no","49744120774906","Default Title","","True","999","31.99","0.00","16.51","no","","2.81","8~13 days","AliExpress Selection Standard; ships from CN; DSers displayed US $1.99 shipping","","PASS_EXACT_SHIPPING","","US$1.99","8~14 days","AliExpress Selection Standard; ships from CN; tracking available","","PASS_EXACT_PENDING_US_STOREFRONT_PRICE","Exact mapped blue SKU checked on 2026-07-26. Ships to Canada and the United States; verify final landed margin before activation."
"9326917452026","Multi-Use Organizer Hooks","2pcs-leather-cart-hooks-baby-stroller-hook-pu-adjustable-pram-hook-organizer-diaper-bag-hanger-children-travel-accessories","ACTIVE","yes","49738550214906","2PCS Black","14:29#2PCS Black","False","0","14.99","3.67","3.90","yes","3.67","3.03","6~11 days","AliExpress Selection Standard; ships from CN; DSers displayed US $2.15 shipping","15","PASS","US$1.62~3.07","NO SHIPPING","","","15","FAIL_NO_US_SHIPPING","Checked in DSers Shipping info modal for Canada on 2026-07-26. Variant returned US $2.15 shipping with tracking available. U.S. quote checked in DSers on 2026-07-26: no shipping available for the black variant. Shopify control applied and re-read 2026-07-26: inventory 0, policy DENY, availableForSale false; the product remains ACTIVE and passing variants remain sellable."
"9326917452026","Multi-Use Organizer Hooks","2pcs-leather-cart-hooks-baby-stroller-hook-pu-adjustable-pram-hook-organizer-diaper-bag-hanger-children-travel-accessories","ACTIVE","yes","49738550247674","2PCS Brown","14:10#2PCS Brown","True","5","14.99","2.39","5.18","yes","2.39","3.03","6~11 days","AliExpress Selection Standard; ships from CN; DSers displayed US $2.15 shipping","15","PASS_LOW_STOCK","US$1.62~3.07","US$1.99","7~11 days","AliExpress Selection Standard; ships from CN; tracking available","15","PASS_SHIPPING_PENDING_US_STOREFRONT_PRICE","Checked in DSers Shipping info modal for Canada on 2026-07-26. Variant returned US $2.15 shipping with tracking available; stock is low, so keep only with inventory monitoring. U.S. quote checked in DSers on 2026-07-26: US$1.99 shipping, 7~11 days, tracking available."
"9326917452026","Multi-Use Organizer Hooks","2pcs-leather-cart-hooks-baby-stroller-hook-pu-adjustable-pram-hook-organizer-diaper-bag-hanger-children-travel-accessories","ACTIVE","yes","49738550313210","2PCS Light Blue","14:173#2PCS Light Blue","True","4","14.99","4.18","3.39","yes","4.18","3.03","7~12 days","AliExpress Selection Standard; ships from CN; DSers displayed US $2.15 shipping","15","PASS_LOW_STOCK","US$1.62~3.07","US$1.99","7~12 days","AliExpress Selection Standard; ships from CN; tracking available","15","PASS_SHIPPING_PENDING_US_STOREFRONT_PRICE","Checked in DSers Shipping info modal for Canada on 2026-07-26. Variant returned US $2.15 shipping with tracking available; stock is low, so keep only with inventory monitoring. U.S. quote checked in DSers on 2026-07-26: US$1.99 shipping, 7~12 days, tracking available."
"9326917452026","Multi-Use Organizer Hooks","2pcs-leather-cart-hooks-baby-stroller-hook-pu-adjustable-pram-hook-organizer-diaper-bag-hanger-children-travel-accessories","ACTIVE","yes","49738550280442","2PCS Pink","14:175#2PCS Pink","True","0","15.49","4.70","3.14","yes","4.70","3.03","6~11 days","AliExpress Selection Standard; ships from CN; DSers displayed US $2.15 shipping","15","PASS_TIGHT_REPRICED","US$1.62~3.07","US$1.99","7~11 days","AliExpress Selection Standard; ships from CN; tracking available","15","PASS_SHIPPING_PENDING_US_STOREFRONT_PRICE","Checked in DSers Shipping info modal for Canada on 2026-07-26. Pink returned US $2.15 shipping, but worksheet cap is CA$2.87 and Shopify inventory is 0; disable, reprice, or replace before launch. Repriced from CA$14.99 to CA$15.49 on 2026-07-26; recalculated allowance CA$3.14 now covers CA$3.03 shipping. U.S. quote checked in DSers on 2026-07-26: US$1.99 shipping, 7~11 days, tracking available."
"9326920007930","Nail Glue Phototherapy Pen UV Gel Brush Pen Acrylic Nail Art Painting Drawing Liner Brush Manicure Professionnel Brushes Tool","nail-glue-phototherapy-pen-uv-gel-brush-pen-acrylic-nail-art-painting-drawing-liner-brush-manicure-professionnel-brushes-tool","DRAFT","no","49738576855290","gel brush","14:691#gel brush","True","138","3.38","1.35","0.13","no","","","","","","","","","","","","",""
"9326920007930","Nail Glue Phototherapy Pen UV Gel Brush Pen Acrylic Nail Art Painting Drawing Liner Brush Manicure Professionnel Brushes Tool","nail-glue-phototherapy-pen-uv-gel-brush-pen-acrylic-nail-art-painting-drawing-liner-brush-manicure-professionnel-brushes-tool","DRAFT","no","49738576822522","liner brush","14:200006151#liner brush","True","23","5.73","2.29","0.42","no","","","","","","","","","","","","",""
"9326916927738","New Girl Dresses Princess Costume Kids Mermaid Cosplay Costume Kids Carnival Birthday Party Prom Costume Party Dresses For girls","new-girl-dresses-princess-costume-kids-mermaid-cosplay-costume-kids-carnival-birthday-party-prom-costume-party-dresses-for-girls","DRAFT","no","49738546544890","Dress / 3-4T(Tag110)","14:365458#Dress;200000463:200004187#3-4T(Tag110)","True","2","33.68","13.47","3.92","no","","","","","","FAIL_DSERs_SKU_NOT_SELECTABLE_RISK_HOLD","","","","","","FAIL_DSERs_SKU_NOT_SELECTABLE_RISK_HOLD","DSers Shipping info checked 2026-07-26. The supplier selector exposes 7 SKUs for 20 Shopify variants; this exact Shopify variant is not selectable and therefore has no verified Canada or US fulfillment path. Keep Draft and remap or remove the variant; child-apparel composition, sizing, labeling, and flammability evidence also remains required."
"9326916927738","New Girl Dresses Princess Costume Kids Mermaid Cosplay Costume Kids Carnival Birthday Party Prom Costume Party Dresses For girls","new-girl-dresses-princess-costume-kids-mermaid-cosplay-costume-kids-carnival-birthday-party-prom-costume-party-dresses-for-girls","DRAFT","no","49738546282746","Dress / 4-5T(Tag120)","14:365458#Dress;200000463:200004198#4-5T(Tag120)","True","4","36.15","14.46","4.23","no","14.46","3.03","7~12 days","AliExpress Selection Standard","Available","PASS_EXACT_DSERs_SKU_RISK_HOLD","US$9.56~31.54 catalog range","US $2.15","7~12 days","AliExpress Selection Standard","Available","PASS_EXACT_DSERs_SKU_RISK_HOLD","Exact DSers Shipping info verified 2026-07-26 for this selectable supplier SKU. Ships from CN with tracking. DSers exposes only 7 selectable supplier SKUs for 20 Shopify variants; passing shipping does not clear the child-apparel composition, sizing, labeling, or flammability hold."
"9326916927738","New Girl Dresses Princess Costume Kids Mermaid Cosplay Costume Kids Carnival Birthday Party Prom Costume Party Dresses For girls","new-girl-dresses-princess-costume-kids-mermaid-cosplay-costume-kids-carnival-birthday-party-prom-costume-party-dresses-for-girls","DRAFT","no","49738546413818","Dress / 5-6T(Tag130)","14:365458#Dress;200000463:200004197#5-6T(Tag130)","True","4","34.60","13.84","4.04","no","","","","","","FAIL_DSERs_SKU_NOT_SELECTABLE_RISK_HOLD","","","","","","FAIL_DSERs_SKU_NOT_SELECTABLE_RISK_HOLD","DSers Shipping info checked 2026-07-26. The supplier selector exposes 7 SKUs for 20 Shopify variants; this exact Shopify variant is not selectable and therefore has no verified Canada or US fulfillment path. Keep Draft and remap or remove the variant; child-apparel composition, sizing, labeling, and flammability evidence also remains required."
"9326916927738","New Girl Dresses Princess Costume Kids Mermaid Cosplay Costume Kids Carnival Birthday Party Prom Costume Party Dresses For girls","new-girl-dresses-princess-costume-kids-mermaid-cosplay-costume-kids-carnival-birthday-party-prom-costume-party-dresses-for-girls","DRAFT","no","49738546446586","Dress / 7-8T(Tag140)","14:365458#Dress;200000463:200004189#7-8T(Tag140)","True","6","35.16","14.06","4.11","no","","","","","","FAIL_DSERs_SKU_NOT_SELECTABLE_RISK_HOLD","","","","","","FAIL_DSERs_SKU_NOT_SELECTABLE_RISK_HOLD","DSers Shipping info checked 2026-07-26. The supplier selector exposes 7 SKUs for 20 Shopify variants; this exact Shopify variant is not selectable and therefore has no verified Canada or US fulfillment path. Keep Draft and remap or remove the variant; child-apparel composition, sizing, labeling, and flammability evidence also remains required."
"9326916927738","New Girl Dresses Princess Costume Kids Mermaid Cosplay Costume Kids Carnival Birthday Party Prom Costume Party Dresses For girls","new-girl-dresses-princess-costume-kids-mermaid-cosplay-costume-kids-carnival-birthday-party-prom-costume-party-dresses-for-girls","DRAFT","no","49738546479354","Dress / 9-10T(Tag150)","14:365458#Dress;200000463:200004195#9-10T(Tag150)","True","2","38.54","15.41","4.54","no","","","","","","FAIL_DSERs_SKU_NOT_SELECTABLE_RISK_HOLD","","","","","","FAIL_DSERs_SKU_NOT_SELECTABLE_RISK_HOLD","DSers Shipping info checked 2026-07-26. The supplier selector exposes 7 SKUs for 20 Shopify variants; this exact Shopify variant is not selectable and therefore has no verified Canada or US fulfillment path. Keep Draft and remap or remove the variant; child-apparel composition, sizing, labeling, and flammability evidence also remains required."
"9326916927738","New Girl Dresses Princess Costume Kids Mermaid Cosplay Costume Kids Carnival Birthday Party Prom Costume Party Dresses For girls","new-girl-dresses-princess-costume-kids-mermaid-cosplay-costume-kids-carnival-birthday-party-prom-costume-party-dresses-for-girls","DRAFT","no","49738546512122","Dress Sets 01 / 3-4T(Tag110)","14:1052#Dress Sets 01;200000463:200004187#3-4T(Tag110)","True","27","41.70","16.68","4.93","no","","","","","","FAIL_DSERs_SKU_NOT_SELECTABLE_RISK_HOLD","","","","","","FAIL_DSERs_SKU_NOT_SELECTABLE_RISK_HOLD","DSers Shipping info checked 2026-07-26. The supplier selector exposes 7 SKUs for 20 Shopify variants; this exact Shopify variant is not selectable and therefore has no verified Canada or US fulfillment path. Keep Draft and remap or remove the variant; child-apparel composition, sizing, labeling, and flammability evidence also remains required."
"9326916927738","New Girl Dresses Princess Costume Kids Mermaid Cosplay Costume Kids Carnival Birthday Party Prom Costume Party Dresses For girls","new-girl-dresses-princess-costume-kids-mermaid-cosplay-costume-kids-carnival-birthday-party-prom-costume-party-dresses-for-girls","DRAFT","no","49738546807034","Dress Sets 01 / 4-5T(Tag120)","14:1052#Dress Sets 01;200000463:200004198#4-5T(Tag120)","True","28","41.45","16.58","4.90","no","","","","","","FAIL_DSERs_SKU_NOT_SELECTABLE_RISK_HOLD","","","","","","FAIL_DSERs_SKU_NOT_SELECTABLE_RISK_HOLD","DSers Shipping info checked 2026-07-26. The supplier selector exposes 7 SKUs for 20 Shopify variants; this exact Shopify variant is not selectable and therefore has no verified Canada or US fulfillment path. Keep Draft and remap or remove the variant; child-apparel composition, sizing, labeling, and flammability evidence also remains required."
"9326916927738","New Girl Dresses Princess Costume Kids Mermaid Cosplay Costume Kids Carnival Birthday Party Prom Costume Party Dresses For girls","new-girl-dresses-princess-costume-kids-mermaid-cosplay-costume-kids-carnival-birthday-party-prom-costume-party-dresses-for-girls","DRAFT","no","49738546315514","Dress Sets 01 / 5-6T(Tag130)","14:1052#Dress Sets 01;200000463:200004197#5-6T(Tag130)","True","3","42.47","16.99","5.02","no","16.99","2.80","7~12 days","AliExpress Selection Standard","Available","PASS_EXACT_DSERs_SKU_RISK_HOLD","US$9.56~31.54 catalog range","US $1.99","7~12 days","AliExpress Selection Standard","Available","PASS_EXACT_DSERs_SKU_RISK_HOLD","Exact DSers Shipping info verified 2026-07-26 for this selectable supplier SKU. Ships from CN with tracking. DSers exposes only 7 selectable supplier SKUs for 20 Shopify variants; passing shipping does not clear the child-apparel composition, sizing, labeling, or flammability hold."
"9326916927738","New Girl Dresses Princess Costume Kids Mermaid Cosplay Costume Kids Carnival Birthday Party Prom Costume Party Dresses For girls","new-girl-dresses-princess-costume-kids-mermaid-cosplay-costume-kids-carnival-birthday-party-prom-costume-party-dresses-for-girls","DRAFT","no","49738546348282","Dress Sets 01 / 7-8T(Tag140)","14:1052#Dress Sets 01;200000463:200004189#7-8T(Tag140)","True","38","41.42","16.57","4.89","no","16.57","3.03","7~12 days","AliExpress Selection Standard","Available","PASS_EXACT_DSERs_SKU_RISK_HOLD","US$9.56~31.54 catalog range","US $2.15","7~12 days","AliExpress Selection Standard","Available","PASS_EXACT_DSERs_SKU_RISK_HOLD","Exact DSers Shipping info verified 2026-07-26 for this selectable supplier SKU. Ships from CN with tracking. DSers exposes only 7 selectable supplier SKUs for 20 Shopify variants; passing shipping does not clear the child-apparel composition, sizing, labeling, or flammability hold."
"9326916927738","New Girl Dresses Princess Costume Kids Mermaid Cosplay Costume Kids Carnival Birthday Party Prom Costume Party Dresses For girls","new-girl-dresses-princess-costume-kids-mermaid-cosplay-costume-kids-carnival-birthday-party-prom-costume-party-dresses-for-girls","DRAFT","no","49738546381050","Dress Sets 01 / 9-10T(Tag150)","14:1052#Dress Sets 01;200000463:200004195#9-10T(Tag150)","True","54","43.78","17.51","5.19","no","17.51","3.03","7~12 days","AliExpress Selection Standard","Available","PASS_EXACT_DSERs_SKU_RISK_HOLD","US$9.56~31.54 catalog range","US $1.99","7~12 days","AliExpress Selection Standard","Available","PASS_EXACT_DSERs_SKU_RISK_HOLD","Exact DSers Shipping info verified 2026-07-26 for this selectable supplier SKU. Ships from CN with tracking. DSers exposes only 7 selectable supplier SKUs for 20 Shopify variants; passing shipping does not clear the child-apparel composition, sizing, labeling, or flammability hold."
"9326916927738","New Girl Dresses Princess Costume Kids Mermaid Cosplay Costume Kids Carnival Birthday Party Prom Costume Party Dresses For girls","new-girl-dresses-princess-costume-kids-mermaid-cosplay-costume-kids-carnival-birthday-party-prom-costume-party-dresses-for-girls","DRAFT","no","49738546675962","Dress Sets 02 / 3-4T(Tag110)","14:200001438#Dress Sets 02;200000463:200004187#3-4T(Tag110)","True","33","75.03","30.01","9.11","no","","","","","","FAIL_DSERs_SKU_NOT_SELECTABLE_RISK_HOLD","","","","","","FAIL_DSERs_SKU_NOT_SELECTABLE_RISK_HOLD","DSers Shipping info checked 2026-07-26. The supplier selector exposes 7 SKUs for 20 Shopify variants; this exact Shopify variant is not selectable and therefore has no verified Canada or US fulfillment path. Keep Draft and remap or remove the variant; child-apparel composition, sizing, labeling, and flammability evidence also remains required."
"9326916927738","New Girl Dresses Princess Costume Kids Mermaid Cosplay Costume Kids Carnival Birthday Party Prom Costume Party Dresses For girls","new-girl-dresses-princess-costume-kids-mermaid-cosplay-costume-kids-carnival-birthday-party-prom-costume-party-dresses-for-girls","DRAFT","no","49738546708730","Dress Sets 02 / 4-5T(Tag120)","14:200001438#Dress Sets 02;200000463:200004198#4-5T(Tag120)","True","7","64.77","25.91","7.82","no","","","","","","FAIL_DSERs_SKU_NOT_SELECTABLE_RISK_HOLD","","","","","","FAIL_DSERs_SKU_NOT_SELECTABLE_RISK_HOLD","DSers Shipping info checked 2026-07-26. The supplier selector exposes 7 SKUs for 20 Shopify variants; this exact Shopify variant is not selectable and therefore has no verified Canada or US fulfillment path. Keep Draft and remap or remove the variant; child-apparel composition, sizing, labeling, and flammability evidence also remains required."
"9326916927738","New Girl Dresses Princess Costume Kids Mermaid Cosplay Costume Kids Carnival Birthday Party Prom Costume Party Dresses For girls","new-girl-dresses-princess-costume-kids-mermaid-cosplay-costume-kids-carnival-birthday-party-prom-costume-party-dresses-for-girls","DRAFT","no","49738546741498","Dress Sets 02 / 5-6T(Tag130)","14:200001438#Dress Sets 02;200000463:200004197#5-6T(Tag130)","True","15","63.96","25.58","7.72","no","","","","","","FAIL_DSERs_SKU_NOT_SELECTABLE_RISK_HOLD","","","","","","FAIL_DSERs_SKU_NOT_SELECTABLE_RISK_HOLD","DSers Shipping info checked 2026-07-26. The supplier selector exposes 7 SKUs for 20 Shopify variants; this exact Shopify variant is not selectable and therefore has no verified Canada or US fulfillment path. Keep Draft and remap or remove the variant; child-apparel composition, sizing, labeling, and flammability evidence also remains required."
"9326916927738","New Girl Dresses Princess Costume Kids Mermaid Cosplay Costume Kids Carnival Birthday Party Prom Costume Party Dresses For girls","new-girl-dresses-princess-costume-kids-mermaid-cosplay-costume-kids-carnival-birthday-party-prom-costume-party-dresses-for-girls","DRAFT","no","49738546774266","Dress Sets 02 / 7-8T(Tag140)","14:200001438#Dress Sets 02;200000463:200004189#7-8T(Tag140)","True","30","64.77","25.91","7.82","no","","","","","","FAIL_DSERs_SKU_NOT_SELECTABLE_RISK_HOLD","","","","","","FAIL_DSERs_SKU_NOT_SELECTABLE_RISK_HOLD","DSers Shipping info checked 2026-07-26. The supplier selector exposes 7 SKUs for 20 Shopify variants; this exact Shopify variant is not selectable and therefore has no verified Canada or US fulfillment path. Keep Draft and remap or remove the variant; child-apparel composition, sizing, labeling, and flammability evidence also remains required."
"9326916927738","New Girl Dresses Princess Costume Kids Mermaid Cosplay Costume Kids Carnival Birthday Party Prom Costume Party Dresses For girls","new-girl-dresses-princess-costume-kids-mermaid-cosplay-costume-kids-carnival-birthday-party-prom-costume-party-dresses-for-girls","DRAFT","no","49738546249978","Dress Sets 02 / 9-10T(Tag150)","14:200001438#Dress Sets 02;200000463:200004195#9-10T(Tag150)","True","45","66.35","26.54","8.02","no","26.54","3.03","7~12 days","AliExpress Selection Standard","Available","PASS_EXACT_DSERs_SKU_RISK_HOLD","US$9.56~31.54 catalog range","US $1.99","8~13 days","AliExpress Selection Standard","Available","PASS_EXACT_DSERs_SKU_RISK_HOLD","Exact DSers Shipping info verified 2026-07-26 for this selectable supplier SKU. Ships from CN with tracking. DSers exposes only 7 selectable supplier SKUs for 20 Shopify variants; passing shipping does not clear the child-apparel composition, sizing, labeling, or flammability hold."
"9326916927738","New Girl Dresses Princess Costume Kids Mermaid Cosplay Costume Kids Carnival Birthday Party Prom Costume Party Dresses For girls","new-girl-dresses-princess-costume-kids-mermaid-cosplay-costume-kids-carnival-birthday-party-prom-costume-party-dresses-for-girls","DRAFT","no","49738546577658","Dress Sets 03 / 3-4T(Tag110)","14:691#Dress Sets 03;200000463:200004187#3-4T(Tag110)","True","7","79.50","31.80","9.67","no","","","","","","FAIL_DSERs_SKU_NOT_SELECTABLE_RISK_HOLD","","","","","","FAIL_DSERs_SKU_NOT_SELECTABLE_RISK_HOLD","DSers Shipping info checked 2026-07-26. The supplier selector exposes 7 SKUs for 20 Shopify variants; this exact Shopify variant is not selectable and therefore has no verified Canada or US fulfillment path. Keep Draft and remap or remove the variant; child-apparel composition, sizing, labeling, and flammability evidence also remains required."
"9326916927738","New Girl Dresses Princess Costume Kids Mermaid Cosplay Costume Kids Carnival Birthday Party Prom Costume Party Dresses For girls","new-girl-dresses-princess-costume-kids-mermaid-cosplay-costume-kids-carnival-birthday-party-prom-costume-party-dresses-for-girls","DRAFT","no","49738546610426","Dress Sets 03 / 4-5T(Tag120)","14:691#Dress Sets 03;200000463:200004198#4-5T(Tag120)","True","35","77.53","31.01","9.42","no","","","","","","FAIL_DSERs_SKU_NOT_SELECTABLE_RISK_HOLD","","","","","","FAIL_DSERs_SKU_NOT_SELECTABLE_RISK_HOLD","DSers Shipping info checked 2026-07-26. The supplier selector exposes 7 SKUs for 20 Shopify variants; this exact Shopify variant is not selectable and therefore has no verified Canada or US fulfillment path. Keep Draft and remap or remove the variant; child-apparel composition, sizing, labeling, and flammability evidence also remains required."
"9326916927738","New Girl Dresses Princess Costume Kids Mermaid Cosplay Costume Kids Carnival Birthday Party Prom Costume Party Dresses For girls","new-girl-dresses-princess-costume-kids-mermaid-cosplay-costume-kids-carnival-birthday-party-prom-costume-party-dresses-for-girls","DRAFT","no","49738546643194","Dress Sets 03 / 5-6T(Tag130)","14:691#Dress Sets 03;200000463:200004197#5-6T(Tag130)","True","5","81.22","32.49","9.88","no","","","","","","FAIL_DSERs_SKU_NOT_SELECTABLE_RISK_HOLD","","","","","","FAIL_DSERs_SKU_NOT_SELECTABLE_RISK_HOLD","DSers Shipping info checked 2026-07-26. The supplier selector exposes 7 SKUs for 20 Shopify variants; this exact Shopify variant is not selectable and therefore has no verified Canada or US fulfillment path. Keep Draft and remap or remove the variant; child-apparel composition, sizing, labeling, and flammability evidence also remains required."
"9326916927738","New Girl Dresses Princess Costume Kids Mermaid Cosplay Costume Kids Carnival Birthday Party Prom Costume Party Dresses For girls","new-girl-dresses-princess-costume-kids-mermaid-cosplay-costume-kids-carnival-birthday-party-prom-costume-party-dresses-for-girls","DRAFT","no","49738546184442","Dress Sets 03 / 7-8T(Tag140)","14:691#Dress Sets 03;200000463:200004189#7-8T(Tag140)","True","2","81.12","32.45","9.87","no","32.45","0.00","7~12 days","AliExpress Selection Standard","Available","PASS_EXACT_DSERs_SKU_RISK_HOLD","US$9.56~31.54 catalog range","US $1.99","7~12 days","AliExpress Selection Standard","Available","PASS_EXACT_DSERs_SKU_RISK_HOLD","Exact DSers Shipping info verified 2026-07-26 for this selectable supplier SKU. Ships from CN with tracking. DSers exposes only 7 selectable supplier SKUs for 20 Shopify variants; passing shipping does not clear the child-apparel composition, sizing, labeling, or flammability hold."
"9326916927738","New Girl Dresses Princess Costume Kids Mermaid Cosplay Costume Kids Carnival Birthday Party Prom Costume Party Dresses For girls","new-girl-dresses-princess-costume-kids-mermaid-cosplay-costume-kids-carnival-birthday-party-prom-costume-party-dresses-for-girls","DRAFT","no","49738546217210","Dress Sets 03 / 9-10T(Tag150)","14:691#Dress Sets 03;200000463:200004195#9-10T(Tag150)","True","47","111.00","44.40","13.61","no","44.40","3.03","7~12 days","AliExpress Selection Standard","Available","PASS_EXACT_DSERs_SKU_RISK_HOLD","US$9.56~31.54 catalog range","US $1.99","8~13 days","AliExpress Selection Standard","Available","PASS_EXACT_DSERs_SKU_RISK_HOLD","Exact DSers Shipping info verified 2026-07-26 for this selectable supplier SKU. Ships from CN with tracking. DSers exposes only 7 selectable supplier SKUs for 20 Shopify variants; passing shipping does not clear the child-apparel composition, sizing, labeling, or flammability hold."
"9326917648634","New Heated Rivalry Hockey Jersey Long Sleeves Tee Men's","new-heated-rivalry-hockey-jersey-long-sleeves-tee-mens-womens-rozanov-hollander-t-shirt-unisex-tops-pullovers","DRAFT","no","49738554048762","1216Y01-110-ZKB / 4XL","14:771#1216Y01-110-ZKB;5:200000990","True","224","52.99","16.27","11.27","no","","","","","","","","","","","","",""
"9326917648634","New Heated Rivalry Hockey Jersey Long Sleeves Tee Men's","new-heated-rivalry-hockey-jersey-long-sleeves-tee-mens-womens-rozanov-hollander-t-shirt-unisex-tops-pullovers","DRAFT","no","49738554179834","1216Y01-110-ZKB / L","14:771#1216Y01-110-ZKB;5:361385","True","134","52.99","15.39","12.15","no","","","","","","","","","","","","",""
"9326917648634","New Heated Rivalry Hockey Jersey Long Sleeves Tee Men's","new-heated-rivalry-hockey-jersey-long-sleeves-tee-mens-womens-rozanov-hollander-t-shirt-unisex-tops-pullovers","DRAFT","no","49738554147066","1216Y01-110-ZKB / M","14:771#1216Y01-110-ZKB;5:361386","True","112","52.99","15.20","12.34","no","","","","","","","","","","","","",""
"9326917648634","New Heated Rivalry Hockey Jersey Long Sleeves Tee Men's","new-heated-rivalry-hockey-jersey-long-sleeves-tee-mens-womens-rozanov-hollander-t-shirt-unisex-tops-pullovers","DRAFT","no","49738554278138","1216Y01-110-ZKB / S","14:771#1216Y01-110-ZKB;5:100014064","True","109","52.99","14.74","12.80","no","","","","","","","","","","","","",""
"9326917648634","New Heated Rivalry Hockey Jersey Long Sleeves Tee Men's","new-heated-rivalry-hockey-jersey-long-sleeves-tee-mens-womens-rozanov-hollander-t-shirt-unisex-tops-pullovers","DRAFT","no","49738554212602","1216Y01-110-ZKB / XL","14:771#1216Y01-110-ZKB;5:100014065","True","116","52.99","15.78","11.76","no","","","","","","","","","","","","",""
"9326917648634","New Heated Rivalry Hockey Jersey Long Sleeves Tee Men's","new-heated-rivalry-hockey-jersey-long-sleeves-tee-mens-womens-rozanov-hollander-t-shirt-unisex-tops-pullovers","DRAFT","no","49738554245370","1216Y01-110-ZKB / XXL","14:771#1216Y01-110-ZKB;5:4182","True","142","52.99","15.85","11.69","no","","","","","","","","","","","","",""
"9326917648634","New Heated Rivalry Hockey Jersey Long Sleeves Tee Men's","new-heated-rivalry-hockey-jersey-long-sleeves-tee-mens-womens-rozanov-hollander-t-shirt-unisex-tops-pullovers","DRAFT","no","49738554015994","1216Y01-110-ZKB / XXXL","14:771#1216Y01-110-ZKB;5:4183","True","227","52.99","15.95","11.59","no","","","","","","","","","","","","",""
"9326917648634","New Heated Rivalry Hockey Jersey Long Sleeves Tee Men's","new-heated-rivalry-hockey-jersey-long-sleeves-tee-mens-womens-rozanov-hollander-t-shirt-unisex-tops-pullovers","DRAFT","no","49738554441978","1216Y02-110-ZKB / 4XL","14:193#1216Y02-110-ZKB;5:200000990","True","217","52.99","16.36","11.18","no","","","","","","","","","","","","",""
"9326917648634","New Heated Rivalry Hockey Jersey Long Sleeves Tee Men's","new-heated-rivalry-hockey-jersey-long-sleeves-tee-mens-womens-rozanov-hollander-t-shirt-unisex-tops-pullovers","DRAFT","no","49738553884922","1216Y02-110-ZKB / L","14:193#1216Y02-110-ZKB;5:361385","True","134","52.99","15.50","12.04","no","","","","","","","","","","","","",""
"9326917648634","New Heated Rivalry Hockey Jersey Long Sleeves Tee Men's","new-heated-rivalry-hockey-jersey-long-sleeves-tee-mens-womens-rozanov-hollander-t-shirt-unisex-tops-pullovers","DRAFT","no","49738554114298","1216Y02-110-ZKB / M","14:193#1216Y02-110-ZKB;5:361386","True","104","52.99","15.18","12.36","no","","","","","","","","","","","","",""
"9326917648634","New Heated Rivalry Hockey Jersey Long Sleeves Tee Men's","new-heated-rivalry-hockey-jersey-long-sleeves-tee-mens-womens-rozanov-hollander-t-shirt-unisex-tops-pullovers","DRAFT","no","49738554081530","1216Y02-110-ZKB / S","14:193#1216Y02-110-ZKB;5:100014064","True","123","52.99","14.73","12.81","no","","","","","","","","","","","","",""
"9326917648634","New Heated Rivalry Hockey Jersey Long Sleeves Tee Men's","new-heated-rivalry-hockey-jersey-long-sleeves-tee-mens-womens-rozanov-hollander-t-shirt-unisex-tops-pullovers","DRAFT","no","49738553917690","1216Y02-110-ZKB / XL","14:193#1216Y02-110-ZKB;5:100014065","True","99","52.99","15.56","11.98","no","","","","","","","","","","","","",""
"9326917648634","New Heated Rivalry Hockey Jersey Long Sleeves Tee Men's","new-heated-rivalry-hockey-jersey-long-sleeves-tee-mens-womens-rozanov-hollander-t-shirt-unisex-tops-pullovers","DRAFT","no","49738553950458","1216Y02-110-ZKB / XXL","14:193#1216Y02-110-ZKB;5:4182","True","155","52.99","15.89","11.65","no","","","","","","","","","","","","",""
"9326917648634","New Heated Rivalry Hockey Jersey Long Sleeves Tee Men's","new-heated-rivalry-hockey-jersey-long-sleeves-tee-mens-womens-rozanov-hollander-t-shirt-unisex-tops-pullovers","DRAFT","no","49738553983226","1216Y02-110-ZKB / XXXL","14:193#1216Y02-110-ZKB;5:4183","True","225","52.99","16.01","11.53","no","","","","","","","","","","","","",""
"9326917648634","New Heated Rivalry Hockey Jersey Long Sleeves Tee Men's","new-heated-rivalry-hockey-jersey-long-sleeves-tee-mens-womens-rozanov-hollander-t-shirt-unisex-tops-pullovers","DRAFT","no","49738554409210","1216Y03-110-ZKB / 4XL","14:173#1216Y03-110-ZKB;5:200000990","True","255","52.99","16.24","11.30","no","","","","","","","","","","","","",""
"9326917648634","New Heated Rivalry Hockey Jersey Long Sleeves Tee Men's","new-heated-rivalry-hockey-jersey-long-sleeves-tee-mens-womens-rozanov-hollander-t-shirt-unisex-tops-pullovers","DRAFT","no","49738554540282","1216Y03-110-ZKB / L","14:173#1216Y03-110-ZKB;5:361385","True","275","52.99","15.48","12.06","no","","","","","","","","","","","","",""
"9326917648634","New Heated Rivalry Hockey Jersey Long Sleeves Tee Men's","new-heated-rivalry-hockey-jersey-long-sleeves-tee-mens-womens-rozanov-hollander-t-shirt-unisex-tops-pullovers","DRAFT","no","49738554507514","1216Y03-110-ZKB / M","14:173#1216Y03-110-ZKB;5:361386","True","286","52.99","15.27","12.27","no","","","","","","","","","","","","",""
"9326917648634","New Heated Rivalry Hockey Jersey Long Sleeves Tee Men's","new-heated-rivalry-hockey-jersey-long-sleeves-tee-mens-womens-rozanov-hollander-t-shirt-unisex-tops-pullovers","DRAFT","no","49738554474746","1216Y03-110-ZKB / S","14:173#1216Y03-110-ZKB;5:100014064","True","253","52.99","14.61","12.93","no","","","","","","","","","","","","",""
"9326917648634","New Heated Rivalry Hockey Jersey Long Sleeves Tee Men's","new-heated-rivalry-hockey-jersey-long-sleeves-tee-mens-womens-rozanov-hollander-t-shirt-unisex-tops-pullovers","DRAFT","no","49738554310906","1216Y03-110-ZKB / XL","14:173#1216Y03-110-ZKB;5:100014065","True","237","52.99","15.63","11.91","no","","","","","","","","","","","","",""
"9326917648634","New Heated Rivalry Hockey Jersey Long Sleeves Tee Men's","new-heated-rivalry-hockey-jersey-long-sleeves-tee-mens-womens-rozanov-hollander-t-shirt-unisex-tops-pullovers","DRAFT","no","49738554343674","1216Y03-110-ZKB / XXL","14:173#1216Y03-110-ZKB;5:4182","True","247","52.99","14.75","12.79","no","","","","","","","","","","","","",""
"9326917648634","New Heated Rivalry Hockey Jersey Long Sleeves Tee Men's","new-heated-rivalry-hockey-jersey-long-sleeves-tee-mens-womens-rozanov-hollander-t-shirt-unisex-tops-pullovers","DRAFT","no","49738554376442","1216Y03-110-ZKB / XXXL","14:173#1216Y03-110-ZKB;5:4183","True","255","52.99","16.01","11.53","no","","","","","","","","","","","","",""
"9326920335610","No-Drill Shower Shelf","no-drill-shower-shelf","DRAFT","yes","49738577838330","2 Pcs Black 1 Rod / China Mainland","14:200002984#2 Pcs Black 1 Rod;200007763:201336100","True","99","82.56","33.02","10.05","yes","33.02","69.00+","52 days or no shipping depending on SKU","AliExpress Premium Shipping from CN shown at US $48.92 on 2 Pcs Wihte 1 Rod; Black single SKU returned No Shipping","9981","FAIL_SUPPLIER_SWAP_OR_REJECT","","","","","","","Checked in DSers Shipping info modal for Canada on 2026-07-26. Exact quote fails launch economics: cheapest quoted method was US $48.92 (~CA$69 using DSers visible FX), while cap is about CA$5.28 max; one single-shelf SKU returned No Shipping."
"9326920335610","No-Drill Shower Shelf","no-drill-shower-shelf","DRAFT","yes","49738577903866","2 Pcs Grey 1 Rod / China Mainland","14:200005536#2 Pcs Grey 1 Rod;200007763:201336100","True","992","82.56","33.02","10.05","yes","33.02","69.00+","52 days or no shipping depending on SKU","AliExpress Premium Shipping from CN shown at US $48.92 on 2 Pcs Wihte 1 Rod; Black single SKU returned No Shipping","9981","FAIL_SUPPLIER_SWAP_OR_REJECT","","","","","","","Checked in DSers Shipping info modal for Canada on 2026-07-26. Exact quote fails launch economics: cheapest quoted method was US $48.92 (~CA$69 using DSers visible FX), while cap is about CA$5.28 max; one single-shelf SKU returned No Shipping."
"9326920335610","No-Drill Shower Shelf","no-drill-shower-shelf","DRAFT","yes","49738577740026","2 Pcs Silver 1 Rod / China Mainland","14:1063#2 Pcs Silver 1 Rod;200007763:201336100","True","992","83.05","33.22","10.11","yes","33.22","69.00+","52 days or no shipping depending on SKU","AliExpress Premium Shipping from CN shown at US $48.92 on 2 Pcs Wihte 1 Rod; Black single SKU returned No Shipping","9981","FAIL_SUPPLIER_SWAP_OR_REJECT","","","","","","","Checked in DSers Shipping info modal for Canada on 2026-07-26. Exact quote fails launch economics: cheapest quoted method was US $48.92 (~CA$69 using DSers visible FX), while cap is about CA$5.28 max; one single-shelf SKU returned No Shipping."
"9326920335610","No-Drill Shower Shelf","no-drill-shower-shelf","DRAFT","yes","49738577608954","2 Pcs Wihte 1 Rod / China Mainland","14:200000195#2 Pcs Wihte 1 Rod;200007763:201336100","True","996","82.56","33.02","10.05","yes","33.02","69.00+","52 days or no shipping depending on SKU","AliExpress Premium Shipping from CN shown at US $48.92 on 2 Pcs Wihte 1 Rod; Black single SKU returned No Shipping","9981","FAIL_SUPPLIER_SWAP_OR_REJECT","","","","","","","Checked in DSers Shipping info modal for Canada on 2026-07-26. Exact quote fails launch economics: cheapest quoted method was US $48.92 (~CA$69 using DSers visible FX), while cap is about CA$5.28 max; one single-shelf SKU returned No Shipping."
"9326920335610","No-Drill Shower Shelf","no-drill-shower-shelf","DRAFT","yes","49738577707258","Black / China Mainland","14:29#Black;200007763:201336100","True","0","44.48","17.79","5.28","yes","17.79","69.00+","52 days or no shipping depending on SKU","AliExpress Premium Shipping from CN shown at US $48.92 on 2 Pcs Wihte 1 Rod; Black single SKU returned No Shipping","9981","FAIL_SUPPLIER_SWAP_OR_REJECT","","","","","","","Checked in DSers Shipping info modal for Canada on 2026-07-26. Exact quote fails launch economics: cheapest quoted method was US $48.92 (~CA$69 using DSers visible FX), while cap is about CA$5.28 max; one single-shelf SKU returned No Shipping."
"9326920335610","No-Drill Shower Shelf","no-drill-shower-shelf","DRAFT","yes","49738577674490","Black with Rod / China Mainland","14:10#Black with Rod;200007763:201336100","True","980","47.96","19.18","5.72","yes","19.18","69.00+","52 days or no shipping depending on SKU","AliExpress Premium Shipping from CN shown at US $48.92 on 2 Pcs Wihte 1 Rod; Black single SKU returned No Shipping","9981","FAIL_SUPPLIER_SWAP_OR_REJECT","","","","","","","Checked in DSers Shipping info modal for Canada on 2026-07-26. Exact quote fails launch economics: cheapest quoted method was US $48.92 (~CA$69 using DSers visible FX), while cap is about CA$5.28 max; one single-shelf SKU returned No Shipping."
"9326920335610","No-Drill Shower Shelf","no-drill-shower-shelf","DRAFT","yes","49738577969402","Grey / China Mainland","14:200006152#Grey;200007763:201336100","True","976","44.48","17.79","5.28","yes","17.79","69.00+","52 days or no shipping depending on SKU","AliExpress Premium Shipping from CN shown at US $48.92 on 2 Pcs Wihte 1 Rod; Black single SKU returned No Shipping","9981","FAIL_SUPPLIER_SWAP_OR_REJECT","","","","","","","Checked in DSers Shipping info modal for Canada on 2026-07-26. Exact quote fails launch economics: cheapest quoted method was US $48.92 (~CA$69 using DSers visible FX), while cap is about CA$5.28 max; one single-shelf SKU returned No Shipping."
"9326920335610","No-Drill Shower Shelf","no-drill-shower-shelf","DRAFT","yes","49738577936634","Grey with Rod / China Mainland","14:200006153#Grey with Rod;200007763:201336100","True","996","47.96","19.18","5.72","yes","19.18","69.00+","52 days or no shipping depending on SKU","AliExpress Premium Shipping from CN shown at US $48.92 on 2 Pcs Wihte 1 Rod; Black single SKU returned No Shipping","9981","FAIL_SUPPLIER_SWAP_OR_REJECT","","","","","","","Checked in DSers Shipping info modal for Canada on 2026-07-26. Exact quote fails launch economics: cheapest quoted method was US $48.92 (~CA$69 using DSers visible FX), while cap is about CA$5.28 max; one single-shelf SKU returned No Shipping."
"9326920335610","No-Drill Shower Shelf","no-drill-shower-shelf","DRAFT","yes","49738577805562","Silver / China Mainland","14:200006151#Silver;200007763:201336100","True","986","44.72","17.89","5.30","yes","17.89","69.00+","52 days or no shipping depending on SKU","AliExpress Premium Shipping from CN shown at US $48.92 on 2 Pcs Wihte 1 Rod; Black single SKU returned No Shipping","9981","FAIL_SUPPLIER_SWAP_OR_REJECT","","","","","","","Checked in DSers Shipping info modal for Canada on 2026-07-26. Exact quote fails launch economics: cheapest quoted method was US $48.92 (~CA$69 using DSers visible FX), while cap is about CA$5.28 max; one single-shelf SKU returned No Shipping."
"9326920335610","No-Drill Shower Shelf","no-drill-shower-shelf","DRAFT","yes","49738577772794","Silver with Rod / China Mainland","14:173#Silver with Rod;200007763:201336100","True","991","48.21","19.28","5.75","yes","19.28","69.00+","52 days or no shipping depending on SKU","AliExpress Premium Shipping from CN shown at US $48.92 on 2 Pcs Wihte 1 Rod; Black single SKU returned No Shipping","9981","FAIL_SUPPLIER_SWAP_OR_REJECT","","","","","","","Checked in DSers Shipping info modal for Canada on 2026-07-26. Exact quote fails launch economics: cheapest quoted method was US $48.92 (~CA$69 using DSers visible FX), while cap is about CA$5.28 max; one single-shelf SKU returned No Shipping."
"9326920335610","No-Drill Shower Shelf","no-drill-shower-shelf","DRAFT","yes","49738577871098","White / China Mainland","14:365458#White;200007763:201336100","True","985","44.48","17.79","5.28","yes","17.79","69.00+","52 days or no shipping depending on SKU","AliExpress Premium Shipping from CN shown at US $48.92 on 2 Pcs Wihte 1 Rod; Black single SKU returned No Shipping","9981","FAIL_SUPPLIER_SWAP_OR_REJECT","","","","","","","Checked in DSers Shipping info modal for Canada on 2026-07-26. Exact quote fails launch economics: cheapest quoted method was US $48.92 (~CA$69 using DSers visible FX), while cap is about CA$5.28 max; one single-shelf SKU returned No Shipping."
"9326920335610","No-Drill Shower Shelf","no-drill-shower-shelf","DRAFT","yes","49738577641722","White with Rod / China Mainland","14:100013777#White with Rod;200007763:201336100","True","988","47.96","19.18","5.72","yes","19.18","69.00+","52 days or no shipping depending on SKU","AliExpress Premium Shipping from CN shown at US $48.92 on 2 Pcs Wihte 1 Rod; Black single SKU returned No Shipping","9981","FAIL_SUPPLIER_SWAP_OR_REJECT","","","","","","","Checked in DSers Shipping info modal for Canada on 2026-07-26. Exact quote fails launch economics: cheapest quoted method was US $48.92 (~CA$69 using DSers visible FX), while cap is about CA$5.28 max; one single-shelf SKU returned No Shipping."
"9326919024890","Outdoor Cycling Sunglasses","scvcn-new-outdoor-cycling-sunglasses-men-road-driving-bike-glasses-sports-mountain-climbing-women-bicycle-cycling-uv400-goggles","DRAFT","yes","49738573119738","C-DZ-S62-B-01 / 1LENS","14:350852#C-DZ-S62-B-01;73:29#1LENS","True","25","17.30","6.92","1.87","yes","6.92","3.03","6~11 days sampled range","AliExpress Selection Standard; ships from CN where available; DSers displayed US $2.15 shipping on sampled shippable SKU","1013","FAIL_REPRICE_OR_REJECT","","","","","","","Checked in DSers Shipping info modal for Canada on 2026-07-26. C-DZ-S62-B-40-1LENS returned US $2.15 shipping with tracking available; C-DZ-S62-B-41-1LENS returned No Shipping. All worksheet caps are below CA$3.03, so reprice, replace supplier, or reject before launch."
"9326919024890","Outdoor Cycling Sunglasses","scvcn-new-outdoor-cycling-sunglasses-men-road-driving-bike-glasses-sports-mountain-climbing-women-bicycle-cycling-uv400-goggles","DRAFT","yes","49738573742330","C-DZ-S62-B-02 / 1LENS","14:200001951#C-DZ-S62-B-02;73:29#1LENS","True","13","16.49","6.60","1.76","yes","6.60","3.03","6~11 days sampled range","AliExpress Selection Standard; ships from CN where available; DSers displayed US $2.15 shipping on sampled shippable SKU","1013","FAIL_REPRICE_OR_REJECT","","","","","","","Checked in DSers Shipping info modal for Canada on 2026-07-26. C-DZ-S62-B-40-1LENS returned US $2.15 shipping with tracking available; C-DZ-S62-B-41-1LENS returned No Shipping. All worksheet caps are below CA$3.03, so reprice, replace supplier, or reject before launch."
"9326919024890","Outdoor Cycling Sunglasses","scvcn-new-outdoor-cycling-sunglasses-men-road-driving-bike-glasses-sports-mountain-climbing-women-bicycle-cycling-uv400-goggles","DRAFT","yes","49738573709562","C-DZ-S62-B-03 / 1LENS","14:771#C-DZ-S62-B-03;73:29#1LENS","True","20","16.56","6.62","1.78","yes","6.62","3.03","6~11 days sampled range","AliExpress Selection Standard; ships from CN where available; DSers displayed US $2.15 shipping on sampled shippable SKU","1013","FAIL_REPRICE_OR_REJECT","","","","","","","Checked in DSers Shipping info modal for Canada on 2026-07-26. C-DZ-S62-B-40-1LENS returned US $2.15 shipping with tracking available; C-DZ-S62-B-41-1LENS returned No Shipping. All worksheet caps are below CA$3.03, so reprice, replace supplier, or reject before launch."
"9326919024890","Outdoor Cycling Sunglasses","scvcn-new-outdoor-cycling-sunglasses-men-road-driving-bike-glasses-sports-mountain-climbing-women-bicycle-cycling-uv400-goggles","DRAFT","yes","49738573676794","C-DZ-S62-B-04 / 1LENS","14:200002130#C-DZ-S62-B-04;73:29#1LENS","True","5","16.56","6.62","1.78","yes","6.62","3.03","6~11 days sampled range","AliExpress Selection Standard; ships from CN where available; DSers displayed US $2.15 shipping on sampled shippable SKU","1013","FAIL_REPRICE_OR_REJECT","","","","","","","Checked in DSers Shipping info modal for Canada on 2026-07-26. C-DZ-S62-B-40-1LENS returned US $2.15 shipping with tracking available; C-DZ-S62-B-41-1LENS returned No Shipping. All worksheet caps are below CA$3.03, so reprice, replace supplier, or reject before launch."
"9326919024890","Outdoor Cycling Sunglasses","scvcn-new-outdoor-cycling-sunglasses-men-road-driving-bike-glasses-sports-mountain-climbing-women-bicycle-cycling-uv400-goggles","DRAFT","yes","49738573644026","C-DZ-S62-B-05 / 1LENS","14:200003699#C-DZ-S62-B-05;73:29#1LENS","True","10","17.09","6.84","1.84","yes","6.84","3.03","6~11 days sampled range","AliExpress Selection Standard; ships from CN where available; DSers displayed US $2.15 shipping on sampled shippable SKU","1013","FAIL_REPRICE_OR_REJECT","","","","","","","Checked in DSers Shipping info modal for Canada on 2026-07-26. C-DZ-S62-B-40-1LENS returned US $2.15 shipping with tracking available; C-DZ-S62-B-41-1LENS returned No Shipping. All worksheet caps are below CA$3.03, so reprice, replace supplier, or reject before launch."
"9326919024890","Outdoor Cycling Sunglasses","scvcn-new-outdoor-cycling-sunglasses-men-road-driving-bike-glasses-sports-mountain-climbing-women-bicycle-cycling-uv400-goggles","DRAFT","yes","49738573578490","C-DZ-S62-B-06 / 1LENS","14:200004889#C-DZ-S62-B-06;73:29#1LENS","True","372","17.33","6.93","1.87","yes","6.93","3.03","6~11 days sampled range","AliExpress Selection Standard; ships from CN where available; DSers displayed US $2.15 shipping on sampled shippable SKU","1013","FAIL_REPRICE_OR_REJECT","","","","","","","Checked in DSers Shipping info modal for Canada on 2026-07-26. C-DZ-S62-B-40-1LENS returned US $2.15 shipping with tracking available; C-DZ-S62-B-41-1LENS returned No Shipping. All worksheet caps are below CA$3.03, so reprice, replace supplier, or reject before launch."
"9326919024890","Outdoor Cycling Sunglasses","scvcn-new-outdoor-cycling-sunglasses-men-road-driving-bike-glasses-sports-mountain-climbing-women-bicycle-cycling-uv400-goggles","DRAFT","yes","49738573512954","C-DZ-S62-B-08 / 1LENS","14:1254#C-DZ-S62-B-08;73:29#1LENS","True","13","17.16","6.86","1.86","yes","6.86","3.03","6~11 days sampled range","AliExpress Selection Standard; ships from CN where available; DSers displayed US $2.15 shipping on sampled shippable SKU","1013","FAIL_REPRICE_OR_REJECT","","","","","","","Checked in DSers Shipping info modal for Canada on 2026-07-26. C-DZ-S62-B-40-1LENS returned US $2.15 shipping with tracking available; C-DZ-S62-B-41-1LENS returned No Shipping. All worksheet caps are below CA$3.03, so reprice, replace supplier, or reject before launch."
"9326919024890","Outdoor Cycling Sunglasses","scvcn-new-outdoor-cycling-sunglasses-men-road-driving-bike-glasses-sports-mountain-climbing-women-bicycle-cycling-uv400-goggles","DRAFT","yes","49738573447418","C-DZ-S62-B-31 / 1LENS","14:200004890#C-DZ-S62-B-31;73:29#1LENS","True","3","16.49","6.60","1.76","yes","6.60","3.03","6~11 days sampled range","AliExpress Selection Standard; ships from CN where available; DSers displayed US $2.15 shipping on sampled shippable SKU","1013","FAIL_REPRICE_OR_REJECT","","","","","","","Checked in DSers Shipping info modal for Canada on 2026-07-26. C-DZ-S62-B-40-1LENS returned US $2.15 shipping with tracking available; C-DZ-S62-B-41-1LENS returned No Shipping. All worksheet caps are below CA$3.03, so reprice, replace supplier, or reject before launch."
"9326919024890","Outdoor Cycling Sunglasses","scvcn-new-outdoor-cycling-sunglasses-men-road-driving-bike-glasses-sports-mountain-climbing-women-bicycle-cycling-uv400-goggles","DRAFT","yes","49738573381882","C-DZ-S62-B-34 / 1LENS","14:200004891#C-DZ-S62-B-34;73:29#1LENS","True","90","17.19","6.88","1.85","yes","6.88","3.03","6~11 days sampled range","AliExpress Selection Standard; ships from CN where available; DSers displayed US $2.15 shipping on sampled shippable SKU","1013","FAIL_REPRICE_OR_REJECT","","","","","","","Checked in DSers Shipping info modal for Canada on 2026-07-26. C-DZ-S62-B-40-1LENS returned US $2.15 shipping with tracking available; C-DZ-S62-B-41-1LENS returned No Shipping. All worksheet caps are below CA$3.03, so reprice, replace supplier, or reject before launch."
"9326919024890","Outdoor Cycling Sunglasses","scvcn-new-outdoor-cycling-sunglasses-men-road-driving-bike-glasses-sports-mountain-climbing-women-bicycle-cycling-uv400-goggles","DRAFT","yes","49738573086970","C-DZ-S62-B-37 / 1LENS","14:100018786#C-DZ-S62-B-37;73:29#1LENS","True","5","17.05","6.82","1.84","yes","6.82","3.03","6~11 days sampled range","AliExpress Selection Standard; ships from CN where available; DSers displayed US $2.15 shipping on sampled shippable SKU","1013","FAIL_REPRICE_OR_REJECT","","","","","","","Checked in DSers Shipping info modal for Canada on 2026-07-26. C-DZ-S62-B-40-1LENS returned US $2.15 shipping with tracking available; C-DZ-S62-B-41-1LENS returned No Shipping. All worksheet caps are below CA$3.03, so reprice, replace supplier, or reject before launch."
"9326919024890","Outdoor Cycling Sunglasses","scvcn-new-outdoor-cycling-sunglasses-men-road-driving-bike-glasses-sports-mountain-climbing-women-bicycle-cycling-uv400-goggles","DRAFT","yes","49738573054202","C-DZ-S62-B-39 / 1LENS","14:200002984#C-DZ-S62-B-39;73:29#1LENS","True","3","17.09","6.84","1.84","yes","6.84","3.03","6~11 days sampled range","AliExpress Selection Standard; ships from CN where available; DSers displayed US $2.15 shipping on sampled shippable SKU","1013","FAIL_REPRICE_OR_REJECT","","","","","","","Checked in DSers Shipping info modal for Canada on 2026-07-26. C-DZ-S62-B-40-1LENS returned US $2.15 shipping with tracking available; C-DZ-S62-B-41-1LENS returned No Shipping. All worksheet caps are below CA$3.03, so reprice, replace supplier, or reject before launch."
"9326919024890","Outdoor Cycling Sunglasses","scvcn-new-outdoor-cycling-sunglasses-men-road-driving-bike-glasses-sports-mountain-climbing-women-bicycle-cycling-uv400-goggles","DRAFT","yes","49738573021434","C-DZ-S62-B-40 / 1LENS","14:200006153#C-DZ-S62-B-40;73:29#1LENS","True","15","17.12","6.85","1.84","yes","6.85","3.03","6~11 days sampled range","AliExpress Selection Standard; ships from CN where available; DSers displayed US $2.15 shipping on sampled shippable SKU","1013","FAIL_REPRICE_OR_REJECT","","","","","","","Checked in DSers Shipping info modal for Canada on 2026-07-26. C-DZ-S62-B-40-1LENS returned US $2.15 shipping with tracking available; C-DZ-S62-B-41-1LENS returned No Shipping. All worksheet caps are below CA$3.03, so reprice, replace supplier, or reject before launch."
"9326919024890","Outdoor Cycling Sunglasses","scvcn-new-outdoor-cycling-sunglasses-men-road-driving-bike-glasses-sports-mountain-climbing-women-bicycle-cycling-uv400-goggles","DRAFT","yes","49738572988666","C-DZ-S62-B-41 / 1LENS","14:200006154#C-DZ-S62-B-41;73:29#1LENS","True","0","17.55","7.02","1.90","yes","7.02","NO_SHIPPING","No Shipping sampled","AliExpress Selection Standard; ships from CN where available; DSers displayed US $2.15 shipping on sampled shippable SKU","1013","FAIL_NO_SHIPPING","","","","","","","Checked in DSers Shipping info modal for Canada on 2026-07-26. C-DZ-S62-B-41-1LENS returned No Shipping; another sampled SKU returned US $2.15, but all worksheet caps are below CA$3.03. Remove, reprice, or replace supplier before launch."
"9326919024890","Outdoor Cycling Sunglasses","scvcn-new-outdoor-cycling-sunglasses-men-road-driving-bike-glasses-sports-mountain-climbing-women-bicycle-cycling-uv400-goggles","DRAFT","yes","49738573938938","DZ-S1411-B-01 / 1LENS","14:29#DZ-S1411-B-01;73:29#1LENS","True","23","17.02","6.81","1.83","yes","6.81","3.03","6~11 days sampled range","AliExpress Selection Standard; ships from CN where available; DSers displayed US $2.15 shipping on sampled shippable SKU","1013","FAIL_REPRICE_OR_REJECT","","","","","","","Checked in DSers Shipping info modal for Canada on 2026-07-26. C-DZ-S62-B-40-1LENS returned US $2.15 shipping with tracking available; C-DZ-S62-B-41-1LENS returned No Shipping. All worksheet caps are below CA$3.03, so reprice, replace supplier, or reject before launch."
"9326919024890","Outdoor Cycling Sunglasses","scvcn-new-outdoor-cycling-sunglasses-men-road-driving-bike-glasses-sports-mountain-climbing-women-bicycle-cycling-uv400-goggles","DRAFT","yes","49738573906170","DZ-S1411-B-02 / 1LENS","14:193#DZ-S1411-B-02;73:29#1LENS","True","35","16.95","6.78","1.82","yes","6.78","3.03","6~11 days sampled range","AliExpress Selection Standard; ships from CN where available; DSers displayed US $2.15 shipping on sampled shippable SKU","1013","FAIL_REPRICE_OR_REJECT","","","","","","","Checked in DSers Shipping info modal for Canada on 2026-07-26. C-DZ-S62-B-40-1LENS returned US $2.15 shipping with tracking available; C-DZ-S62-B-41-1LENS returned No Shipping. All worksheet caps are below CA$3.03, so reprice, replace supplier, or reject before launch."
"9326919024890","Outdoor Cycling Sunglasses","scvcn-new-outdoor-cycling-sunglasses-men-road-driving-bike-glasses-sports-mountain-climbing-women-bicycle-cycling-uv400-goggles","DRAFT","yes","49738573873402","DZ-S1411-B-03 / 1LENS","14:175#DZ-S1411-B-03;73:29#1LENS","True","16","17.40","6.96","1.88","yes","6.96","3.03","6~11 days sampled range","AliExpress Selection Standard; ships from CN where available; DSers displayed US $2.15 shipping on sampled shippable SKU","1013","FAIL_REPRICE_OR_REJECT","","","","","","","Checked in DSers Shipping info modal for Canada on 2026-07-26. C-DZ-S62-B-40-1LENS returned US $2.15 shipping with tracking available; C-DZ-S62-B-41-1LENS returned No Shipping. All worksheet caps are below CA$3.03, so reprice, replace supplier, or reject before launch."
"9326919024890","Outdoor Cycling Sunglasses","scvcn-new-outdoor-cycling-sunglasses-men-road-driving-bike-glasses-sports-mountain-climbing-women-bicycle-cycling-uv400-goggles","DRAFT","yes","49738573840634","DZ-S1411-B-04 / 1LENS","14:10#DZ-S1411-B-04;73:29#1LENS","True","43","16.60","6.64","1.78","yes","6.64","3.03","6~11 days sampled range","AliExpress Selection Standard; ships from CN where available; DSers displayed US $2.15 shipping on sampled shippable SKU","1013","FAIL_REPRICE_OR_REJECT","","","","","","","Checked in DSers Shipping info modal for Canada on 2026-07-26. C-DZ-S62-B-40-1LENS returned US $2.15 shipping with tracking available; C-DZ-S62-B-41-1LENS returned No Shipping. All worksheet caps are below CA$3.03, so reprice, replace supplier, or reject before launch."
"9326919024890","Outdoor Cycling Sunglasses","scvcn-new-outdoor-cycling-sunglasses-men-road-driving-bike-glasses-sports-mountain-climbing-women-bicycle-cycling-uv400-goggles","DRAFT","yes","49738573807866","DZ-S1411-B-05 / 1LENS","14:691#DZ-S1411-B-05;73:29#1LENS","True","173","17.47","6.99","1.89","yes","6.99","3.03","6~11 days sampled range","AliExpress Selection Standard; ships from CN where available; DSers displayed US $2.15 shipping on sampled shippable SKU","1013","FAIL_REPRICE_OR_REJECT","","","","","","","Checked in DSers Shipping info modal for Canada on 2026-07-26. C-DZ-S62-B-40-1LENS returned US $2.15 shipping with tracking available; C-DZ-S62-B-41-1LENS returned No Shipping. All worksheet caps are below CA$3.03, so reprice, replace supplier, or reject before launch."
"9326919024890","Outdoor Cycling Sunglasses","scvcn-new-outdoor-cycling-sunglasses-men-road-driving-bike-glasses-sports-mountain-climbing-women-bicycle-cycling-uv400-goggles","DRAFT","yes","49738573349114","DZ-S1411-B-06 / 1LENS","14:173#DZ-S1411-B-06;73:29#1LENS","True","10","17.62","7.05","1.91","yes","7.05","3.03","6~11 days sampled range","AliExpress Selection Standard; ships from CN where available; DSers displayed US $2.15 shipping on sampled shippable SKU","1013","FAIL_REPRICE_OR_REJECT","","","","","","","Checked in DSers Shipping info modal for Canada on 2026-07-26. C-DZ-S62-B-40-1LENS returned US $2.15 shipping with tracking available; C-DZ-S62-B-41-1LENS returned No Shipping. All worksheet caps are below CA$3.03, so reprice, replace supplier, or reject before launch."
"9326919024890","Outdoor Cycling Sunglasses","scvcn-new-outdoor-cycling-sunglasses-men-road-driving-bike-glasses-sports-mountain-climbing-women-bicycle-cycling-uv400-goggles","DRAFT","yes","49738573316346","DZ-S1411-B-07 / 1LENS","14:366#DZ-S1411-B-07;73:29#1LENS","True","40","17.30","6.92","1.87","yes","6.92","3.03","6~11 days sampled range","AliExpress Selection Standard; ships from CN where available; DSers displayed US $2.15 shipping on sampled shippable SKU","1013","FAIL_REPRICE_OR_REJECT","","","","","","","Checked in DSers Shipping info modal for Canada on 2026-07-26. C-DZ-S62-B-40-1LENS returned US $2.15 shipping with tracking available; C-DZ-S62-B-41-1LENS returned No Shipping. All worksheet caps are below CA$3.03, so reprice, replace supplier, or reject before launch."
"9326919024890","Outdoor Cycling Sunglasses","scvcn-new-outdoor-cycling-sunglasses-men-road-driving-bike-glasses-sports-mountain-climbing-women-bicycle-cycling-uv400-goggles","DRAFT","yes","49738573283578","DZ-S1411-B-08 / 1LENS","14:1052#DZ-S1411-B-08;73:29#1LENS","True","15","16.74","6.69","1.80","yes","6.69","3.03","6~11 days sampled range","AliExpress Selection Standard; ships from CN where available; DSers displayed US $2.15 shipping on sampled shippable SKU","1013","FAIL_REPRICE_OR_REJECT","","","","","","","Checked in DSers Shipping info modal for Canada on 2026-07-26. C-DZ-S62-B-40-1LENS returned US $2.15 shipping with tracking available; C-DZ-S62-B-41-1LENS returned No Shipping. All worksheet caps are below CA$3.03, so reprice, replace supplier, or reject before launch."
"9326919024890","Outdoor Cycling Sunglasses","scvcn-new-outdoor-cycling-sunglasses-men-road-driving-bike-glasses-sports-mountain-climbing-women-bicycle-cycling-uv400-goggles","DRAFT","yes","49738573250810","DZ-S1411-B-09 / 1LENS","14:496#DZ-S1411-B-09;73:29#1LENS","True","7","17.19","6.88","1.85","yes","6.88","3.03","6~11 days sampled range","AliExpress Selection Standard; ships from CN where available; DSers displayed US $2.15 shipping on sampled shippable SKU","1013","FAIL_REPRICE_OR_REJECT","","","","","","","Checked in DSers Shipping info modal for Canada on 2026-07-26. C-DZ-S62-B-40-1LENS returned US $2.15 shipping with tracking available; C-DZ-S62-B-41-1LENS returned No Shipping. All worksheet caps are below CA$3.03, so reprice, replace supplier, or reject before launch."
"9326919024890","Outdoor Cycling Sunglasses","scvcn-new-outdoor-cycling-sunglasses-men-road-driving-bike-glasses-sports-mountain-climbing-women-bicycle-cycling-uv400-goggles","DRAFT","yes","49738573218042","DZ-S1411-B-10 / 1LENS","14:350853#DZ-S1411-B-10;73:29#1LENS","True","13","17.40","6.96","1.88","yes","6.96","3.03","6~11 days sampled range","AliExpress Selection Standard; ships from CN where available; DSers displayed US $2.15 shipping on sampled shippable SKU","1013","FAIL_REPRICE_OR_REJECT","","","","","","","Checked in DSers Shipping info modal for Canada on 2026-07-26. C-DZ-S62-B-40-1LENS returned US $2.15 shipping with tracking available; C-DZ-S62-B-41-1LENS returned No Shipping. All worksheet caps are below CA$3.03, so reprice, replace supplier, or reject before launch."
"9326919024890","Outdoor Cycling Sunglasses","scvcn-new-outdoor-cycling-sunglasses-men-road-driving-bike-glasses-sports-mountain-climbing-women-bicycle-cycling-uv400-goggles","DRAFT","yes","49738573185274","DZ-S1411-B-11 / 1LENS","14:350850#DZ-S1411-B-11;73:29#1LENS","True","27","17.26","6.91","1.86","yes","6.91","3.03","6~11 days sampled range","AliExpress Selection Standard; ships from CN where available; DSers displayed US $2.15 shipping on sampled shippable SKU","1013","FAIL_REPRICE_OR_REJECT","","","","","","","Checked in DSers Shipping info modal for Canada on 2026-07-26. C-DZ-S62-B-40-1LENS returned US $2.15 shipping with tracking available; C-DZ-S62-B-41-1LENS returned No Shipping. All worksheet caps are below CA$3.03, so reprice, replace supplier, or reject before launch."
"9326919024890","Outdoor Cycling Sunglasses","scvcn-new-outdoor-cycling-sunglasses-men-road-driving-bike-glasses-sports-mountain-climbing-women-bicycle-cycling-uv400-goggles","DRAFT","yes","49738573152506","DZ-S1411-B-12 / 1LENS","14:365458#DZ-S1411-B-12;73:29#1LENS","True","37","17.47","6.99","1.89","yes","6.99","3.03","6~11 days sampled range","AliExpress Selection Standard; ships from CN where available; DSers displayed US $2.15 shipping on sampled shippable SKU","1013","FAIL_REPRICE_OR_REJECT","","","","","","","Checked in DSers Shipping info modal for Canada on 2026-07-26. C-DZ-S62-B-40-1LENS returned US $2.15 shipping with tracking available; C-DZ-S62-B-41-1LENS returned No Shipping. All worksheet caps are below CA$3.03, so reprice, replace supplier, or reject before launch."
"9326919024890","Outdoor Cycling Sunglasses","scvcn-new-outdoor-cycling-sunglasses-men-road-driving-bike-glasses-sports-mountain-climbing-women-bicycle-cycling-uv400-goggles","DRAFT","yes","49738573775098","DZ-S1411-B-13 / 1LENS","14:200000195#DZ-S1411-B-13;73:29#1LENS","True","9","16.67","6.67","1.79","yes","6.67","3.03","6~11 days sampled range","AliExpress Selection Standard; ships from CN where available; DSers displayed US $2.15 shipping on sampled shippable SKU","1013","FAIL_REPRICE_OR_REJECT","","","","","","","Checked in DSers Shipping info modal for Canada on 2026-07-26. C-DZ-S62-B-40-1LENS returned US $2.15 shipping with tracking available; C-DZ-S62-B-41-1LENS returned No Shipping. All worksheet caps are below CA$3.03, so reprice, replace supplier, or reject before launch."
"9326919024890","Outdoor Cycling Sunglasses","scvcn-new-outdoor-cycling-sunglasses-men-road-driving-bike-glasses-sports-mountain-climbing-women-bicycle-cycling-uv400-goggles","DRAFT","yes","49738573414650","DZ-S1411-B-14 / 1LENS","14:200006156#DZ-S1411-B-14;73:29#1LENS","True","20","16.77","6.71","1.80","yes","6.71","3.03","6~11 days sampled range","AliExpress Selection Standard; ships from CN where available; DSers displayed US $2.15 shipping on sampled shippable SKU","1013","FAIL_REPRICE_OR_REJECT","","","","","","","Checked in DSers Shipping info modal for Canada on 2026-07-26. C-DZ-S62-B-40-1LENS returned US $2.15 shipping with tracking available; C-DZ-S62-B-41-1LENS returned No Shipping. All worksheet caps are below CA$3.03, so reprice, replace supplier, or reject before launch."
"9326919024890","Outdoor Cycling Sunglasses","scvcn-new-outdoor-cycling-sunglasses-men-road-driving-bike-glasses-sports-mountain-climbing-women-bicycle-cycling-uv400-goggles","DRAFT","yes","49738573480186","DZ-S1411-B-16 / 1LENS","14:200006152#DZ-S1411-B-16;73:29#1LENS","True","3","16.84","6.74","1.81","yes","6.74","3.03","6~11 days sampled range","AliExpress Selection Standard; ships from CN where available; DSers displayed US $2.15 shipping on sampled shippable SKU","1013","FAIL_REPRICE_OR_REJECT","","","","","","","Checked in DSers Shipping info modal for Canada on 2026-07-26. C-DZ-S62-B-40-1LENS returned US $2.15 shipping with tracking available; C-DZ-S62-B-41-1LENS returned No Shipping. All worksheet caps are below CA$3.03, so reprice, replace supplier, or reject before launch."
"9326919024890","Outdoor Cycling Sunglasses","scvcn-new-outdoor-cycling-sunglasses-men-road-driving-bike-glasses-sports-mountain-climbing-women-bicycle-cycling-uv400-goggles","DRAFT","yes","49738573545722","DZ-S1411-B-17 / 1LENS","14:200004870#DZ-S1411-B-17;73:29#1LENS","True","20","16.77","6.71","1.80","yes","6.71","3.03","6~11 days sampled range","AliExpress Selection Standard; ships from CN where available; DSers displayed US $2.15 shipping on sampled shippable SKU","1013","FAIL_REPRICE_OR_REJECT","","","","","","","Checked in DSers Shipping info modal for Canada on 2026-07-26. C-DZ-S62-B-40-1LENS returned US $2.15 shipping with tracking available; C-DZ-S62-B-41-1LENS returned No Shipping. All worksheet caps are below CA$3.03, so reprice, replace supplier, or reject before launch."
"9326919024890","Outdoor Cycling Sunglasses","scvcn-new-outdoor-cycling-sunglasses-men-road-driving-bike-glasses-sports-mountain-climbing-women-bicycle-cycling-uv400-goggles","DRAFT","yes","49738573611258","DZ-S1411-B-22 / 1LENS","14:200006151#DZ-S1411-B-22;73:29#1LENS","True","14","16.77","6.71","1.80","yes","6.71","3.03","6~11 days sampled range","AliExpress Selection Standard; ships from CN where available; DSers displayed US $2.15 shipping on sampled shippable SKU","1013","FAIL_REPRICE_OR_REJECT","","","","","","","Checked in DSers Shipping info modal for Canada on 2026-07-26. C-DZ-S62-B-40-1LENS returned US $2.15 shipping with tracking available; C-DZ-S62-B-41-1LENS returned No Shipping. All worksheet caps are below CA$3.03, so reprice, replace supplier, or reject before launch."
"9326920270074","Pet Supplies Duck Goose Shoes Pet Cole Foot Poultry Boots Pet Duck Boots with Protective Soles Protective Shoe Set Pet Products","pet-supplies-duck-goose-shoes-pet-cole-foot-poultry-boots-pet-duck-boots-with-protective-soles-protective-shoe-set-pet-products","DRAFT","no","49738578264314","Black / L","14:193#Black;5:361385#L","True","13","23.56","9.42","2.66","yes","","","","","","","","","","","","",""
"9326920270074","Pet Supplies Duck Goose Shoes Pet Cole Foot Poultry Boots Pet Duck Boots with Protective Soles Protective Shoe Set Pet Products","pet-supplies-duck-goose-shoes-pet-cole-foot-poultry-boots-pet-duck-boots-with-protective-soles-protective-shoe-set-pet-products","DRAFT","no","49738578231546","Black / M","14:193#Black;5:361386#M","True","16","23.56","9.42","2.66","yes","","","","","","","","","","","","",""
"9326920270074","Pet Supplies Duck Goose Shoes Pet Cole Foot Poultry Boots Pet Duck Boots with Protective Soles Protective Shoe Set Pet Products","pet-supplies-duck-goose-shoes-pet-cole-foot-poultry-boots-pet-duck-boots-with-protective-soles-protective-shoe-set-pet-products","DRAFT","no","49738578198778","Black / S","14:193#Black;5:100014064#S","True","20","24.12","9.65","2.72","yes","","","","","","","","","","","","",""
"9326920270074","Pet Supplies Duck Goose Shoes Pet Cole Foot Poultry Boots Pet Duck Boots with Protective Soles Protective Shoe Set Pet Products","pet-supplies-duck-goose-shoes-pet-cole-foot-poultry-boots-pet-duck-boots-with-protective-soles-protective-shoe-set-pet-products","DRAFT","no","49738578166010","Sky Blue / L","14:29#Sky Blue;5:361385#L","True","16","22.61","9.04","2.54","yes","","","","","","","","","","","","",""
"9326920270074","Pet Supplies Duck Goose Shoes Pet Cole Foot Poultry Boots Pet Duck Boots with Protective Soles Protective Shoe Set Pet Products","pet-supplies-duck-goose-shoes-pet-cole-foot-poultry-boots-pet-duck-boots-with-protective-soles-protective-shoe-set-pet-products","DRAFT","no","49738578133242","Sky Blue / M","14:29#Sky Blue;5:361386#M","True","20","24.12","9.65","2.72","yes","","","","","","","","","","","","",""
"9326920270074","Pet Supplies Duck Goose Shoes Pet Cole Foot Poultry Boots Pet Duck Boots with Protective Soles Protective Shoe Set Pet Products","pet-supplies-duck-goose-shoes-pet-cole-foot-poultry-boots-pet-duck-boots-with-protective-soles-protective-shoe-set-pet-products","DRAFT","no","49738578100474","Sky Blue / S","14:29#Sky Blue;5:100014064#S","True","20","24.12","9.65","2.72","yes","","","","","","","","","","","","",""
"9326920270074","Pet Supplies Duck Goose Shoes Pet Cole Foot Poultry Boots Pet Duck Boots with Protective Soles Protective Shoe Set Pet Products","pet-supplies-duck-goose-shoes-pet-cole-foot-poultry-boots-pet-duck-boots-with-protective-soles-protective-shoe-set-pet-products","DRAFT","no","49738578067706","Yellow / L","14:366#Yellow;5:361385#L","True","0","22.82","9.13","2.56","yes","","","","","","","","","","","","",""
"9326920270074","Pet Supplies Duck Goose Shoes Pet Cole Foot Poultry Boots Pet Duck Boots with Protective Soles Protective Shoe Set Pet Products","pet-supplies-duck-goose-shoes-pet-cole-foot-poultry-boots-pet-duck-boots-with-protective-soles-protective-shoe-set-pet-products","DRAFT","no","49738578034938","Yellow / M","14:366#Yellow;5:361386#M","True","0","22.75","9.10","2.55","yes","","","","","","","","","","","","",""
"9326920270074","Pet Supplies Duck Goose Shoes Pet Cole Foot Poultry Boots Pet Duck Boots with Protective Soles Protective Shoe Set Pet Products","pet-supplies-duck-goose-shoes-pet-cole-foot-poultry-boots-pet-duck-boots-with-protective-soles-protective-shoe-set-pet-products","DRAFT","no","49738578002170","Yellow / S","14:366#Yellow;5:100014064#S","True","20","24.12","9.65","2.72","yes","","","","","","","","","","","","",""
"9327894626554","Portable Mini Bag Sealer — Handheld Heat Sealer","portable-mini-bag-sealer-handheld-heat-sealer","DRAFT","no","49743105589498","Default Title","","True","999","9.99","","","no","US$2.87","","","No Canada shipping for exact mapped white SKU","140","FAIL_NO_CANADA_SHIPPING","US$2.87","US$1.99","6~11 days","AliExpress Selection Standard; ships from CN; tracking available","140","PASS_EXACT_PENDING_US_STOREFRONT_PRICE","Exact mapped white SKU checked on 2026-07-26. United States passes, but Canada has no shipping method; keep Draft and replace supplier before dual-country launch."
"9326917976314","Precision Nail Clippers","large-opening-nail-clippers-gray-nail-trimmer-thick-nails-for-the-elderly-individual-household-nail-clippers-durable","DRAFT","no","49738557358330","blue","14:173#blue","False","0","12.99","1.91","4.61","yes","1.91","NO_SHIPPING","","DSers returned No Shipping to Canada for blue SKU","2","EXCLUDED_VARIANT_DISABLED","US$1.42~2.20","NO SHIPPING","","","2","FAIL_NO_US_SHIPPING","Checked in DSers Shipping info modal for Canada on 2026-07-26. Blue returned no Canada shipping. Live inventory was set to 0 and inventory policy changed to DENY on 2026-07-26, so this option cannot be purchased. US shipping checked in DSers Shipping info for United States / Alabama on 2026-07-26. blue and Red single both returned No Shipping. Keep the product out of the US catalog; the Canadian Red variant can remain Canada-only."
"9326917976314","Precision Nail Clippers","large-opening-nail-clippers-gray-nail-trimmer-thick-nails-for-the-elderly-individual-household-nail-clippers-durable","DRAFT","no","49738557391098","Red single","14:10#Red single","True","2","12.99","3.25","3.27","yes","3.25","3.03","6~11 days","AliExpress Selection Standard; ships from CN; DSers displayed US $2.15 shipping","2","PASS_TIGHT_LOW_STOCK","US$1.42~2.20","NO SHIPPING","","","2","FAIL_NO_US_SHIPPING","Checked in DSers Shipping info modal for Canada on 2026-07-26. Red single returned US $2.15 shipping with tracking available; stock is only 2. US shipping checked in DSers Shipping info for United States / Alabama on 2026-07-26. blue and Red single both returned No Shipping. Keep the product out of the US catalog; the Canadian Red variant can remain Canada-only."
"9326917058810","Printed Children's Winter Mittens","windproof-infant-stroller-gloves-childrens-outdoor-sports-mittens-cartoon-printed-hands-warmer-scooter-accessory-for-winter","DRAFT","no","49738546053370","C","14:175#C","True","0","23.45","9.38","2.64","no","9.38","","","No Canada shipping in DSers","0","FAIL_NO_SHIPPING","9.38","","","No U.S. shipping in DSers","0","FAIL_NO_US_SHIPPING","All four DSers SKUs checked 2026-07-26. C, E, and F returned no Canada or U.S. shipping. J returned tracked Canada shipping at US$2.15 and U.S. shipping at US$1.99, both 7~12 days, but its CA$2.56 worksheet cap is below the CA$3.03 floor. Reprice/reject J and disable the other variants; resolve age/title mismatch and textile evidence before activation."
"9326917058810","Printed Children's Winter Mittens","windproof-infant-stroller-gloves-childrens-outdoor-sports-mittens-cartoon-printed-hands-warmer-scooter-accessory-for-winter","DRAFT","no","49738546118906","E","14:10#E","True","37","21.94","8.78","2.45","no","8.78","","","No Canada shipping in DSers","37","FAIL_NO_SHIPPING","8.78","","","No U.S. shipping in DSers","37","FAIL_NO_US_SHIPPING","All four DSers SKUs checked 2026-07-26. C, E, and F returned no Canada or U.S. shipping. J returned tracked Canada shipping at US$2.15 and U.S. shipping at US$1.99, both 7~12 days, but its CA$2.56 worksheet cap is below the CA$3.03 floor. Reprice/reject J and disable the other variants; resolve age/title mismatch and textile evidence before activation."
"9326917058810","Printed Children's Winter Mittens","windproof-infant-stroller-gloves-childrens-outdoor-sports-mittens-cartoon-printed-hands-warmer-scooter-accessory-for-winter","DRAFT","no","49738546086138","F","14:496#F","True","0","22.78","9.11","2.56","no","9.11","","","No Canada shipping in DSers","0","FAIL_NO_SHIPPING","9.11","","","No U.S. shipping in DSers","0","FAIL_NO_US_SHIPPING","All four DSers SKUs checked 2026-07-26. C, E, and F returned no Canada or U.S. shipping. J returned tracked Canada shipping at US$2.15 and U.S. shipping at US$1.99, both 7~12 days, but its CA$2.56 worksheet cap is below the CA$3.03 floor. Reprice/reject J and disable the other variants; resolve age/title mismatch and textile evidence before activation."
"9326917058810","Printed Children's Winter Mittens","windproof-infant-stroller-gloves-childrens-outdoor-sports-mittens-cartoon-printed-hands-warmer-scooter-accessory-for-winter","DRAFT","no","49738546151674","J","14:29#J","True","0","23.99","9.11","3.19","no","9.11","3.03","7~12 days","AliExpress Selection Standard; ships from CN; DSers displayed US$2.15 shipping; tracking available","0","FAIL_REPRICE_REQUIRED","9.11","US$1.99","7~12 days","AliExpress Selection Standard; ships from CN; tracking available","0","PASS_REPRESENTATIVE_SAMPLE_PENDING_US_STOREFRONT_PRICE","All four DSers SKUs checked 2026-07-26. C, E, and F returned no Canada or U.S. shipping. J returned tracked Canada shipping at US$2.15 and U.S. shipping at US$1.99, both 7~12 days, but its CA$2.56 worksheet cap is below the CA$3.03 floor. Reprice/reject J and disable the other variants; resolve age/title mismatch and textile evidence before activation."
"9326919123194","Quartz Watch, Bracelet & Necklace Set","3pcs-set-men-business-watches-casual-leather-band-analog-males-quartz-watch-necklace-bracelet-set","DRAFT","no","49738574332154","3PCS Set","14:201447598#3PCS Set","True","210","11.60","4.64","1.15","yes","4.64","3.03","6~11 days","AliExpress Selection Standard; ships from CN; DSers displayed US $2.15 shipping","268","FAIL_REPRICE_REQUIRED","US$3.22~3.56","US$1.99","7~11 days","AliExpress Selection Standard; ships from CN; tracking available","268","PASS_EXACT_PENDING_US_STOREFRONT_PRICE","Exact DSers quote on 2026-07-26 for all five mapped variants. Canada returned US$2.15 shipping in 6~12 days; United States returned US$1.99 shipping in 7~12 days; tracking available. Every Canada row is below the CA$3.03 shipping allowance and requires repricing before activation."
"9326919123194","Quartz Watch, Bracelet & Necklace Set","3pcs-set-men-business-watches-casual-leather-band-analog-males-quartz-watch-necklace-bracelet-set","DRAFT","no","49738574266618","A Set No Box","14:200005100#A Set No Box","True","35","12.59","5.04","1.27","yes","5.04","3.03","6~11 days","AliExpress Selection Standard; ships from CN; DSers displayed US $2.15 shipping","268","FAIL_REPRICE_REQUIRED","US$3.22~3.56","US$1.99","7~11 days","AliExpress Selection Standard; ships from CN; tracking available","268","PASS_EXACT_PENDING_US_STOREFRONT_PRICE","Exact DSers quote on 2026-07-26 for all five mapped variants. Canada returned US$2.15 shipping in 6~12 days; United States returned US$1.99 shipping in 7~12 days; tracking available. Every Canada row is below the CA$3.03 shipping allowance and requires repricing before activation."
"9326919123194","Quartz Watch, Bracelet & Necklace Set","3pcs-set-men-business-watches-casual-leather-band-analog-males-quartz-watch-necklace-bracelet-set","DRAFT","no","49738574299386","B Set No Box","14:200000080#B Set No Box","True","75","12.73","5.09","1.30","yes","5.09","3.03","6~11 days","AliExpress Selection Standard; ships from CN; DSers displayed US $2.15 shipping","268","FAIL_REPRICE_REQUIRED","US$3.22~3.56","US$1.99","7~11 days","AliExpress Selection Standard; ships from CN; tracking available","268","PASS_EXACT_PENDING_US_STOREFRONT_PRICE","Exact DSers quote on 2026-07-26 for all five mapped variants. Canada returned US$2.15 shipping in 6~12 days; United States returned US$1.99 shipping in 7~12 days; tracking available. Every Canada row is below the CA$3.03 shipping allowance and requires repricing before activation."
"9326919123194","Quartz Watch, Bracelet & Necklace Set","3pcs-set-men-business-watches-casual-leather-band-analog-males-quartz-watch-necklace-bracelet-set","DRAFT","no","49738574364922","C Set No Box","14:100013777#C Set No Box","True","13","12.80","5.12","1.30","yes","5.12","3.03","6~11 days","AliExpress Selection Standard; ships from CN; DSers displayed US $2.15 shipping","268","FAIL_REPRICE_REQUIRED","US$3.22~3.56","US$1.99","7~11 days","AliExpress Selection Standard; ships from CN; tracking available","268","PASS_EXACT_PENDING_US_STOREFRONT_PRICE","Exact DSers quote on 2026-07-26 for all five mapped variants. Canada returned US$2.15 shipping in 6~12 days; United States returned US$1.99 shipping in 7~12 days; tracking available. Every Canada row is below the CA$3.03 shipping allowance and requires repricing before activation."
"9326919123194","Quartz Watch, Bracelet & Necklace Set","3pcs-set-men-business-watches-casual-leather-band-analog-males-quartz-watch-necklace-bracelet-set","DRAFT","no","49738574397690","D Set No Box","14:100005979#D Set No Box","True","7","12.76","5.11","1.29","yes","5.11","3.03","7~12 days","AliExpress Selection Standard; ships from CN; DSers displayed US $2.15 shipping","268","FAIL_REPRICE_REQUIRED","US$3.22~3.56","US$1.99","7~12 days","AliExpress Selection Standard; ships from CN; tracking available","268","PASS_EXACT_PENDING_US_STOREFRONT_PRICE","Exact DSers quote on 2026-07-26 for all five mapped variants. Canada returned US$2.15 shipping in 6~12 days; United States returned US$1.99 shipping in 7~12 days; tracking available. Every Canada row is below the CA$3.03 shipping allowance and requires repricing before activation."
"9326917583098","Quick-Dry Training Shorts","running-shorts-summer-gym-sportswear-men-jogging-outdoor-sports-shorts-fitness-man-quick-dry-breathable-pants-male-clothing","ACTIVE","yes","49738553852154","4XL / 61620bai","14:771#61620bai;5:200000990","True","200","25.99","9.85","3.50","yes","9.85","3.03","7~12 days","AliExpress Selection Standard; ships from CN; representative DSers samples displayed US $2.15 shipping","9976","PASS_TIGHT_REPRICED","US$5.17~6.95","US$1.99","7~13 days","AliExpress Selection Standard; ships from CN; tracking available","9976","PASS_REPRESENTATIVE_SAMPLE_PENDING_US_STOREFRONT_PRICE","Representative DSers Canada quote on 2026-07-26 across four visible size/color SKUs: XXXL 61620lan, XXXL/4XL 61620hei, and S 61620lan. Three returned US $2.15 shipping with tracking; XXXL-61620lan returned No Shipping. Every worksheet cap is below the representative CA$3.03 shipping floor, so all variants require repricing, supplier replacement, or launch removal. Product-wide price normalized live to CA.99 on 2026-07-26; recalculated Canada shipping cap is CA(@{product_id=9326917583098; product_title=Quick-Dry Training Shorts; handle=running-shorts-summer-gym-sportswear-men-jogging-outdoor-sports-shorts-fitness-man-quick-dry-breathable-pants-male-clothing; status=DRAFT; launch_tag=yes; variant_id=49738553852154; variant_title=4XL / 61620bai; sku=14:771#61620bai;5:200000990; available_for_sale=True; inventory_quantity=200; price=25.99; unit_cost=9.85; canada_shipping_cap=3.50; needs_quote=yes; quote_item_cost=9.85; quote_shipping_cost=3.03; quote_delivery_window=7~12 days; quote_service=AliExpress Selection Standard; ships from CN; representative DSers samples displayed US $2.15 shipping; quote_stock=9976; quote_result=PASS_TIGHT_REPRICED; notes=Representative DSers Canada quote on 2026-07-26 across four visible size/color SKUs: XXXL 61620lan, XXXL/4XL 61620hei, and S 61620lan. Three returned US $2.15 shipping with tracking; XXXL-61620lan returned No Shipping. Every worksheet cap is below the representative CA$3.03 shipping floor, so all variants require repricing, supplier replacement, or launch removal.}.canada_shipping_cap). Representative U.S. DSers quote on 2026-07-26: XXXL/XXL black and S/M blue returned US$1.99 shipping in 7~13 days, tracking available. Applied across remaining mapped variants pending final spot-check."
"9326917583098","Quick-Dry Training Shorts","running-shorts-summer-gym-sportswear-men-jogging-outdoor-sports-shorts-fitness-man-quick-dry-breathable-pants-male-clothing","ACTIVE","yes","49738552279290","4XL / 61620hei","14:193#61620hei;5:200000990","True","197","25.99","9.80","3.55","yes","9.80","3.03","7~12 days","AliExpress Selection Standard; ships from CN; representative DSers samples displayed US $2.15 shipping","9976","PASS_TIGHT_REPRICED","US$5.17~6.95","US$1.99","7~13 days","AliExpress Selection Standard; ships from CN; tracking available","9976","PASS_REPRESENTATIVE_SAMPLE_PENDING_US_STOREFRONT_PRICE","Representative DSers Canada quote on 2026-07-26 across four visible size/color SKUs: XXXL 61620lan, XXXL/4XL 61620hei, and S 61620lan. Three returned US $2.15 shipping with tracking; XXXL-61620lan returned No Shipping. Every worksheet cap is below the representative CA$3.03 shipping floor, so all variants require repricing, supplier replacement, or launch removal. Product-wide price normalized live to CA.99 on 2026-07-26; recalculated Canada shipping cap is CA(@{product_id=9326917583098; product_title=Quick-Dry Training Shorts; handle=running-shorts-summer-gym-sportswear-men-jogging-outdoor-sports-shorts-fitness-man-quick-dry-breathable-pants-male-clothing; status=DRAFT; launch_tag=yes; variant_id=49738552279290; variant_title=4XL / 61620hei; sku=14:193#61620hei;5:200000990; available_for_sale=True; inventory_quantity=197; price=25.99; unit_cost=9.80; canada_shipping_cap=3.55; needs_quote=yes; quote_item_cost=9.80; quote_shipping_cost=3.03; quote_delivery_window=7~12 days; quote_service=AliExpress Selection Standard; ships from CN; representative DSers samples displayed US $2.15 shipping; quote_stock=9976; quote_result=PASS_TIGHT_REPRICED; notes=Representative DSers Canada quote on 2026-07-26 across four visible size/color SKUs: XXXL 61620lan, XXXL/4XL 61620hei, and S 61620lan. Three returned US $2.15 shipping with tracking; XXXL-61620lan returned No Shipping. Every worksheet cap is below the representative CA$3.03 shipping floor, so all variants require repricing, supplier replacement, or launch removal.}.canada_shipping_cap). Representative U.S. DSers quote on 2026-07-26: XXXL/XXL black and S/M blue returned US$1.99 shipping in 7~13 days, tracking available. Applied across remaining mapped variants pending final spot-check."
"9326917583098","Quick-Dry Training Shorts","running-shorts-summer-gym-sportswear-men-jogging-outdoor-sports-shorts-fitness-man-quick-dry-breathable-pants-male-clothing","ACTIVE","yes","49738552901882","4XL / 61620hong","14:10#61620hong;5:200000990","True","200","25.99","9.68","3.67","yes","9.68","3.03","7~12 days","AliExpress Selection Standard; ships from CN; representative DSers samples displayed US $2.15 shipping","9976","PASS_TIGHT_REPRICED","US$5.17~6.95","US$1.99","7~13 days","AliExpress Selection Standard; ships from CN; tracking available","9976","PASS_REPRESENTATIVE_SAMPLE_PENDING_US_STOREFRONT_PRICE","Representative DSers Canada quote on 2026-07-26 across four visible size/color SKUs: XXXL 61620lan, XXXL/4XL 61620hei, and S 61620lan. Three returned US $2.15 shipping with tracking; XXXL-61620lan returned No Shipping. Every worksheet cap is below the representative CA$3.03 shipping floor, so all variants require repricing, supplier replacement, or launch removal. Product-wide price normalized live to CA.99 on 2026-07-26; recalculated Canada shipping cap is CA(@{product_id=9326917583098; product_title=Quick-Dry Training Shorts; handle=running-shorts-summer-gym-sportswear-men-jogging-outdoor-sports-shorts-fitness-man-quick-dry-breathable-pants-male-clothing; status=DRAFT; launch_tag=yes; variant_id=49738552901882; variant_title=4XL / 61620hong; sku=14:10#61620hong;5:200000990; available_for_sale=True; inventory_quantity=200; price=25.99; unit_cost=9.68; canada_shipping_cap=3.67; needs_quote=yes; quote_item_cost=9.68; quote_shipping_cost=3.03; quote_delivery_window=7~12 days; quote_service=AliExpress Selection Standard; ships from CN; representative DSers samples displayed US $2.15 shipping; quote_stock=9976; quote_result=PASS_TIGHT_REPRICED; notes=Representative DSers Canada quote on 2026-07-26 across four visible size/color SKUs: XXXL 61620lan, XXXL/4XL 61620hei, and S 61620lan. Three returned US $2.15 shipping with tracking; XXXL-61620lan returned No Shipping. Every worksheet cap is below the representative CA$3.03 shipping floor, so all variants require repricing, supplier replacement, or launch removal.}.canada_shipping_cap). Representative U.S. DSers quote on 2026-07-26: XXXL/XXL black and S/M blue returned US$1.99 shipping in 7~13 days, tracking available. Applied across remaining mapped variants pending final spot-check."
"9326917583098","Quick-Dry Training Shorts","running-shorts-summer-gym-sportswear-men-jogging-outdoor-sports-shorts-fitness-man-quick-dry-breathable-pants-male-clothing","ACTIVE","yes","49738552344826","4XL / 61620junlv","14:175#61620junlv;5:200000990","True","200","25.99","9.25","4.10","yes","9.25","3.03","7~12 days","AliExpress Selection Standard; ships from CN; representative DSers samples displayed US $2.15 shipping","9976","PASS_TIGHT_REPRICED","US$5.17~6.95","US$1.99","7~13 days","AliExpress Selection Standard; ships from CN; tracking available","9976","PASS_REPRESENTATIVE_SAMPLE_PENDING_US_STOREFRONT_PRICE","Representative DSers Canada quote on 2026-07-26 across four visible size/color SKUs: XXXL 61620lan, XXXL/4XL 61620hei, and S 61620lan. Three returned US $2.15 shipping with tracking; XXXL-61620lan returned No Shipping. Every worksheet cap is below the representative CA$3.03 shipping floor, so all variants require repricing, supplier replacement, or launch removal. Product-wide price normalized live to CA.99 on 2026-07-26; recalculated Canada shipping cap is CA(@{product_id=9326917583098; product_title=Quick-Dry Training Shorts; handle=running-shorts-summer-gym-sportswear-men-jogging-outdoor-sports-shorts-fitness-man-quick-dry-breathable-pants-male-clothing; status=DRAFT; launch_tag=yes; variant_id=49738552344826; variant_title=4XL / 61620junlv; sku=14:175#61620junlv;5:200000990; available_for_sale=True; inventory_quantity=200; price=25.99; unit_cost=9.25; canada_shipping_cap=4.10; needs_quote=yes; quote_item_cost=9.25; quote_shipping_cost=3.03; quote_delivery_window=7~12 days; quote_service=AliExpress Selection Standard; ships from CN; representative DSers samples displayed US $2.15 shipping; quote_stock=9976; quote_result=PASS_TIGHT_REPRICED; notes=Representative DSers Canada quote on 2026-07-26 across four visible size/color SKUs: XXXL 61620lan, XXXL/4XL 61620hei, and S 61620lan. Three returned US $2.15 shipping with tracking; XXXL-61620lan returned No Shipping. Every worksheet cap is below the representative CA$3.03 shipping floor, so all variants require repricing, supplier replacement, or launch removal.}.canada_shipping_cap). Representative U.S. DSers quote on 2026-07-26: XXXL/XXL black and S/M blue returned US$1.99 shipping in 7~13 days, tracking available. Applied across remaining mapped variants pending final spot-check."
"9326917583098","Quick-Dry Training Shorts","running-shorts-summer-gym-sportswear-men-jogging-outdoor-sports-shorts-fitness-man-quick-dry-breathable-pants-male-clothing","ACTIVE","yes","49738552377594","4XL / 61620lan","14:173#61620lan;5:200000990","True","198","25.99","9.72","3.63","yes","9.72","3.03","7~12 days","AliExpress Selection Standard; ships from CN; representative DSers samples displayed US $2.15 shipping","9976","PASS_TIGHT_REPRICED","US$5.17~6.95","US$1.99","7~13 days","AliExpress Selection Standard; ships from CN; tracking available","9976","PASS_REPRESENTATIVE_SAMPLE_PENDING_US_STOREFRONT_PRICE","Representative DSers Canada quote on 2026-07-26 across four visible size/color SKUs: XXXL 61620lan, XXXL/4XL 61620hei, and S 61620lan. Three returned US $2.15 shipping with tracking; XXXL-61620lan returned No Shipping. Every worksheet cap is below the representative CA$3.03 shipping floor, so all variants require repricing, supplier replacement, or launch removal. Product-wide price normalized live to CA.99 on 2026-07-26; recalculated Canada shipping cap is CA(@{product_id=9326917583098; product_title=Quick-Dry Training Shorts; handle=running-shorts-summer-gym-sportswear-men-jogging-outdoor-sports-shorts-fitness-man-quick-dry-breathable-pants-male-clothing; status=DRAFT; launch_tag=yes; variant_id=49738552377594; variant_title=4XL / 61620lan; sku=14:173#61620lan;5:200000990; available_for_sale=True; inventory_quantity=198; price=25.99; unit_cost=9.72; canada_shipping_cap=3.63; needs_quote=yes; quote_item_cost=9.72; quote_shipping_cost=3.03; quote_delivery_window=7~12 days; quote_service=AliExpress Selection Standard; ships from CN; representative DSers samples displayed US $2.15 shipping; quote_stock=9976; quote_result=PASS_TIGHT_REPRICED; notes=Representative DSers Canada quote on 2026-07-26 across four visible size/color SKUs: XXXL 61620lan, XXXL/4XL 61620hei, and S 61620lan. Three returned US $2.15 shipping with tracking; XXXL-61620lan returned No Shipping. Every worksheet cap is below the representative CA$3.03 shipping floor, so all variants require repricing, supplier replacement, or launch removal.}.canada_shipping_cap). Representative U.S. DSers quote on 2026-07-26: XXXL/XXL black and S/M blue returned US$1.99 shipping in 7~13 days, tracking available. Applied across remaining mapped variants pending final spot-check."
"9326917583098","Quick-Dry Training Shorts","running-shorts-summer-gym-sportswear-men-jogging-outdoor-sports-shorts-fitness-man-quick-dry-breathable-pants-male-clothing","ACTIVE","yes","49738552967418","4XL / 61620yingguanglv","14:365458#61620yingguanglv;5:200000990","True","200","25.99","10.21","3.14","yes","10.21","3.03","7~12 days","AliExpress Selection Standard; ships from CN; representative DSers samples displayed US $2.15 shipping","9976","PASS_TIGHT_REPRICED","US$5.17~6.95","US$1.99","7~13 days","AliExpress Selection Standard; ships from CN; tracking available","9976","PASS_REPRESENTATIVE_SAMPLE_PENDING_US_STOREFRONT_PRICE","Representative DSers Canada quote on 2026-07-26 across four visible size/color SKUs: XXXL 61620lan, XXXL/4XL 61620hei, and S 61620lan. Three returned US $2.15 shipping with tracking; XXXL-61620lan returned No Shipping. Every worksheet cap is below the representative CA$3.03 shipping floor, so all variants require repricing, supplier replacement, or launch removal. Product-wide price normalized live to CA.99 on 2026-07-26; recalculated Canada shipping cap is CA(@{product_id=9326917583098; product_title=Quick-Dry Training Shorts; handle=running-shorts-summer-gym-sportswear-men-jogging-outdoor-sports-shorts-fitness-man-quick-dry-breathable-pants-male-clothing; status=DRAFT; launch_tag=yes; variant_id=49738552967418; variant_title=4XL / 61620yingguanglv; sku=14:365458#61620yingguanglv;5:200000990; available_for_sale=True; inventory_quantity=200; price=25.99; unit_cost=10.21; canada_shipping_cap=3.14; needs_quote=yes; quote_item_cost=10.21; quote_shipping_cost=3.03; quote_delivery_window=7~12 days; quote_service=AliExpress Selection Standard; ships from CN; representative DSers samples displayed US $2.15 shipping; quote_stock=9976; quote_result=PASS_TIGHT_REPRICED; notes=Representative DSers Canada quote on 2026-07-26 across four visible size/color SKUs: XXXL 61620lan, XXXL/4XL 61620hei, and S 61620lan. Three returned US $2.15 shipping with tracking; XXXL-61620lan returned No Shipping. Every worksheet cap is below the representative CA$3.03 shipping floor, so all variants require repricing, supplier replacement, or launch removal.}.canada_shipping_cap). Representative U.S. DSers quote on 2026-07-26: XXXL/XXL black and S/M blue returned US$1.99 shipping in 7~13 days, tracking available. Applied across remaining mapped variants pending final spot-check."
"9326917583098","Quick-Dry Training Shorts","running-shorts-summer-gym-sportswear-men-jogging-outdoor-sports-shorts-fitness-man-quick-dry-breathable-pants-male-clothing","ACTIVE","yes","49738553753850","5XL / 61620bai","14:771#61620bai;5:200000991","True","200","25.99","10.21","3.14","yes","10.21","3.03","7~12 days","AliExpress Selection Standard; ships from CN; representative DSers samples displayed US $2.15 shipping","9976","PASS_TIGHT_REPRICED","US$5.17~6.95","US$1.99","7~13 days","AliExpress Selection Standard; ships from CN; tracking available","9976","PASS_REPRESENTATIVE_SAMPLE_PENDING_US_STOREFRONT_PRICE","Representative DSers Canada quote on 2026-07-26 across four visible size/color SKUs: XXXL 61620lan, XXXL/4XL 61620hei, and S 61620lan. Three returned US $2.15 shipping with tracking; XXXL-61620lan returned No Shipping. Every worksheet cap is below the representative CA$3.03 shipping floor, so all variants require repricing, supplier replacement, or launch removal. Product-wide price normalized live to CA.99 on 2026-07-26; recalculated Canada shipping cap is CA(@{product_id=9326917583098; product_title=Quick-Dry Training Shorts; handle=running-shorts-summer-gym-sportswear-men-jogging-outdoor-sports-shorts-fitness-man-quick-dry-breathable-pants-male-clothing; status=DRAFT; launch_tag=yes; variant_id=49738553753850; variant_title=5XL / 61620bai; sku=14:771#61620bai;5:200000991; available_for_sale=True; inventory_quantity=200; price=25.99; unit_cost=10.21; canada_shipping_cap=3.14; needs_quote=yes; quote_item_cost=10.21; quote_shipping_cost=3.03; quote_delivery_window=7~12 days; quote_service=AliExpress Selection Standard; ships from CN; representative DSers samples displayed US $2.15 shipping; quote_stock=9976; quote_result=PASS_TIGHT_REPRICED; notes=Representative DSers Canada quote on 2026-07-26 across four visible size/color SKUs: XXXL 61620lan, XXXL/4XL 61620hei, and S 61620lan. Three returned US $2.15 shipping with tracking; XXXL-61620lan returned No Shipping. Every worksheet cap is below the representative CA$3.03 shipping floor, so all variants require repricing, supplier replacement, or launch removal.}.canada_shipping_cap). Representative U.S. DSers quote on 2026-07-26: XXXL/XXL black and S/M blue returned US$1.99 shipping in 7~13 days, tracking available. Applied across remaining mapped variants pending final spot-check."
"9326917583098","Quick-Dry Training Shorts","running-shorts-summer-gym-sportswear-men-jogging-outdoor-sports-shorts-fitness-man-quick-dry-breathable-pants-male-clothing","ACTIVE","yes","49738553458938","5XL / 61620hei","14:193#61620hei;5:200000991","True","195","25.99","9.82","3.53","yes","9.82","3.03","7~12 days","AliExpress Selection Standard; ships from CN; representative DSers samples displayed US $2.15 shipping","9976","PASS_TIGHT_REPRICED","US$5.17~6.95","US$1.99","7~13 days","AliExpress Selection Standard; ships from CN; tracking available","9976","PASS_REPRESENTATIVE_SAMPLE_PENDING_US_STOREFRONT_PRICE","Representative DSers Canada quote on 2026-07-26 across four visible size/color SKUs: XXXL 61620lan, XXXL/4XL 61620hei, and S 61620lan. Three returned US $2.15 shipping with tracking; XXXL-61620lan returned No Shipping. Every worksheet cap is below the representative CA$3.03 shipping floor, so all variants require repricing, supplier replacement, or launch removal. Product-wide price normalized live to CA.99 on 2026-07-26; recalculated Canada shipping cap is CA(@{product_id=9326917583098; product_title=Quick-Dry Training Shorts; handle=running-shorts-summer-gym-sportswear-men-jogging-outdoor-sports-shorts-fitness-man-quick-dry-breathable-pants-male-clothing; status=DRAFT; launch_tag=yes; variant_id=49738553458938; variant_title=5XL / 61620hei; sku=14:193#61620hei;5:200000991; available_for_sale=True; inventory_quantity=195; price=25.99; unit_cost=9.82; canada_shipping_cap=3.53; needs_quote=yes; quote_item_cost=9.82; quote_shipping_cost=3.03; quote_delivery_window=7~12 days; quote_service=AliExpress Selection Standard; ships from CN; representative DSers samples displayed US $2.15 shipping; quote_stock=9976; quote_result=PASS_TIGHT_REPRICED; notes=Representative DSers Canada quote on 2026-07-26 across four visible size/color SKUs: XXXL 61620lan, XXXL/4XL 61620hei, and S 61620lan. Three returned US $2.15 shipping with tracking; XXXL-61620lan returned No Shipping. Every worksheet cap is below the representative CA$3.03 shipping floor, so all variants require repricing, supplier replacement, or launch removal.}.canada_shipping_cap). Representative U.S. DSers quote on 2026-07-26: XXXL/XXL black and S/M blue returned US$1.99 shipping in 7~13 days, tracking available. Applied across remaining mapped variants pending final spot-check."
"9326917583098","Quick-Dry Training Shorts","running-shorts-summer-gym-sportswear-men-jogging-outdoor-sports-shorts-fitness-man-quick-dry-breathable-pants-male-clothing","ACTIVE","yes","49738552803578","5XL / 61620hong","14:10#61620hong;5:200000991","True","200","25.99","10.21","3.14","yes","10.21","3.03","7~12 days","AliExpress Selection Standard; ships from CN; representative DSers samples displayed US $2.15 shipping","9976","PASS_TIGHT_REPRICED","US$5.17~6.95","US$1.99","7~13 days","AliExpress Selection Standard; ships from CN; tracking available","9976","PASS_REPRESENTATIVE_SAMPLE_PENDING_US_STOREFRONT_PRICE","Representative DSers Canada quote on 2026-07-26 across four visible size/color SKUs: XXXL 61620lan, XXXL/4XL 61620hei, and S 61620lan. Three returned US $2.15 shipping with tracking; XXXL-61620lan returned No Shipping. Every worksheet cap is below the representative CA$3.03 shipping floor, so all variants require repricing, supplier replacement, or launch removal. Product-wide price normalized live to CA.99 on 2026-07-26; recalculated Canada shipping cap is CA(@{product_id=9326917583098; product_title=Quick-Dry Training Shorts; handle=running-shorts-summer-gym-sportswear-men-jogging-outdoor-sports-shorts-fitness-man-quick-dry-breathable-pants-male-clothing; status=DRAFT; launch_tag=yes; variant_id=49738552803578; variant_title=5XL / 61620hong; sku=14:10#61620hong;5:200000991; available_for_sale=True; inventory_quantity=200; price=25.99; unit_cost=10.21; canada_shipping_cap=3.14; needs_quote=yes; quote_item_cost=10.21; quote_shipping_cost=3.03; quote_delivery_window=7~12 days; quote_service=AliExpress Selection Standard; ships from CN; representative DSers samples displayed US $2.15 shipping; quote_stock=9976; quote_result=PASS_TIGHT_REPRICED; notes=Representative DSers Canada quote on 2026-07-26 across four visible size/color SKUs: XXXL 61620lan, XXXL/4XL 61620hei, and S 61620lan. Three returned US $2.15 shipping with tracking; XXXL-61620lan returned No Shipping. Every worksheet cap is below the representative CA$3.03 shipping floor, so all variants require repricing, supplier replacement, or launch removal.}.canada_shipping_cap). Representative U.S. DSers quote on 2026-07-26: XXXL/XXL black and S/M blue returned US$1.99 shipping in 7~13 days, tracking available. Applied across remaining mapped variants pending final spot-check."
"9326917583098","Quick-Dry Training Shorts","running-shorts-summer-gym-sportswear-men-jogging-outdoor-sports-shorts-fitness-man-quick-dry-breathable-pants-male-clothing","ACTIVE","yes","49738553196794","5XL / 61620junlv","14:175#61620junlv;5:200000991","True","199","25.99","9.62","3.73","yes","9.62","3.03","7~12 days","AliExpress Selection Standard; ships from CN; representative DSers samples displayed US $2.15 shipping","9976","PASS_TIGHT_REPRICED","US$5.17~6.95","US$1.99","7~13 days","AliExpress Selection Standard; ships from CN; tracking available","9976","PASS_REPRESENTATIVE_SAMPLE_PENDING_US_STOREFRONT_PRICE","Representative DSers Canada quote on 2026-07-26 across four visible size/color SKUs: XXXL 61620lan, XXXL/4XL 61620hei, and S 61620lan. Three returned US $2.15 shipping with tracking; XXXL-61620lan returned No Shipping. Every worksheet cap is below the representative CA$3.03 shipping floor, so all variants require repricing, supplier replacement, or launch removal. Product-wide price normalized live to CA.99 on 2026-07-26; recalculated Canada shipping cap is CA(@{product_id=9326917583098; product_title=Quick-Dry Training Shorts; handle=running-shorts-summer-gym-sportswear-men-jogging-outdoor-sports-shorts-fitness-man-quick-dry-breathable-pants-male-clothing; status=DRAFT; launch_tag=yes; variant_id=49738553196794; variant_title=5XL / 61620junlv; sku=14:175#61620junlv;5:200000991; available_for_sale=True; inventory_quantity=199; price=25.99; unit_cost=9.62; canada_shipping_cap=3.73; needs_quote=yes; quote_item_cost=9.62; quote_shipping_cost=3.03; quote_delivery_window=7~12 days; quote_service=AliExpress Selection Standard; ships from CN; representative DSers samples displayed US $2.15 shipping; quote_stock=9976; quote_result=PASS_TIGHT_REPRICED; notes=Representative DSers Canada quote on 2026-07-26 across four visible size/color SKUs: XXXL 61620lan, XXXL/4XL 61620hei, and S 61620lan. Three returned US $2.15 shipping with tracking; XXXL-61620lan returned No Shipping. Every worksheet cap is below the representative CA$3.03 shipping floor, so all variants require repricing, supplier replacement, or launch removal.}.canada_shipping_cap). Representative U.S. DSers quote on 2026-07-26: XXXL/XXL black and S/M blue returned US$1.99 shipping in 7~13 days, tracking available. Applied across remaining mapped variants pending final spot-check."
"9326917583098","Quick-Dry Training Shorts","running-shorts-summer-gym-sportswear-men-jogging-outdoor-sports-shorts-fitness-man-quick-dry-breathable-pants-male-clothing","ACTIVE","yes","49738553360634","5XL / 61620lan","14:173#61620lan;5:200000991","True","200","25.99","10.21","3.14","yes","10.21","3.03","7~12 days","AliExpress Selection Standard; ships from CN; representative DSers samples displayed US $2.15 shipping","9976","PASS_TIGHT_REPRICED","US$5.17~6.95","US$1.99","7~13 days","AliExpress Selection Standard; ships from CN; tracking available","9976","PASS_REPRESENTATIVE_SAMPLE_PENDING_US_STOREFRONT_PRICE","Representative DSers Canada quote on 2026-07-26 across four visible size/color SKUs: XXXL 61620lan, XXXL/4XL 61620hei, and S 61620lan. Three returned US $2.15 shipping with tracking; XXXL-61620lan returned No Shipping. Every worksheet cap is below the representative CA$3.03 shipping floor, so all variants require repricing, supplier replacement, or launch removal. Product-wide price normalized live to CA.99 on 2026-07-26; recalculated Canada shipping cap is CA(@{product_id=9326917583098; product_title=Quick-Dry Training Shorts; handle=running-shorts-summer-gym-sportswear-men-jogging-outdoor-sports-shorts-fitness-man-quick-dry-breathable-pants-male-clothing; status=DRAFT; launch_tag=yes; variant_id=49738553360634; variant_title=5XL / 61620lan; sku=14:173#61620lan;5:200000991; available_for_sale=True; inventory_quantity=200; price=25.99; unit_cost=10.21; canada_shipping_cap=3.14; needs_quote=yes; quote_item_cost=10.21; quote_shipping_cost=3.03; quote_delivery_window=7~12 days; quote_service=AliExpress Selection Standard; ships from CN; representative DSers samples displayed US $2.15 shipping; quote_stock=9976; quote_result=PASS_TIGHT_REPRICED; notes=Representative DSers Canada quote on 2026-07-26 across four visible size/color SKUs: XXXL 61620lan, XXXL/4XL 61620hei, and S 61620lan. Three returned US $2.15 shipping with tracking; XXXL-61620lan returned No Shipping. Every worksheet cap is below the representative CA$3.03 shipping floor, so all variants require repricing, supplier replacement, or launch removal.}.canada_shipping_cap). Representative U.S. DSers quote on 2026-07-26: XXXL/XXL black and S/M blue returned US$1.99 shipping in 7~13 days, tracking available. Applied across remaining mapped variants pending final spot-check."
"9326917583098","Quick-Dry Training Shorts","running-shorts-summer-gym-sportswear-men-jogging-outdoor-sports-shorts-fitness-man-quick-dry-breathable-pants-male-clothing","ACTIVE","yes","49738553131258","5XL / 61620yingguanglv","14:365458#61620yingguanglv;5:200000991","True","200","25.99","9.51","3.84","yes","9.51","3.03","7~12 days","AliExpress Selection Standard; ships from CN; representative DSers samples displayed US $2.15 shipping","9976","PASS_TIGHT_REPRICED","US$5.17~6.95","US$1.99","7~13 days","AliExpress Selection Standard; ships from CN; tracking available","9976","PASS_REPRESENTATIVE_SAMPLE_PENDING_US_STOREFRONT_PRICE","Representative DSers Canada quote on 2026-07-26 across four visible size/color SKUs: XXXL 61620lan, XXXL/4XL 61620hei, and S 61620lan. Three returned US $2.15 shipping with tracking; XXXL-61620lan returned No Shipping. Every worksheet cap is below the representative CA$3.03 shipping floor, so all variants require repricing, supplier replacement, or launch removal. Product-wide price normalized live to CA.99 on 2026-07-26; recalculated Canada shipping cap is CA(@{product_id=9326917583098; product_title=Quick-Dry Training Shorts; handle=running-shorts-summer-gym-sportswear-men-jogging-outdoor-sports-shorts-fitness-man-quick-dry-breathable-pants-male-clothing; status=DRAFT; launch_tag=yes; variant_id=49738553131258; variant_title=5XL / 61620yingguanglv; sku=14:365458#61620yingguanglv;5:200000991; available_for_sale=True; inventory_quantity=200; price=25.99; unit_cost=9.51; canada_shipping_cap=3.84; needs_quote=yes; quote_item_cost=9.51; quote_shipping_cost=3.03; quote_delivery_window=7~12 days; quote_service=AliExpress Selection Standard; ships from CN; representative DSers samples displayed US $2.15 shipping; quote_stock=9976; quote_result=PASS_TIGHT_REPRICED; notes=Representative DSers Canada quote on 2026-07-26 across four visible size/color SKUs: XXXL 61620lan, XXXL/4XL 61620hei, and S 61620lan. Three returned US $2.15 shipping with tracking; XXXL-61620lan returned No Shipping. Every worksheet cap is below the representative CA$3.03 shipping floor, so all variants require repricing, supplier replacement, or launch removal.}.canada_shipping_cap). Representative U.S. DSers quote on 2026-07-26: XXXL/XXL black and S/M blue returned US$1.99 shipping in 7~13 days, tracking available. Applied across remaining mapped variants pending final spot-check."
"9326917583098","Quick-Dry Training Shorts","running-shorts-summer-gym-sportswear-men-jogging-outdoor-sports-shorts-fitness-man-quick-dry-breathable-pants-male-clothing","ACTIVE","yes","49738553524474","L / 61620bai","14:771#61620bai;5:361385","True","200","25.99","9.35","4.00","yes","9.35","3.03","7~12 days","AliExpress Selection Standard; ships from CN; representative DSers samples displayed US $2.15 shipping","9976","PASS_TIGHT_REPRICED","US$5.17~6.95","US$1.99","7~13 days","AliExpress Selection Standard; ships from CN; tracking available","9976","PASS_REPRESENTATIVE_SAMPLE_PENDING_US_STOREFRONT_PRICE","Representative DSers Canada quote on 2026-07-26 across four visible size/color SKUs: XXXL 61620lan, XXXL/4XL 61620hei, and S 61620lan. Three returned US $2.15 shipping with tracking; XXXL-61620lan returned No Shipping. Every worksheet cap is below the representative CA$3.03 shipping floor, so all variants require repricing, supplier replacement, or launch removal. Product-wide price normalized live to CA.99 on 2026-07-26; recalculated Canada shipping cap is CA(@{product_id=9326917583098; product_title=Quick-Dry Training Shorts; handle=running-shorts-summer-gym-sportswear-men-jogging-outdoor-sports-shorts-fitness-man-quick-dry-breathable-pants-male-clothing; status=DRAFT; launch_tag=yes; variant_id=49738553524474; variant_title=L / 61620bai; sku=14:771#61620bai;5:361385; available_for_sale=True; inventory_quantity=200; price=25.99; unit_cost=9.35; canada_shipping_cap=4.00; needs_quote=yes; quote_item_cost=9.35; quote_shipping_cost=3.03; quote_delivery_window=7~12 days; quote_service=AliExpress Selection Standard; ships from CN; representative DSers samples displayed US $2.15 shipping; quote_stock=9976; quote_result=PASS_TIGHT_REPRICED; notes=Representative DSers Canada quote on 2026-07-26 across four visible size/color SKUs: XXXL 61620lan, XXXL/4XL 61620hei, and S 61620lan. Three returned US $2.15 shipping with tracking; XXXL-61620lan returned No Shipping. Every worksheet cap is below the representative CA$3.03 shipping floor, so all variants require repricing, supplier replacement, or launch removal.}.canada_shipping_cap). Representative U.S. DSers quote on 2026-07-26: XXXL/XXL black and S/M blue returned US$1.99 shipping in 7~13 days, tracking available. Applied across remaining mapped variants pending final spot-check."
"9326917583098","Quick-Dry Training Shorts","running-shorts-summer-gym-sportswear-men-jogging-outdoor-sports-shorts-fitness-man-quick-dry-breathable-pants-male-clothing","ACTIVE","yes","49738552508666","L / 61620hei","14:193#61620hei;5:361385","True","5","25.99","8.92","4.43","yes","8.92","3.03","7~12 days","AliExpress Selection Standard; ships from CN; representative DSers samples displayed US $2.15 shipping","9976","PASS_TIGHT_REPRICED_LOW_STOCK","US$5.17~6.95","US$1.99","7~13 days","AliExpress Selection Standard; ships from CN; tracking available","9976","PASS_REPRESENTATIVE_SAMPLE_PENDING_US_STOREFRONT_PRICE","Representative DSers Canada quote on 2026-07-26 across four visible size/color SKUs: XXXL 61620lan, XXXL/4XL 61620hei, and S 61620lan. Three returned US $2.15 shipping with tracking; XXXL-61620lan returned No Shipping. Every worksheet cap is below the representative CA$3.03 shipping floor, so all variants require repricing, supplier replacement, or launch removal. Product-wide price normalized live to CA.99 on 2026-07-26; recalculated Canada shipping cap is CA(@{product_id=9326917583098; product_title=Quick-Dry Training Shorts; handle=running-shorts-summer-gym-sportswear-men-jogging-outdoor-sports-shorts-fitness-man-quick-dry-breathable-pants-male-clothing; status=DRAFT; launch_tag=yes; variant_id=49738552508666; variant_title=L / 61620hei; sku=14:193#61620hei;5:361385; available_for_sale=True; inventory_quantity=5; price=25.99; unit_cost=8.92; canada_shipping_cap=4.43; needs_quote=yes; quote_item_cost=8.92; quote_shipping_cost=3.03; quote_delivery_window=7~12 days; quote_service=AliExpress Selection Standard; ships from CN; representative DSers samples displayed US $2.15 shipping; quote_stock=9976; quote_result=PASS_TIGHT_REPRICED_LOW_STOCK; notes=Representative DSers Canada quote on 2026-07-26 across four visible size/color SKUs: XXXL 61620lan, XXXL/4XL 61620hei, and S 61620lan. Three returned US $2.15 shipping with tracking; XXXL-61620lan returned No Shipping. Every worksheet cap is below the representative CA$3.03 shipping floor, so all variants require repricing, supplier replacement, or launch removal.}.canada_shipping_cap). Representative U.S. DSers quote on 2026-07-26: XXXL/XXL black and S/M blue returned US$1.99 shipping in 7~13 days, tracking available. Applied across remaining mapped variants pending final spot-check."
"9326917583098","Quick-Dry Training Shorts","running-shorts-summer-gym-sportswear-men-jogging-outdoor-sports-shorts-fitness-man-quick-dry-breathable-pants-male-clothing","ACTIVE","yes","49738553032954","L / 61620hong","14:10#61620hong;5:361385","True","200","25.99","10.21","3.14","yes","10.21","3.03","7~12 days","AliExpress Selection Standard; ships from CN; representative DSers samples displayed US $2.15 shipping","9976","PASS_TIGHT_REPRICED","US$5.17~6.95","US$1.99","7~13 days","AliExpress Selection Standard; ships from CN; tracking available","9976","PASS_REPRESENTATIVE_SAMPLE_PENDING_US_STOREFRONT_PRICE","Representative DSers Canada quote on 2026-07-26 across four visible size/color SKUs: XXXL 61620lan, XXXL/4XL 61620hei, and S 61620lan. Three returned US $2.15 shipping with tracking; XXXL-61620lan returned No Shipping. Every worksheet cap is below the representative CA$3.03 shipping floor, so all variants require repricing, supplier replacement, or launch removal. Product-wide price normalized live to CA.99 on 2026-07-26; recalculated Canada shipping cap is CA(@{product_id=9326917583098; product_title=Quick-Dry Training Shorts; handle=running-shorts-summer-gym-sportswear-men-jogging-outdoor-sports-shorts-fitness-man-quick-dry-breathable-pants-male-clothing; status=DRAFT; launch_tag=yes; variant_id=49738553032954; variant_title=L / 61620hong; sku=14:10#61620hong;5:361385; available_for_sale=True; inventory_quantity=200; price=25.99; unit_cost=10.21; canada_shipping_cap=3.14; needs_quote=yes; quote_item_cost=10.21; quote_shipping_cost=3.03; quote_delivery_window=7~12 days; quote_service=AliExpress Selection Standard; ships from CN; representative DSers samples displayed US $2.15 shipping; quote_stock=9976; quote_result=PASS_TIGHT_REPRICED; notes=Representative DSers Canada quote on 2026-07-26 across four visible size/color SKUs: XXXL 61620lan, XXXL/4XL 61620hei, and S 61620lan. Three returned US $2.15 shipping with tracking; XXXL-61620lan returned No Shipping. Every worksheet cap is below the representative CA$3.03 shipping floor, so all variants require repricing, supplier replacement, or launch removal.}.canada_shipping_cap). Representative U.S. DSers quote on 2026-07-26: XXXL/XXL black and S/M blue returned US$1.99 shipping in 7~13 days, tracking available. Applied across remaining mapped variants pending final spot-check."
"9326917583098","Quick-Dry Training Shorts","running-shorts-summer-gym-sportswear-men-jogging-outdoor-sports-shorts-fitness-man-quick-dry-breathable-pants-male-clothing","ACTIVE","yes","49738552672506","L / 61620junlv","14:175#61620junlv;5:361385","True","197","25.99","8.90","4.45","yes","8.90","3.03","7~12 days","AliExpress Selection Standard; ships from CN; representative DSers samples displayed US $2.15 shipping","9976","PASS_TIGHT_REPRICED","US$5.17~6.95","US$1.99","7~13 days","AliExpress Selection Standard; ships from CN; tracking available","9976","PASS_REPRESENTATIVE_SAMPLE_PENDING_US_STOREFRONT_PRICE","Representative DSers Canada quote on 2026-07-26 across four visible size/color SKUs: XXXL 61620lan, XXXL/4XL 61620hei, and S 61620lan. Three returned US $2.15 shipping with tracking; XXXL-61620lan returned No Shipping. Every worksheet cap is below the representative CA$3.03 shipping floor, so all variants require repricing, supplier replacement, or launch removal. Product-wide price normalized live to CA.99 on 2026-07-26; recalculated Canada shipping cap is CA(@{product_id=9326917583098; product_title=Quick-Dry Training Shorts; handle=running-shorts-summer-gym-sportswear-men-jogging-outdoor-sports-shorts-fitness-man-quick-dry-breathable-pants-male-clothing; status=DRAFT; launch_tag=yes; variant_id=49738552672506; variant_title=L / 61620junlv; sku=14:175#61620junlv;5:361385; available_for_sale=True; inventory_quantity=197; price=25.99; unit_cost=8.90; canada_shipping_cap=4.45; needs_quote=yes; quote_item_cost=8.90; quote_shipping_cost=3.03; quote_delivery_window=7~12 days; quote_service=AliExpress Selection Standard; ships from CN; representative DSers samples displayed US $2.15 shipping; quote_stock=9976; quote_result=PASS_TIGHT_REPRICED; notes=Representative DSers Canada quote on 2026-07-26 across four visible size/color SKUs: XXXL 61620lan, XXXL/4XL 61620hei, and S 61620lan. Three returned US $2.15 shipping with tracking; XXXL-61620lan returned No Shipping. Every worksheet cap is below the representative CA$3.03 shipping floor, so all variants require repricing, supplier replacement, or launch removal.}.canada_shipping_cap). Representative U.S. DSers quote on 2026-07-26: XXXL/XXL black and S/M blue returned US$1.99 shipping in 7~13 days, tracking available. Applied across remaining mapped variants pending final spot-check."
"9326917583098","Quick-Dry Training Shorts","running-shorts-summer-gym-sportswear-men-jogging-outdoor-sports-shorts-fitness-man-quick-dry-breathable-pants-male-clothing","ACTIVE","yes","49738552475898","L / 61620lan","14:173#61620lan;5:361385","True","198","25.99","8.75","4.60","yes","8.75","3.03","7~12 days","AliExpress Selection Standard; ships from CN; representative DSers samples displayed US $2.15 shipping","9976","PASS_TIGHT_REPRICED","US$5.17~6.95","US$1.99","7~13 days","AliExpress Selection Standard; ships from CN; tracking available","9976","PASS_REPRESENTATIVE_SAMPLE_PENDING_US_STOREFRONT_PRICE","Representative DSers Canada quote on 2026-07-26 across four visible size/color SKUs: XXXL 61620lan, XXXL/4XL 61620hei, and S 61620lan. Three returned US $2.15 shipping with tracking; XXXL-61620lan returned No Shipping. Every worksheet cap is below the representative CA$3.03 shipping floor, so all variants require repricing, supplier replacement, or launch removal. Product-wide price normalized live to CA.99 on 2026-07-26; recalculated Canada shipping cap is CA(@{product_id=9326917583098; product_title=Quick-Dry Training Shorts; handle=running-shorts-summer-gym-sportswear-men-jogging-outdoor-sports-shorts-fitness-man-quick-dry-breathable-pants-male-clothing; status=DRAFT; launch_tag=yes; variant_id=49738552475898; variant_title=L / 61620lan; sku=14:173#61620lan;5:361385; available_for_sale=True; inventory_quantity=198; price=25.99; unit_cost=8.75; canada_shipping_cap=4.60; needs_quote=yes; quote_item_cost=8.75; quote_shipping_cost=3.03; quote_delivery_window=7~12 days; quote_service=AliExpress Selection Standard; ships from CN; representative DSers samples displayed US $2.15 shipping; quote_stock=9976; quote_result=PASS_TIGHT_REPRICED; notes=Representative DSers Canada quote on 2026-07-26 across four visible size/color SKUs: XXXL 61620lan, XXXL/4XL 61620hei, and S 61620lan. Three returned US $2.15 shipping with tracking; XXXL-61620lan returned No Shipping. Every worksheet cap is below the representative CA$3.03 shipping floor, so all variants require repricing, supplier replacement, or launch removal.}.canada_shipping_cap). Representative U.S. DSers quote on 2026-07-26: XXXL/XXL black and S/M blue returned US$1.99 shipping in 7~13 days, tracking available. Applied across remaining mapped variants pending final spot-check."
"9326917583098","Quick-Dry Training Shorts","running-shorts-summer-gym-sportswear-men-jogging-outdoor-sports-shorts-fitness-man-quick-dry-breathable-pants-male-clothing","ACTIVE","yes","49738553065722","L / 61620yingguanglv","14:365458#61620yingguanglv;5:361385","True","200","25.99","10.21","3.14","yes","10.21","3.03","7~12 days","AliExpress Selection Standard; ships from CN; representative DSers samples displayed US $2.15 shipping","9976","PASS_TIGHT_REPRICED","US$5.17~6.95","US$1.99","7~13 days","AliExpress Selection Standard; ships from CN; tracking available","9976","PASS_REPRESENTATIVE_SAMPLE_PENDING_US_STOREFRONT_PRICE","Representative DSers Canada quote on 2026-07-26 across four visible size/color SKUs: XXXL 61620lan, XXXL/4XL 61620hei, and S 61620lan. Three returned US $2.15 shipping with tracking; XXXL-61620lan returned No Shipping. Every worksheet cap is below the representative CA$3.03 shipping floor, so all variants require repricing, supplier replacement, or launch removal. Product-wide price normalized live to CA.99 on 2026-07-26; recalculated Canada shipping cap is CA(@{product_id=9326917583098; product_title=Quick-Dry Training Shorts; handle=running-shorts-summer-gym-sportswear-men-jogging-outdoor-sports-shorts-fitness-man-quick-dry-breathable-pants-male-clothing; status=DRAFT; launch_tag=yes; variant_id=49738553065722; variant_title=L / 61620yingguanglv; sku=14:365458#61620yingguanglv;5:361385; available_for_sale=True; inventory_quantity=200; price=25.99; unit_cost=10.21; canada_shipping_cap=3.14; needs_quote=yes; quote_item_cost=10.21; quote_shipping_cost=3.03; quote_delivery_window=7~12 days; quote_service=AliExpress Selection Standard; ships from CN; representative DSers samples displayed US $2.15 shipping; quote_stock=9976; quote_result=PASS_TIGHT_REPRICED; notes=Representative DSers Canada quote on 2026-07-26 across four visible size/color SKUs: XXXL 61620lan, XXXL/4XL 61620hei, and S 61620lan. Three returned US $2.15 shipping with tracking; XXXL-61620lan returned No Shipping. Every worksheet cap is below the representative CA$3.03 shipping floor, so all variants require repricing, supplier replacement, or launch removal.}.canada_shipping_cap). Representative U.S. DSers quote on 2026-07-26: XXXL/XXL black and S/M blue returned US$1.99 shipping in 7~13 days, tracking available. Applied across remaining mapped variants pending final spot-check."
"9326917583098","Quick-Dry Training Shorts","running-shorts-summer-gym-sportswear-men-jogging-outdoor-sports-shorts-fitness-man-quick-dry-breathable-pants-male-clothing","ACTIVE","yes","49738553491706","M / 61620bai","14:771#61620bai;5:361386","True","196","25.99","9.13","4.22","yes","9.13","3.03","7~12 days","AliExpress Selection Standard; ships from CN; representative DSers samples displayed US $2.15 shipping","9976","PASS_TIGHT_REPRICED","US$5.17~6.95","US$1.99","7~13 days","AliExpress Selection Standard; ships from CN; tracking available","9976","PASS_REPRESENTATIVE_SAMPLE_PENDING_US_STOREFRONT_PRICE","Representative DSers Canada quote on 2026-07-26 across four visible size/color SKUs: XXXL 61620lan, XXXL/4XL 61620hei, and S 61620lan. Three returned US $2.15 shipping with tracking; XXXL-61620lan returned No Shipping. Every worksheet cap is below the representative CA$3.03 shipping floor, so all variants require repricing, supplier replacement, or launch removal. Product-wide price normalized live to CA.99 on 2026-07-26; recalculated Canada shipping cap is CA(@{product_id=9326917583098; product_title=Quick-Dry Training Shorts; handle=running-shorts-summer-gym-sportswear-men-jogging-outdoor-sports-shorts-fitness-man-quick-dry-breathable-pants-male-clothing; status=DRAFT; launch_tag=yes; variant_id=49738553491706; variant_title=M / 61620bai; sku=14:771#61620bai;5:361386; available_for_sale=True; inventory_quantity=196; price=25.99; unit_cost=9.13; canada_shipping_cap=4.22; needs_quote=yes; quote_item_cost=9.13; quote_shipping_cost=3.03; quote_delivery_window=7~12 days; quote_service=AliExpress Selection Standard; ships from CN; representative DSers samples displayed US $2.15 shipping; quote_stock=9976; quote_result=PASS_TIGHT_REPRICED; notes=Representative DSers Canada quote on 2026-07-26 across four visible size/color SKUs: XXXL 61620lan, XXXL/4XL 61620hei, and S 61620lan. Three returned US $2.15 shipping with tracking; XXXL-61620lan returned No Shipping. Every worksheet cap is below the representative CA$3.03 shipping floor, so all variants require repricing, supplier replacement, or launch removal.}.canada_shipping_cap). Representative U.S. DSers quote on 2026-07-26: XXXL/XXL black and S/M blue returned US$1.99 shipping in 7~13 days, tracking available. Applied across remaining mapped variants pending final spot-check."
"9326917583098","Quick-Dry Training Shorts","running-shorts-summer-gym-sportswear-men-jogging-outdoor-sports-shorts-fitness-man-quick-dry-breathable-pants-male-clothing","ACTIVE","yes","49738552738042","M / 61620hei","14:193#61620hei;5:361386","True","194","25.99","9.32","4.03","yes","9.32","3.03","7~12 days","AliExpress Selection Standard; ships from CN; representative DSers samples displayed US $2.15 shipping","9976","PASS_TIGHT_REPRICED","US$5.17~6.95","US$1.99","7~13 days","AliExpress Selection Standard; ships from CN; tracking available","9976","PASS_REPRESENTATIVE_SAMPLE_PENDING_US_STOREFRONT_PRICE","Representative DSers Canada quote on 2026-07-26 across four visible size/color SKUs: XXXL 61620lan, XXXL/4XL 61620hei, and S 61620lan. Three returned US $2.15 shipping with tracking; XXXL-61620lan returned No Shipping. Every worksheet cap is below the representative CA$3.03 shipping floor, so all variants require repricing, supplier replacement, or launch removal. Product-wide price normalized live to CA.99 on 2026-07-26; recalculated Canada shipping cap is CA(@{product_id=9326917583098; product_title=Quick-Dry Training Shorts; handle=running-shorts-summer-gym-sportswear-men-jogging-outdoor-sports-shorts-fitness-man-quick-dry-breathable-pants-male-clothing; status=DRAFT; launch_tag=yes; variant_id=49738552738042; variant_title=M / 61620hei; sku=14:193#61620hei;5:361386; available_for_sale=True; inventory_quantity=194; price=25.99; unit_cost=9.32; canada_shipping_cap=4.03; needs_quote=yes; quote_item_cost=9.32; quote_shipping_cost=3.03; quote_delivery_window=7~12 days; quote_service=AliExpress Selection Standard; ships from CN; representative DSers samples displayed US $2.15 shipping; quote_stock=9976; quote_result=PASS_TIGHT_REPRICED; notes=Representative DSers Canada quote on 2026-07-26 across four visible size/color SKUs: XXXL 61620lan, XXXL/4XL 61620hei, and S 61620lan. Three returned US $2.15 shipping with tracking; XXXL-61620lan returned No Shipping. Every worksheet cap is below the representative CA$3.03 shipping floor, so all variants require repricing, supplier replacement, or launch removal.}.canada_shipping_cap). Representative U.S. DSers quote on 2026-07-26: XXXL/XXL black and S/M blue returned US$1.99 shipping in 7~13 days, tracking available. Applied across remaining mapped variants pending final spot-check."
"9326917583098","Quick-Dry Training Shorts","running-shorts-summer-gym-sportswear-men-jogging-outdoor-sports-shorts-fitness-man-quick-dry-breathable-pants-male-clothing","ACTIVE","yes","49738553000186","M / 61620hong","14:10#61620hong;5:361386","True","200","25.99","8.83","4.52","yes","8.83","3.03","7~12 days","AliExpress Selection Standard; ships from CN; representative DSers samples displayed US $2.15 shipping","9976","PASS_TIGHT_REPRICED","US$5.17~6.95","US$1.99","7~13 days","AliExpress Selection Standard; ships from CN; tracking available","9976","PASS_REPRESENTATIVE_SAMPLE_PENDING_US_STOREFRONT_PRICE","Representative DSers Canada quote on 2026-07-26 across four visible size/color SKUs: XXXL 61620lan, XXXL/4XL 61620hei, and S 61620lan. Three returned US $2.15 shipping with tracking; XXXL-61620lan returned No Shipping. Every worksheet cap is below the representative CA$3.03 shipping floor, so all variants require repricing, supplier replacement, or launch removal. Product-wide price normalized live to CA.99 on 2026-07-26; recalculated Canada shipping cap is CA(@{product_id=9326917583098; product_title=Quick-Dry Training Shorts; handle=running-shorts-summer-gym-sportswear-men-jogging-outdoor-sports-shorts-fitness-man-quick-dry-breathable-pants-male-clothing; status=DRAFT; launch_tag=yes; variant_id=49738553000186; variant_title=M / 61620hong; sku=14:10#61620hong;5:361386; available_for_sale=True; inventory_quantity=200; price=25.99; unit_cost=8.83; canada_shipping_cap=4.52; needs_quote=yes; quote_item_cost=8.83; quote_shipping_cost=3.03; quote_delivery_window=7~12 days; quote_service=AliExpress Selection Standard; ships from CN; representative DSers samples displayed US $2.15 shipping; quote_stock=9976; quote_result=PASS_TIGHT_REPRICED; notes=Representative DSers Canada quote on 2026-07-26 across four visible size/color SKUs: XXXL 61620lan, XXXL/4XL 61620hei, and S 61620lan. Three returned US $2.15 shipping with tracking; XXXL-61620lan returned No Shipping. Every worksheet cap is below the representative CA$3.03 shipping floor, so all variants require repricing, supplier replacement, or launch removal.}.canada_shipping_cap). Representative U.S. DSers quote on 2026-07-26: XXXL/XXL black and S/M blue returned US$1.99 shipping in 7~13 days, tracking available. Applied across remaining mapped variants pending final spot-check."
"9326917583098","Quick-Dry Training Shorts","running-shorts-summer-gym-sportswear-men-jogging-outdoor-sports-shorts-fitness-man-quick-dry-breathable-pants-male-clothing","ACTIVE","yes","49738552410362","M / 61620junlv","14:175#61620junlv;5:361386","True","4","25.99","9.09","4.26","yes","9.09","3.03","7~12 days","AliExpress Selection Standard; ships from CN; representative DSers samples displayed US $2.15 shipping","9976","PASS_TIGHT_REPRICED_LOW_STOCK","US$5.17~6.95","US$1.99","7~13 days","AliExpress Selection Standard; ships from CN; tracking available","9976","PASS_REPRESENTATIVE_SAMPLE_PENDING_US_STOREFRONT_PRICE","Representative DSers Canada quote on 2026-07-26 across four visible size/color SKUs: XXXL 61620lan, XXXL/4XL 61620hei, and S 61620lan. Three returned US $2.15 shipping with tracking; XXXL-61620lan returned No Shipping. Every worksheet cap is below the representative CA$3.03 shipping floor, so all variants require repricing, supplier replacement, or launch removal. Product-wide price normalized live to CA.99 on 2026-07-26; recalculated Canada shipping cap is CA(@{product_id=9326917583098; product_title=Quick-Dry Training Shorts; handle=running-shorts-summer-gym-sportswear-men-jogging-outdoor-sports-shorts-fitness-man-quick-dry-breathable-pants-male-clothing; status=DRAFT; launch_tag=yes; variant_id=49738552410362; variant_title=M / 61620junlv; sku=14:175#61620junlv;5:361386; available_for_sale=True; inventory_quantity=4; price=25.99; unit_cost=9.09; canada_shipping_cap=4.26; needs_quote=yes; quote_item_cost=9.09; quote_shipping_cost=3.03; quote_delivery_window=7~12 days; quote_service=AliExpress Selection Standard; ships from CN; representative DSers samples displayed US $2.15 shipping; quote_stock=9976; quote_result=PASS_TIGHT_REPRICED_LOW_STOCK; notes=Representative DSers Canada quote on 2026-07-26 across four visible size/color SKUs: XXXL 61620lan, XXXL/4XL 61620hei, and S 61620lan. Three returned US $2.15 shipping with tracking; XXXL-61620lan returned No Shipping. Every worksheet cap is below the representative CA$3.03 shipping floor, so all variants require repricing, supplier replacement, or launch removal.}.canada_shipping_cap). Representative U.S. DSers quote on 2026-07-26: XXXL/XXL black and S/M blue returned US$1.99 shipping in 7~13 days, tracking available. Applied across remaining mapped variants pending final spot-check."
"9326917583098","Quick-Dry Training Shorts","running-shorts-summer-gym-sportswear-men-jogging-outdoor-sports-shorts-fitness-man-quick-dry-breathable-pants-male-clothing","ACTIVE","yes","49738552213754","M / 61620lan","14:173#61620lan;5:361386","True","9","25.99","8.93","4.42","yes","8.93","3.03","7~12 days","AliExpress Selection Standard; ships from CN; representative DSers samples displayed US $2.15 shipping","9976","PASS_TIGHT_REPRICED_LOW_STOCK","US$5.17~6.95","US$1.99","7~13 days","AliExpress Selection Standard; ships from CN; tracking available","9976","PASS_REPRESENTATIVE_SAMPLE_PENDING_US_STOREFRONT_PRICE","Representative DSers Canada quote on 2026-07-26 across four visible size/color SKUs: XXXL 61620lan, XXXL/4XL 61620hei, and S 61620lan. Three returned US $2.15 shipping with tracking; XXXL-61620lan returned No Shipping. Every worksheet cap is below the representative CA$3.03 shipping floor, so all variants require repricing, supplier replacement, or launch removal. Product-wide price normalized live to CA.99 on 2026-07-26; recalculated Canada shipping cap is CA(@{product_id=9326917583098; product_title=Quick-Dry Training Shorts; handle=running-shorts-summer-gym-sportswear-men-jogging-outdoor-sports-shorts-fitness-man-quick-dry-breathable-pants-male-clothing; status=DRAFT; launch_tag=yes; variant_id=49738552213754; variant_title=M / 61620lan; sku=14:173#61620lan;5:361386; available_for_sale=True; inventory_quantity=9; price=25.99; unit_cost=8.93; canada_shipping_cap=4.42; needs_quote=yes; quote_item_cost=8.93; quote_shipping_cost=3.03; quote_delivery_window=7~12 days; quote_service=AliExpress Selection Standard; ships from CN; representative DSers samples displayed US $2.15 shipping; quote_stock=9976; quote_result=PASS_TIGHT_REPRICED_LOW_STOCK; notes=Representative DSers Canada quote on 2026-07-26 across four visible size/color SKUs: XXXL 61620lan, XXXL/4XL 61620hei, and S 61620lan. Three returned US $2.15 shipping with tracking; XXXL-61620lan returned No Shipping. Every worksheet cap is below the representative CA$3.03 shipping floor, so all variants require repricing, supplier replacement, or launch removal.}.canada_shipping_cap). Representative U.S. DSers quote on 2026-07-26: XXXL/XXL black and S/M blue returned US$1.99 shipping in 7~13 days, tracking available. Applied across remaining mapped variants pending final spot-check."
"9326917583098","Quick-Dry Training Shorts","running-shorts-summer-gym-sportswear-men-jogging-outdoor-sports-shorts-fitness-man-quick-dry-breathable-pants-male-clothing","ACTIVE","yes","49738553590010","M / 61620yingguanglv","14:365458#61620yingguanglv;5:361386","True","200","25.99","9.21","4.14","yes","9.21","3.03","7~12 days","AliExpress Selection Standard; ships from CN; representative DSers samples displayed US $2.15 shipping","9976","PASS_TIGHT_REPRICED","US$5.17~6.95","US$1.99","7~13 days","AliExpress Selection Standard; ships from CN; tracking available","9976","PASS_REPRESENTATIVE_SAMPLE_PENDING_US_STOREFRONT_PRICE","Representative DSers Canada quote on 2026-07-26 across four visible size/color SKUs: XXXL 61620lan, XXXL/4XL 61620hei, and S 61620lan. Three returned US $2.15 shipping with tracking; XXXL-61620lan returned No Shipping. Every worksheet cap is below the representative CA$3.03 shipping floor, so all variants require repricing, supplier replacement, or launch removal. Product-wide price normalized live to CA.99 on 2026-07-26; recalculated Canada shipping cap is CA(@{product_id=9326917583098; product_title=Quick-Dry Training Shorts; handle=running-shorts-summer-gym-sportswear-men-jogging-outdoor-sports-shorts-fitness-man-quick-dry-breathable-pants-male-clothing; status=DRAFT; launch_tag=yes; variant_id=49738553590010; variant_title=M / 61620yingguanglv; sku=14:365458#61620yingguanglv;5:361386; available_for_sale=True; inventory_quantity=200; price=25.99; unit_cost=9.21; canada_shipping_cap=4.14; needs_quote=yes; quote_item_cost=9.21; quote_shipping_cost=3.03; quote_delivery_window=7~12 days; quote_service=AliExpress Selection Standard; ships from CN; representative DSers samples displayed US $2.15 shipping; quote_stock=9976; quote_result=PASS_TIGHT_REPRICED; notes=Representative DSers Canada quote on 2026-07-26 across four visible size/color SKUs: XXXL 61620lan, XXXL/4XL 61620hei, and S 61620lan. Three returned US $2.15 shipping with tracking; XXXL-61620lan returned No Shipping. Every worksheet cap is below the representative CA$3.03 shipping floor, so all variants require repricing, supplier replacement, or launch removal.}.canada_shipping_cap). Representative U.S. DSers quote on 2026-07-26: XXXL/XXL black and S/M blue returned US$1.99 shipping in 7~13 days, tracking available. Applied across remaining mapped variants pending final spot-check."
"9326917583098","Quick-Dry Training Shorts","running-shorts-summer-gym-sportswear-men-jogging-outdoor-sports-shorts-fitness-man-quick-dry-breathable-pants-male-clothing","ACTIVE","yes","49738553655546","S / 61620bai","14:771#61620bai;5:100014064","True","199","25.99","9.21","4.14","yes","9.21","3.03","7~12 days","AliExpress Selection Standard; ships from CN; representative DSers samples displayed US $2.15 shipping","9976","PASS_TIGHT_REPRICED","US$5.17~6.95","US$1.99","7~13 days","AliExpress Selection Standard; ships from CN; tracking available","9976","PASS_REPRESENTATIVE_SAMPLE_PENDING_US_STOREFRONT_PRICE","Representative DSers Canada quote on 2026-07-26 across four visible size/color SKUs: XXXL 61620lan, XXXL/4XL 61620hei, and S 61620lan. Three returned US $2.15 shipping with tracking; XXXL-61620lan returned No Shipping. Every worksheet cap is below the representative CA$3.03 shipping floor, so all variants require repricing, supplier replacement, or launch removal. Product-wide price normalized live to CA.99 on 2026-07-26; recalculated Canada shipping cap is CA(@{product_id=9326917583098; product_title=Quick-Dry Training Shorts; handle=running-shorts-summer-gym-sportswear-men-jogging-outdoor-sports-shorts-fitness-man-quick-dry-breathable-pants-male-clothing; status=DRAFT; launch_tag=yes; variant_id=49738553655546; variant_title=S / 61620bai; sku=14:771#61620bai;5:100014064; available_for_sale=True; inventory_quantity=199; price=25.99; unit_cost=9.21; canada_shipping_cap=4.14; needs_quote=yes; quote_item_cost=9.21; quote_shipping_cost=3.03; quote_delivery_window=7~12 days; quote_service=AliExpress Selection Standard; ships from CN; representative DSers samples displayed US $2.15 shipping; quote_stock=9976; quote_result=PASS_TIGHT_REPRICED; notes=Representative DSers Canada quote on 2026-07-26 across four visible size/color SKUs: XXXL 61620lan, XXXL/4XL 61620hei, and S 61620lan. Three returned US $2.15 shipping with tracking; XXXL-61620lan returned No Shipping. Every worksheet cap is below the representative CA$3.03 shipping floor, so all variants require repricing, supplier replacement, or launch removal.}.canada_shipping_cap). Representative U.S. DSers quote on 2026-07-26: XXXL/XXL black and S/M blue returned US$1.99 shipping in 7~13 days, tracking available. Applied across remaining mapped variants pending final spot-check."
"9326917583098","Quick-Dry Training Shorts","running-shorts-summer-gym-sportswear-men-jogging-outdoor-sports-shorts-fitness-man-quick-dry-breathable-pants-male-clothing","ACTIVE","yes","49738552770810","S / 61620hei","14:193#61620hei;5:100014064","True","198","25.99","9.06","4.29","yes","9.06","3.03","7~12 days","AliExpress Selection Standard; ships from CN; representative DSers samples displayed US $2.15 shipping","9976","PASS_TIGHT_REPRICED","US$5.17~6.95","US$1.99","7~13 days","AliExpress Selection Standard; ships from CN; tracking available","9976","PASS_REPRESENTATIVE_SAMPLE_PENDING_US_STOREFRONT_PRICE","Representative DSers Canada quote on 2026-07-26 across four visible size/color SKUs: XXXL 61620lan, XXXL/4XL 61620hei, and S 61620lan. Three returned US $2.15 shipping with tracking; XXXL-61620lan returned No Shipping. Every worksheet cap is below the representative CA$3.03 shipping floor, so all variants require repricing, supplier replacement, or launch removal. Product-wide price normalized live to CA.99 on 2026-07-26; recalculated Canada shipping cap is CA(@{product_id=9326917583098; product_title=Quick-Dry Training Shorts; handle=running-shorts-summer-gym-sportswear-men-jogging-outdoor-sports-shorts-fitness-man-quick-dry-breathable-pants-male-clothing; status=DRAFT; launch_tag=yes; variant_id=49738552770810; variant_title=S / 61620hei; sku=14:193#61620hei;5:100014064; available_for_sale=True; inventory_quantity=198; price=25.99; unit_cost=9.06; canada_shipping_cap=4.29; needs_quote=yes; quote_item_cost=9.06; quote_shipping_cost=3.03; quote_delivery_window=7~12 days; quote_service=AliExpress Selection Standard; ships from CN; representative DSers samples displayed US $2.15 shipping; quote_stock=9976; quote_result=PASS_TIGHT_REPRICED; notes=Representative DSers Canada quote on 2026-07-26 across four visible size/color SKUs: XXXL 61620lan, XXXL/4XL 61620hei, and S 61620lan. Three returned US $2.15 shipping with tracking; XXXL-61620lan returned No Shipping. Every worksheet cap is below the representative CA$3.03 shipping floor, so all variants require repricing, supplier replacement, or launch removal.}.canada_shipping_cap). Representative U.S. DSers quote on 2026-07-26: XXXL/XXL black and S/M blue returned US$1.99 shipping in 7~13 days, tracking available. Applied across remaining mapped variants pending final spot-check."
"9326917583098","Quick-Dry Training Shorts","running-shorts-summer-gym-sportswear-men-jogging-outdoor-sports-shorts-fitness-man-quick-dry-breathable-pants-male-clothing","ACTIVE","yes","49738552836346","S / 61620hong","14:10#61620hong;5:100014064","True","200","25.99","10.21","3.14","yes","10.21","3.03","7~12 days","AliExpress Selection Standard; ships from CN; representative DSers samples displayed US $2.15 shipping","9976","PASS_TIGHT_REPRICED","US$5.17~6.95","US$1.99","7~13 days","AliExpress Selection Standard; ships from CN; tracking available","9976","PASS_REPRESENTATIVE_SAMPLE_PENDING_US_STOREFRONT_PRICE","Representative DSers Canada quote on 2026-07-26 across four visible size/color SKUs: XXXL 61620lan, XXXL/4XL 61620hei, and S 61620lan. Three returned US $2.15 shipping with tracking; XXXL-61620lan returned No Shipping. Every worksheet cap is below the representative CA$3.03 shipping floor, so all variants require repricing, supplier replacement, or launch removal. Product-wide price normalized live to CA.99 on 2026-07-26; recalculated Canada shipping cap is CA(@{product_id=9326917583098; product_title=Quick-Dry Training Shorts; handle=running-shorts-summer-gym-sportswear-men-jogging-outdoor-sports-shorts-fitness-man-quick-dry-breathable-pants-male-clothing; status=DRAFT; launch_tag=yes; variant_id=49738552836346; variant_title=S / 61620hong; sku=14:10#61620hong;5:100014064; available_for_sale=True; inventory_quantity=200; price=25.99; unit_cost=10.21; canada_shipping_cap=3.14; needs_quote=yes; quote_item_cost=10.21; quote_shipping_cost=3.03; quote_delivery_window=7~12 days; quote_service=AliExpress Selection Standard; ships from CN; representative DSers samples displayed US $2.15 shipping; quote_stock=9976; quote_result=PASS_TIGHT_REPRICED; notes=Representative DSers Canada quote on 2026-07-26 across four visible size/color SKUs: XXXL 61620lan, XXXL/4XL 61620hei, and S 61620lan. Three returned US $2.15 shipping with tracking; XXXL-61620lan returned No Shipping. Every worksheet cap is below the representative CA$3.03 shipping floor, so all variants require repricing, supplier replacement, or launch removal.}.canada_shipping_cap). Representative U.S. DSers quote on 2026-07-26: XXXL/XXL black and S/M blue returned US$1.99 shipping in 7~13 days, tracking available. Applied across remaining mapped variants pending final spot-check."
"9326917583098","Quick-Dry Training Shorts","running-shorts-summer-gym-sportswear-men-jogging-outdoor-sports-shorts-fitness-man-quick-dry-breathable-pants-male-clothing","ACTIVE","yes","49738552606970","S / 61620junlv","14:175#61620junlv;5:100014064","True","200","25.99","10.21","3.14","yes","10.21","3.03","7~12 days","AliExpress Selection Standard; ships from CN; representative DSers samples displayed US $2.15 shipping","9976","PASS_TIGHT_REPRICED","US$5.17~6.95","US$1.99","7~13 days","AliExpress Selection Standard; ships from CN; tracking available","9976","PASS_REPRESENTATIVE_SAMPLE_PENDING_US_STOREFRONT_PRICE","Representative DSers Canada quote on 2026-07-26 across four visible size/color SKUs: XXXL 61620lan, XXXL/4XL 61620hei, and S 61620lan. Three returned US $2.15 shipping with tracking; XXXL-61620lan returned No Shipping. Every worksheet cap is below the representative CA$3.03 shipping floor, so all variants require repricing, supplier replacement, or launch removal. Product-wide price normalized live to CA.99 on 2026-07-26; recalculated Canada shipping cap is CA(@{product_id=9326917583098; product_title=Quick-Dry Training Shorts; handle=running-shorts-summer-gym-sportswear-men-jogging-outdoor-sports-shorts-fitness-man-quick-dry-breathable-pants-male-clothing; status=DRAFT; launch_tag=yes; variant_id=49738552606970; variant_title=S / 61620junlv; sku=14:175#61620junlv;5:100014064; available_for_sale=True; inventory_quantity=200; price=25.99; unit_cost=10.21; canada_shipping_cap=3.14; needs_quote=yes; quote_item_cost=10.21; quote_shipping_cost=3.03; quote_delivery_window=7~12 days; quote_service=AliExpress Selection Standard; ships from CN; representative DSers samples displayed US $2.15 shipping; quote_stock=9976; quote_result=PASS_TIGHT_REPRICED; notes=Representative DSers Canada quote on 2026-07-26 across four visible size/color SKUs: XXXL 61620lan, XXXL/4XL 61620hei, and S 61620lan. Three returned US $2.15 shipping with tracking; XXXL-61620lan returned No Shipping. Every worksheet cap is below the representative CA$3.03 shipping floor, so all variants require repricing, supplier replacement, or launch removal.}.canada_shipping_cap). Representative U.S. DSers quote on 2026-07-26: XXXL/XXL black and S/M blue returned US$1.99 shipping in 7~13 days, tracking available. Applied across remaining mapped variants pending final spot-check."
"9326917583098","Quick-Dry Training Shorts","running-shorts-summer-gym-sportswear-men-jogging-outdoor-sports-shorts-fitness-man-quick-dry-breathable-pants-male-clothing","ACTIVE","yes","49738552180986","S / 61620lan","14:173#61620lan;5:100014064","True","200","25.99","9.13","4.22","yes","9.13","3.03","7~12 days","AliExpress Selection Standard; ships from CN; representative DSers samples displayed US $2.15 shipping","9976","PASS_TIGHT_REPRICED","US$5.17~6.95","US$1.99","7~13 days","AliExpress Selection Standard; ships from CN; tracking available","9976","PASS_REPRESENTATIVE_SAMPLE_PENDING_US_STOREFRONT_PRICE","Representative DSers Canada quote on 2026-07-26 across four visible size/color SKUs: XXXL 61620lan, XXXL/4XL 61620hei, and S 61620lan. Three returned US $2.15 shipping with tracking; XXXL-61620lan returned No Shipping. Every worksheet cap is below the representative CA$3.03 shipping floor, so all variants require repricing, supplier replacement, or launch removal. Product-wide price normalized live to CA.99 on 2026-07-26; recalculated Canada shipping cap is CA(@{product_id=9326917583098; product_title=Quick-Dry Training Shorts; handle=running-shorts-summer-gym-sportswear-men-jogging-outdoor-sports-shorts-fitness-man-quick-dry-breathable-pants-male-clothing; status=DRAFT; launch_tag=yes; variant_id=49738552180986; variant_title=S / 61620lan; sku=14:173#61620lan;5:100014064; available_for_sale=True; inventory_quantity=200; price=25.99; unit_cost=9.13; canada_shipping_cap=4.22; needs_quote=yes; quote_item_cost=9.13; quote_shipping_cost=3.03; quote_delivery_window=7~12 days; quote_service=AliExpress Selection Standard; ships from CN; representative DSers samples displayed US $2.15 shipping; quote_stock=9976; quote_result=PASS_TIGHT_REPRICED; notes=Representative DSers Canada quote on 2026-07-26 across four visible size/color SKUs: XXXL 61620lan, XXXL/4XL 61620hei, and S 61620lan. Three returned US $2.15 shipping with tracking; XXXL-61620lan returned No Shipping. Every worksheet cap is below the representative CA$3.03 shipping floor, so all variants require repricing, supplier replacement, or launch removal.}.canada_shipping_cap). Representative U.S. DSers quote on 2026-07-26: XXXL/XXL black and S/M blue returned US$1.99 shipping in 7~13 days, tracking available. Applied across remaining mapped variants pending final spot-check."
"9326917583098","Quick-Dry Training Shorts","running-shorts-summer-gym-sportswear-men-jogging-outdoor-sports-shorts-fitness-man-quick-dry-breathable-pants-male-clothing","ACTIVE","yes","49738553557242","S / 61620yingguanglv","14:365458#61620yingguanglv;5:100014064","True","200","25.99","10.21","3.14","yes","10.21","3.03","7~12 days","AliExpress Selection Standard; ships from CN; representative DSers samples displayed US $2.15 shipping","9976","PASS_TIGHT_REPRICED","US$5.17~6.95","US$1.99","7~13 days","AliExpress Selection Standard; ships from CN; tracking available","9976","PASS_REPRESENTATIVE_SAMPLE_PENDING_US_STOREFRONT_PRICE","Representative DSers Canada quote on 2026-07-26 across four visible size/color SKUs: XXXL 61620lan, XXXL/4XL 61620hei, and S 61620lan. Three returned US $2.15 shipping with tracking; XXXL-61620lan returned No Shipping. Every worksheet cap is below the representative CA$3.03 shipping floor, so all variants require repricing, supplier replacement, or launch removal. Product-wide price normalized live to CA.99 on 2026-07-26; recalculated Canada shipping cap is CA(@{product_id=9326917583098; product_title=Quick-Dry Training Shorts; handle=running-shorts-summer-gym-sportswear-men-jogging-outdoor-sports-shorts-fitness-man-quick-dry-breathable-pants-male-clothing; status=DRAFT; launch_tag=yes; variant_id=49738553557242; variant_title=S / 61620yingguanglv; sku=14:365458#61620yingguanglv;5:100014064; available_for_sale=True; inventory_quantity=200; price=25.99; unit_cost=10.21; canada_shipping_cap=3.14; needs_quote=yes; quote_item_cost=10.21; quote_shipping_cost=3.03; quote_delivery_window=7~12 days; quote_service=AliExpress Selection Standard; ships from CN; representative DSers samples displayed US $2.15 shipping; quote_stock=9976; quote_result=PASS_TIGHT_REPRICED; notes=Representative DSers Canada quote on 2026-07-26 across four visible size/color SKUs: XXXL 61620lan, XXXL/4XL 61620hei, and S 61620lan. Three returned US $2.15 shipping with tracking; XXXL-61620lan returned No Shipping. Every worksheet cap is below the representative CA$3.03 shipping floor, so all variants require repricing, supplier replacement, or launch removal.}.canada_shipping_cap). Representative U.S. DSers quote on 2026-07-26: XXXL/XXL black and S/M blue returned US$1.99 shipping in 7~13 days, tracking available. Applied across remaining mapped variants pending final spot-check."
"9326917583098","Quick-Dry Training Shorts","running-shorts-summer-gym-sportswear-men-jogging-outdoor-sports-shorts-fitness-man-quick-dry-breathable-pants-male-clothing","ACTIVE","yes","49738553688314","XL / 61620bai","14:771#61620bai;5:100014065","True","200","25.99","10.21","3.14","yes","10.21","3.03","7~12 days","AliExpress Selection Standard; ships from CN; representative DSers samples displayed US $2.15 shipping","9976","PASS_TIGHT_REPRICED","US$5.17~6.95","US$1.99","7~13 days","AliExpress Selection Standard; ships from CN; tracking available","9976","PASS_REPRESENTATIVE_SAMPLE_PENDING_US_STOREFRONT_PRICE","Representative DSers Canada quote on 2026-07-26 across four visible size/color SKUs: XXXL 61620lan, XXXL/4XL 61620hei, and S 61620lan. Three returned US $2.15 shipping with tracking; XXXL-61620lan returned No Shipping. Every worksheet cap is below the representative CA$3.03 shipping floor, so all variants require repricing, supplier replacement, or launch removal. Product-wide price normalized live to CA.99 on 2026-07-26; recalculated Canada shipping cap is CA(@{product_id=9326917583098; product_title=Quick-Dry Training Shorts; handle=running-shorts-summer-gym-sportswear-men-jogging-outdoor-sports-shorts-fitness-man-quick-dry-breathable-pants-male-clothing; status=DRAFT; launch_tag=yes; variant_id=49738553688314; variant_title=XL / 61620bai; sku=14:771#61620bai;5:100014065; available_for_sale=True; inventory_quantity=200; price=25.99; unit_cost=10.21; canada_shipping_cap=3.14; needs_quote=yes; quote_item_cost=10.21; quote_shipping_cost=3.03; quote_delivery_window=7~12 days; quote_service=AliExpress Selection Standard; ships from CN; representative DSers samples displayed US $2.15 shipping; quote_stock=9976; quote_result=PASS_TIGHT_REPRICED; notes=Representative DSers Canada quote on 2026-07-26 across four visible size/color SKUs: XXXL 61620lan, XXXL/4XL 61620hei, and S 61620lan. Three returned US $2.15 shipping with tracking; XXXL-61620lan returned No Shipping. Every worksheet cap is below the representative CA$3.03 shipping floor, so all variants require repricing, supplier replacement, or launch removal.}.canada_shipping_cap). Representative U.S. DSers quote on 2026-07-26: XXXL/XXL black and S/M blue returned US$1.99 shipping in 7~13 days, tracking available. Applied across remaining mapped variants pending final spot-check."
"9326917583098","Quick-Dry Training Shorts","running-shorts-summer-gym-sportswear-men-jogging-outdoor-sports-shorts-fitness-man-quick-dry-breathable-pants-male-clothing","ACTIVE","yes","49738552312058","XL / 61620hei","14:193#61620hei;5:100014065","True","196","25.99","7.59","5.76","yes","7.59","3.03","7~12 days","AliExpress Selection Standard; ships from CN; representative DSers samples displayed US $2.15 shipping","9976","PASS_TIGHT_REPRICED","US$5.17~6.95","US$1.99","7~13 days","AliExpress Selection Standard; ships from CN; tracking available","9976","PASS_REPRESENTATIVE_SAMPLE_PENDING_US_STOREFRONT_PRICE","Representative DSers Canada quote on 2026-07-26 across four visible size/color SKUs: XXXL 61620lan, XXXL/4XL 61620hei, and S 61620lan. Three returned US $2.15 shipping with tracking; XXXL-61620lan returned No Shipping. Every worksheet cap is below the representative CA$3.03 shipping floor, so all variants require repricing, supplier replacement, or launch removal. Product-wide price normalized live to CA.99 on 2026-07-26; recalculated Canada shipping cap is CA(@{product_id=9326917583098; product_title=Quick-Dry Training Shorts; handle=running-shorts-summer-gym-sportswear-men-jogging-outdoor-sports-shorts-fitness-man-quick-dry-breathable-pants-male-clothing; status=DRAFT; launch_tag=yes; variant_id=49738552312058; variant_title=XL / 61620hei; sku=14:193#61620hei;5:100014065; available_for_sale=True; inventory_quantity=196; price=25.99; unit_cost=7.59; canada_shipping_cap=5.76; needs_quote=yes; quote_item_cost=7.59; quote_shipping_cost=3.03; quote_delivery_window=7~12 days; quote_service=AliExpress Selection Standard; ships from CN; representative DSers samples displayed US $2.15 shipping; quote_stock=9976; quote_result=PASS_TIGHT_REPRICED; notes=Representative DSers Canada quote on 2026-07-26 across four visible size/color SKUs: XXXL 61620lan, XXXL/4XL 61620hei, and S 61620lan. Three returned US $2.15 shipping with tracking; XXXL-61620lan returned No Shipping. Every worksheet cap is below the representative CA$3.03 shipping floor, so all variants require repricing, supplier replacement, or launch removal.}.canada_shipping_cap). Representative U.S. DSers quote on 2026-07-26: XXXL/XXL black and S/M blue returned US$1.99 shipping in 7~13 days, tracking available. Applied across remaining mapped variants pending final spot-check."
"9326917583098","Quick-Dry Training Shorts","running-shorts-summer-gym-sportswear-men-jogging-outdoor-sports-shorts-fitness-man-quick-dry-breathable-pants-male-clothing","ACTIVE","yes","49738552934650","XL / 61620hong","14:10#61620hong;5:100014065","True","199","25.99","9.41","3.94","yes","9.41","3.03","7~12 days","AliExpress Selection Standard; ships from CN; representative DSers samples displayed US $2.15 shipping","9976","PASS_TIGHT_REPRICED","US$5.17~6.95","US$1.99","7~13 days","AliExpress Selection Standard; ships from CN; tracking available","9976","PASS_REPRESENTATIVE_SAMPLE_PENDING_US_STOREFRONT_PRICE","Representative DSers Canada quote on 2026-07-26 across four visible size/color SKUs: XXXL 61620lan, XXXL/4XL 61620hei, and S 61620lan. Three returned US $2.15 shipping with tracking; XXXL-61620lan returned No Shipping. Every worksheet cap is below the representative CA$3.03 shipping floor, so all variants require repricing, supplier replacement, or launch removal. Product-wide price normalized live to CA.99 on 2026-07-26; recalculated Canada shipping cap is CA(@{product_id=9326917583098; product_title=Quick-Dry Training Shorts; handle=running-shorts-summer-gym-sportswear-men-jogging-outdoor-sports-shorts-fitness-man-quick-dry-breathable-pants-male-clothing; status=DRAFT; launch_tag=yes; variant_id=49738552934650; variant_title=XL / 61620hong; sku=14:10#61620hong;5:100014065; available_for_sale=True; inventory_quantity=199; price=25.99; unit_cost=9.41; canada_shipping_cap=3.94; needs_quote=yes; quote_item_cost=9.41; quote_shipping_cost=3.03; quote_delivery_window=7~12 days; quote_service=AliExpress Selection Standard; ships from CN; representative DSers samples displayed US $2.15 shipping; quote_stock=9976; quote_result=PASS_TIGHT_REPRICED; notes=Representative DSers Canada quote on 2026-07-26 across four visible size/color SKUs: XXXL 61620lan, XXXL/4XL 61620hei, and S 61620lan. Three returned US $2.15 shipping with tracking; XXXL-61620lan returned No Shipping. Every worksheet cap is below the representative CA$3.03 shipping floor, so all variants require repricing, supplier replacement, or launch removal.}.canada_shipping_cap). Representative U.S. DSers quote on 2026-07-26: XXXL/XXL black and S/M blue returned US$1.99 shipping in 7~13 days, tracking available. Applied across remaining mapped variants pending final spot-check."
"9326917583098","Quick-Dry Training Shorts","running-shorts-summer-gym-sportswear-men-jogging-outdoor-sports-shorts-fitness-man-quick-dry-breathable-pants-male-clothing","ACTIVE","yes","49738552705274","XL / 61620junlv","14:175#61620junlv;5:100014065","True","198","25.99","9.06","4.29","yes","9.06","3.03","7~12 days","AliExpress Selection Standard; ships from CN; representative DSers samples displayed US $2.15 shipping","9976","PASS_TIGHT_REPRICED","US$5.17~6.95","US$1.99","7~13 days","AliExpress Selection Standard; ships from CN; tracking available","9976","PASS_REPRESENTATIVE_SAMPLE_PENDING_US_STOREFRONT_PRICE","Representative DSers Canada quote on 2026-07-26 across four visible size/color SKUs: XXXL 61620lan, XXXL/4XL 61620hei, and S 61620lan. Three returned US $2.15 shipping with tracking; XXXL-61620lan returned No Shipping. Every worksheet cap is below the representative CA$3.03 shipping floor, so all variants require repricing, supplier replacement, or launch removal. Product-wide price normalized live to CA.99 on 2026-07-26; recalculated Canada shipping cap is CA(@{product_id=9326917583098; product_title=Quick-Dry Training Shorts; handle=running-shorts-summer-gym-sportswear-men-jogging-outdoor-sports-shorts-fitness-man-quick-dry-breathable-pants-male-clothing; status=DRAFT; launch_tag=yes; variant_id=49738552705274; variant_title=XL / 61620junlv; sku=14:175#61620junlv;5:100014065; available_for_sale=True; inventory_quantity=198; price=25.99; unit_cost=9.06; canada_shipping_cap=4.29; needs_quote=yes; quote_item_cost=9.06; quote_shipping_cost=3.03; quote_delivery_window=7~12 days; quote_service=AliExpress Selection Standard; ships from CN; representative DSers samples displayed US $2.15 shipping; quote_stock=9976; quote_result=PASS_TIGHT_REPRICED; notes=Representative DSers Canada quote on 2026-07-26 across four visible size/color SKUs: XXXL 61620lan, XXXL/4XL 61620hei, and S 61620lan. Three returned US $2.15 shipping with tracking; XXXL-61620lan returned No Shipping. Every worksheet cap is below the representative CA$3.03 shipping floor, so all variants require repricing, supplier replacement, or launch removal.}.canada_shipping_cap). Representative U.S. DSers quote on 2026-07-26: XXXL/XXL black and S/M blue returned US$1.99 shipping in 7~13 days, tracking available. Applied across remaining mapped variants pending final spot-check."
"9326917583098","Quick-Dry Training Shorts","running-shorts-summer-gym-sportswear-men-jogging-outdoor-sports-shorts-fitness-man-quick-dry-breathable-pants-male-clothing","ACTIVE","yes","49738552541434","XL / 61620lan","14:173#61620lan;5:100014065","True","198","25.99","9.35","4.00","yes","9.35","3.03","7~12 days","AliExpress Selection Standard; ships from CN; representative DSers samples displayed US $2.15 shipping","9976","PASS_TIGHT_REPRICED","US$5.17~6.95","US$1.99","7~13 days","AliExpress Selection Standard; ships from CN; tracking available","9976","PASS_REPRESENTATIVE_SAMPLE_PENDING_US_STOREFRONT_PRICE","Representative DSers Canada quote on 2026-07-26 across four visible size/color SKUs: XXXL 61620lan, XXXL/4XL 61620hei, and S 61620lan. Three returned US $2.15 shipping with tracking; XXXL-61620lan returned No Shipping. Every worksheet cap is below the representative CA$3.03 shipping floor, so all variants require repricing, supplier replacement, or launch removal. Product-wide price normalized live to CA.99 on 2026-07-26; recalculated Canada shipping cap is CA(@{product_id=9326917583098; product_title=Quick-Dry Training Shorts; handle=running-shorts-summer-gym-sportswear-men-jogging-outdoor-sports-shorts-fitness-man-quick-dry-breathable-pants-male-clothing; status=DRAFT; launch_tag=yes; variant_id=49738552541434; variant_title=XL / 61620lan; sku=14:173#61620lan;5:100014065; available_for_sale=True; inventory_quantity=198; price=25.99; unit_cost=9.35; canada_shipping_cap=4.00; needs_quote=yes; quote_item_cost=9.35; quote_shipping_cost=3.03; quote_delivery_window=7~12 days; quote_service=AliExpress Selection Standard; ships from CN; representative DSers samples displayed US $2.15 shipping; quote_stock=9976; quote_result=PASS_TIGHT_REPRICED; notes=Representative DSers Canada quote on 2026-07-26 across four visible size/color SKUs: XXXL 61620lan, XXXL/4XL 61620hei, and S 61620lan. Three returned US $2.15 shipping with tracking; XXXL-61620lan returned No Shipping. Every worksheet cap is below the representative CA$3.03 shipping floor, so all variants require repricing, supplier replacement, or launch removal.}.canada_shipping_cap). Representative U.S. DSers quote on 2026-07-26: XXXL/XXL black and S/M blue returned US$1.99 shipping in 7~13 days, tracking available. Applied across remaining mapped variants pending final spot-check."
"9326917583098","Quick-Dry Training Shorts","running-shorts-summer-gym-sportswear-men-jogging-outdoor-sports-shorts-fitness-man-quick-dry-breathable-pants-male-clothing","ACTIVE","yes","49738553098490","XL / 61620yingguanglv","14:365458#61620yingguanglv;5:100014065","True","200","25.99","10.21","3.14","yes","10.21","3.03","7~12 days","AliExpress Selection Standard; ships from CN; representative DSers samples displayed US $2.15 shipping","9976","PASS_TIGHT_REPRICED","US$5.17~6.95","US$1.99","7~13 days","AliExpress Selection Standard; ships from CN; tracking available","9976","PASS_REPRESENTATIVE_SAMPLE_PENDING_US_STOREFRONT_PRICE","Representative DSers Canada quote on 2026-07-26 across four visible size/color SKUs: XXXL 61620lan, XXXL/4XL 61620hei, and S 61620lan. Three returned US $2.15 shipping with tracking; XXXL-61620lan returned No Shipping. Every worksheet cap is below the representative CA$3.03 shipping floor, so all variants require repricing, supplier replacement, or launch removal. Product-wide price normalized live to CA.99 on 2026-07-26; recalculated Canada shipping cap is CA(@{product_id=9326917583098; product_title=Quick-Dry Training Shorts; handle=running-shorts-summer-gym-sportswear-men-jogging-outdoor-sports-shorts-fitness-man-quick-dry-breathable-pants-male-clothing; status=DRAFT; launch_tag=yes; variant_id=49738553098490; variant_title=XL / 61620yingguanglv; sku=14:365458#61620yingguanglv;5:100014065; available_for_sale=True; inventory_quantity=200; price=25.99; unit_cost=10.21; canada_shipping_cap=3.14; needs_quote=yes; quote_item_cost=10.21; quote_shipping_cost=3.03; quote_delivery_window=7~12 days; quote_service=AliExpress Selection Standard; ships from CN; representative DSers samples displayed US $2.15 shipping; quote_stock=9976; quote_result=PASS_TIGHT_REPRICED; notes=Representative DSers Canada quote on 2026-07-26 across four visible size/color SKUs: XXXL 61620lan, XXXL/4XL 61620hei, and S 61620lan. Three returned US $2.15 shipping with tracking; XXXL-61620lan returned No Shipping. Every worksheet cap is below the representative CA$3.03 shipping floor, so all variants require repricing, supplier replacement, or launch removal.}.canada_shipping_cap). Representative U.S. DSers quote on 2026-07-26: XXXL/XXL black and S/M blue returned US$1.99 shipping in 7~13 days, tracking available. Applied across remaining mapped variants pending final spot-check."
"9326917583098","Quick-Dry Training Shorts","running-shorts-summer-gym-sportswear-men-jogging-outdoor-sports-shorts-fitness-man-quick-dry-breathable-pants-male-clothing","ACTIVE","yes","49738553622778","XS（old） / 61620bai","14:771#61620bai;5:100014066","True","200","25.99","10.21","3.14","yes","10.21","3.03","7~12 days","AliExpress Selection Standard; ships from CN; representative DSers samples displayed US $2.15 shipping","9976","PASS_TIGHT_REPRICED","US$5.17~6.95","US$1.99","7~13 days","AliExpress Selection Standard; ships from CN; tracking available","9976","PASS_REPRESENTATIVE_SAMPLE_PENDING_US_STOREFRONT_PRICE","Representative DSers Canada quote on 2026-07-26 across four visible size/color SKUs: XXXL 61620lan, XXXL/4XL 61620hei, and S 61620lan. Three returned US $2.15 shipping with tracking; XXXL-61620lan returned No Shipping. Every worksheet cap is below the representative CA$3.03 shipping floor, so all variants require repricing, supplier replacement, or launch removal. Product-wide price normalized live to CA.99 on 2026-07-26; recalculated Canada shipping cap is CA(@{product_id=9326917583098; product_title=Quick-Dry Training Shorts; handle=running-shorts-summer-gym-sportswear-men-jogging-outdoor-sports-shorts-fitness-man-quick-dry-breathable-pants-male-clothing; status=DRAFT; launch_tag=yes; variant_id=49738553622778; variant_title=XS?old? / 61620bai; sku=14:771#61620bai;5:100014066; available_for_sale=True; inventory_quantity=200; price=25.99; unit_cost=10.21; canada_shipping_cap=3.14; needs_quote=yes; quote_item_cost=10.21; quote_shipping_cost=3.03; quote_delivery_window=7~12 days; quote_service=AliExpress Selection Standard; ships from CN; representative DSers samples displayed US $2.15 shipping; quote_stock=9976; quote_result=PASS_TIGHT_REPRICED; notes=Representative DSers Canada quote on 2026-07-26 across four visible size/color SKUs: XXXL 61620lan, XXXL/4XL 61620hei, and S 61620lan. Three returned US $2.15 shipping with tracking; XXXL-61620lan returned No Shipping. Every worksheet cap is below the representative CA$3.03 shipping floor, so all variants require repricing, supplier replacement, or launch removal.}.canada_shipping_cap). Representative U.S. DSers quote on 2026-07-26: XXXL/XXL black and S/M blue returned US$1.99 shipping in 7~13 days, tracking available. Applied across remaining mapped variants pending final spot-check."
"9326917583098","Quick-Dry Training Shorts","running-shorts-summer-gym-sportswear-men-jogging-outdoor-sports-shorts-fitness-man-quick-dry-breathable-pants-male-clothing","ACTIVE","yes","49738553786618","XS（old） / 61620hei","14:193#61620hei;5:100014066","True","199","25.99","8.57","4.78","yes","8.57","3.03","7~12 days","AliExpress Selection Standard; ships from CN; representative DSers samples displayed US $2.15 shipping","9976","PASS_TIGHT_REPRICED","US$5.17~6.95","US$1.99","7~13 days","AliExpress Selection Standard; ships from CN; tracking available","9976","PASS_REPRESENTATIVE_SAMPLE_PENDING_US_STOREFRONT_PRICE","Representative DSers Canada quote on 2026-07-26 across four visible size/color SKUs: XXXL 61620lan, XXXL/4XL 61620hei, and S 61620lan. Three returned US $2.15 shipping with tracking; XXXL-61620lan returned No Shipping. Every worksheet cap is below the representative CA$3.03 shipping floor, so all variants require repricing, supplier replacement, or launch removal. Product-wide price normalized live to CA.99 on 2026-07-26; recalculated Canada shipping cap is CA(@{product_id=9326917583098; product_title=Quick-Dry Training Shorts; handle=running-shorts-summer-gym-sportswear-men-jogging-outdoor-sports-shorts-fitness-man-quick-dry-breathable-pants-male-clothing; status=DRAFT; launch_tag=yes; variant_id=49738553786618; variant_title=XS?old? / 61620hei; sku=14:193#61620hei;5:100014066; available_for_sale=True; inventory_quantity=199; price=25.99; unit_cost=8.57; canada_shipping_cap=4.78; needs_quote=yes; quote_item_cost=8.57; quote_shipping_cost=3.03; quote_delivery_window=7~12 days; quote_service=AliExpress Selection Standard; ships from CN; representative DSers samples displayed US $2.15 shipping; quote_stock=9976; quote_result=PASS_TIGHT_REPRICED; notes=Representative DSers Canada quote on 2026-07-26 across four visible size/color SKUs: XXXL 61620lan, XXXL/4XL 61620hei, and S 61620lan. Three returned US $2.15 shipping with tracking; XXXL-61620lan returned No Shipping. Every worksheet cap is below the representative CA$3.03 shipping floor, so all variants require repricing, supplier replacement, or launch removal.}.canada_shipping_cap). Representative U.S. DSers quote on 2026-07-26: XXXL/XXL black and S/M blue returned US$1.99 shipping in 7~13 days, tracking available. Applied across remaining mapped variants pending final spot-check."
"9326917583098","Quick-Dry Training Shorts","running-shorts-summer-gym-sportswear-men-jogging-outdoor-sports-shorts-fitness-man-quick-dry-breathable-pants-male-clothing","ACTIVE","yes","49738553229562","XS（old） / 61620hong","14:10#61620hong;5:100014066","True","200","25.99","10.21","3.14","yes","10.21","3.03","7~12 days","AliExpress Selection Standard; ships from CN; representative DSers samples displayed US $2.15 shipping","9976","PASS_TIGHT_REPRICED","US$5.17~6.95","US$1.99","7~13 days","AliExpress Selection Standard; ships from CN; tracking available","9976","PASS_REPRESENTATIVE_SAMPLE_PENDING_US_STOREFRONT_PRICE","Representative DSers Canada quote on 2026-07-26 across four visible size/color SKUs: XXXL 61620lan, XXXL/4XL 61620hei, and S 61620lan. Three returned US $2.15 shipping with tracking; XXXL-61620lan returned No Shipping. Every worksheet cap is below the representative CA$3.03 shipping floor, so all variants require repricing, supplier replacement, or launch removal. Product-wide price normalized live to CA.99 on 2026-07-26; recalculated Canada shipping cap is CA(@{product_id=9326917583098; product_title=Quick-Dry Training Shorts; handle=running-shorts-summer-gym-sportswear-men-jogging-outdoor-sports-shorts-fitness-man-quick-dry-breathable-pants-male-clothing; status=DRAFT; launch_tag=yes; variant_id=49738553229562; variant_title=XS?old? / 61620hong; sku=14:10#61620hong;5:100014066; available_for_sale=True; inventory_quantity=200; price=25.99; unit_cost=10.21; canada_shipping_cap=3.14; needs_quote=yes; quote_item_cost=10.21; quote_shipping_cost=3.03; quote_delivery_window=7~12 days; quote_service=AliExpress Selection Standard; ships from CN; representative DSers samples displayed US $2.15 shipping; quote_stock=9976; quote_result=PASS_TIGHT_REPRICED; notes=Representative DSers Canada quote on 2026-07-26 across four visible size/color SKUs: XXXL 61620lan, XXXL/4XL 61620hei, and S 61620lan. Three returned US $2.15 shipping with tracking; XXXL-61620lan returned No Shipping. Every worksheet cap is below the representative CA$3.03 shipping floor, so all variants require repricing, supplier replacement, or launch removal.}.canada_shipping_cap). Representative U.S. DSers quote on 2026-07-26: XXXL/XXL black and S/M blue returned US$1.99 shipping in 7~13 days, tracking available. Applied across remaining mapped variants pending final spot-check."
"9326917583098","Quick-Dry Training Shorts","running-shorts-summer-gym-sportswear-men-jogging-outdoor-sports-shorts-fitness-man-quick-dry-breathable-pants-male-clothing","ACTIVE","yes","49738553164026","XS（old） / 61620junlv","14:175#61620junlv;5:100014066","True","200","25.99","10.21","3.14","yes","10.21","3.03","7~12 days","AliExpress Selection Standard; ships from CN; representative DSers samples displayed US $2.15 shipping","9976","PASS_TIGHT_REPRICED","US$5.17~6.95","US$1.99","7~13 days","AliExpress Selection Standard; ships from CN; tracking available","9976","PASS_REPRESENTATIVE_SAMPLE_PENDING_US_STOREFRONT_PRICE","Representative DSers Canada quote on 2026-07-26 across four visible size/color SKUs: XXXL 61620lan, XXXL/4XL 61620hei, and S 61620lan. Three returned US $2.15 shipping with tracking; XXXL-61620lan returned No Shipping. Every worksheet cap is below the representative CA$3.03 shipping floor, so all variants require repricing, supplier replacement, or launch removal. Product-wide price normalized live to CA.99 on 2026-07-26; recalculated Canada shipping cap is CA(@{product_id=9326917583098; product_title=Quick-Dry Training Shorts; handle=running-shorts-summer-gym-sportswear-men-jogging-outdoor-sports-shorts-fitness-man-quick-dry-breathable-pants-male-clothing; status=DRAFT; launch_tag=yes; variant_id=49738553164026; variant_title=XS?old? / 61620junlv; sku=14:175#61620junlv;5:100014066; available_for_sale=True; inventory_quantity=200; price=25.99; unit_cost=10.21; canada_shipping_cap=3.14; needs_quote=yes; quote_item_cost=10.21; quote_shipping_cost=3.03; quote_delivery_window=7~12 days; quote_service=AliExpress Selection Standard; ships from CN; representative DSers samples displayed US $2.15 shipping; quote_stock=9976; quote_result=PASS_TIGHT_REPRICED; notes=Representative DSers Canada quote on 2026-07-26 across four visible size/color SKUs: XXXL 61620lan, XXXL/4XL 61620hei, and S 61620lan. Three returned US $2.15 shipping with tracking; XXXL-61620lan returned No Shipping. Every worksheet cap is below the representative CA$3.03 shipping floor, so all variants require repricing, supplier replacement, or launch removal.}.canada_shipping_cap). Representative U.S. DSers quote on 2026-07-26: XXXL/XXL black and S/M blue returned US$1.99 shipping in 7~13 days, tracking available. Applied across remaining mapped variants pending final spot-check."
"9326917583098","Quick-Dry Training Shorts","running-shorts-summer-gym-sportswear-men-jogging-outdoor-sports-shorts-fitness-man-quick-dry-breathable-pants-male-clothing","ACTIVE","yes","49738553426170","XS（old） / 61620lan","14:173#61620lan;5:100014066","True","200","25.99","10.21","3.14","yes","10.21","3.03","7~12 days","AliExpress Selection Standard; ships from CN; representative DSers samples displayed US $2.15 shipping","9976","PASS_TIGHT_REPRICED","US$5.17~6.95","US$1.99","7~13 days","AliExpress Selection Standard; ships from CN; tracking available","9976","PASS_REPRESENTATIVE_SAMPLE_PENDING_US_STOREFRONT_PRICE","Representative DSers Canada quote on 2026-07-26 across four visible size/color SKUs: XXXL 61620lan, XXXL/4XL 61620hei, and S 61620lan. Three returned US $2.15 shipping with tracking; XXXL-61620lan returned No Shipping. Every worksheet cap is below the representative CA$3.03 shipping floor, so all variants require repricing, supplier replacement, or launch removal. Product-wide price normalized live to CA.99 on 2026-07-26; recalculated Canada shipping cap is CA(@{product_id=9326917583098; product_title=Quick-Dry Training Shorts; handle=running-shorts-summer-gym-sportswear-men-jogging-outdoor-sports-shorts-fitness-man-quick-dry-breathable-pants-male-clothing; status=DRAFT; launch_tag=yes; variant_id=49738553426170; variant_title=XS?old? / 61620lan; sku=14:173#61620lan;5:100014066; available_for_sale=True; inventory_quantity=200; price=25.99; unit_cost=10.21; canada_shipping_cap=3.14; needs_quote=yes; quote_item_cost=10.21; quote_shipping_cost=3.03; quote_delivery_window=7~12 days; quote_service=AliExpress Selection Standard; ships from CN; representative DSers samples displayed US $2.15 shipping; quote_stock=9976; quote_result=PASS_TIGHT_REPRICED; notes=Representative DSers Canada quote on 2026-07-26 across four visible size/color SKUs: XXXL 61620lan, XXXL/4XL 61620hei, and S 61620lan. Three returned US $2.15 shipping with tracking; XXXL-61620lan returned No Shipping. Every worksheet cap is below the representative CA$3.03 shipping floor, so all variants require repricing, supplier replacement, or launch removal.}.canada_shipping_cap). Representative U.S. DSers quote on 2026-07-26: XXXL/XXL black and S/M blue returned US$1.99 shipping in 7~13 days, tracking available. Applied across remaining mapped variants pending final spot-check."
"9326917583098","Quick-Dry Training Shorts","running-shorts-summer-gym-sportswear-men-jogging-outdoor-sports-shorts-fitness-man-quick-dry-breathable-pants-male-clothing","ACTIVE","yes","49738553393402","XS（old） / 61620yingguanglv","14:365458#61620yingguanglv;5:100014066","True","200","25.99","10.21","3.14","yes","10.21","3.03","7~12 days","AliExpress Selection Standard; ships from CN; representative DSers samples displayed US $2.15 shipping","9976","PASS_TIGHT_REPRICED","US$5.17~6.95","US$1.99","7~13 days","AliExpress Selection Standard; ships from CN; tracking available","9976","PASS_REPRESENTATIVE_SAMPLE_PENDING_US_STOREFRONT_PRICE","Representative DSers Canada quote on 2026-07-26 across four visible size/color SKUs: XXXL 61620lan, XXXL/4XL 61620hei, and S 61620lan. Three returned US $2.15 shipping with tracking; XXXL-61620lan returned No Shipping. Every worksheet cap is below the representative CA$3.03 shipping floor, so all variants require repricing, supplier replacement, or launch removal. Product-wide price normalized live to CA.99 on 2026-07-26; recalculated Canada shipping cap is CA(@{product_id=9326917583098; product_title=Quick-Dry Training Shorts; handle=running-shorts-summer-gym-sportswear-men-jogging-outdoor-sports-shorts-fitness-man-quick-dry-breathable-pants-male-clothing; status=DRAFT; launch_tag=yes; variant_id=49738553393402; variant_title=XS?old? / 61620yingguanglv; sku=14:365458#61620yingguanglv;5:100014066; available_for_sale=True; inventory_quantity=200; price=25.99; unit_cost=10.21; canada_shipping_cap=3.14; needs_quote=yes; quote_item_cost=10.21; quote_shipping_cost=3.03; quote_delivery_window=7~12 days; quote_service=AliExpress Selection Standard; ships from CN; representative DSers samples displayed US $2.15 shipping; quote_stock=9976; quote_result=PASS_TIGHT_REPRICED; notes=Representative DSers Canada quote on 2026-07-26 across four visible size/color SKUs: XXXL 61620lan, XXXL/4XL 61620hei, and S 61620lan. Three returned US $2.15 shipping with tracking; XXXL-61620lan returned No Shipping. Every worksheet cap is below the representative CA$3.03 shipping floor, so all variants require repricing, supplier replacement, or launch removal.}.canada_shipping_cap). Representative U.S. DSers quote on 2026-07-26: XXXL/XXL black and S/M blue returned US$1.99 shipping in 7~13 days, tracking available. Applied across remaining mapped variants pending final spot-check."
"9326917583098","Quick-Dry Training Shorts","running-shorts-summer-gym-sportswear-men-jogging-outdoor-sports-shorts-fitness-man-quick-dry-breathable-pants-male-clothing","ACTIVE","yes","49738553721082","XXL / 61620bai","14:771#61620bai;5:4182","True","199","25.99","9.38","3.97","yes","9.38","3.03","7~12 days","AliExpress Selection Standard; ships from CN; representative DSers samples displayed US $2.15 shipping","9976","PASS_TIGHT_REPRICED","US$5.17~6.95","US$1.99","7~13 days","AliExpress Selection Standard; ships from CN; tracking available","9976","PASS_REPRESENTATIVE_SAMPLE_PENDING_US_STOREFRONT_PRICE","Representative DSers Canada quote on 2026-07-26 across four visible size/color SKUs: XXXL 61620lan, XXXL/4XL 61620hei, and S 61620lan. Three returned US $2.15 shipping with tracking; XXXL-61620lan returned No Shipping. Every worksheet cap is below the representative CA$3.03 shipping floor, so all variants require repricing, supplier replacement, or launch removal. Product-wide price normalized live to CA.99 on 2026-07-26; recalculated Canada shipping cap is CA(@{product_id=9326917583098; product_title=Quick-Dry Training Shorts; handle=running-shorts-summer-gym-sportswear-men-jogging-outdoor-sports-shorts-fitness-man-quick-dry-breathable-pants-male-clothing; status=DRAFT; launch_tag=yes; variant_id=49738553721082; variant_title=XXL / 61620bai; sku=14:771#61620bai;5:4182; available_for_sale=True; inventory_quantity=199; price=25.99; unit_cost=9.38; canada_shipping_cap=3.97; needs_quote=yes; quote_item_cost=9.38; quote_shipping_cost=3.03; quote_delivery_window=7~12 days; quote_service=AliExpress Selection Standard; ships from CN; representative DSers samples displayed US $2.15 shipping; quote_stock=9976; quote_result=PASS_TIGHT_REPRICED; notes=Representative DSers Canada quote on 2026-07-26 across four visible size/color SKUs: XXXL 61620lan, XXXL/4XL 61620hei, and S 61620lan. Three returned US $2.15 shipping with tracking; XXXL-61620lan returned No Shipping. Every worksheet cap is below the representative CA$3.03 shipping floor, so all variants require repricing, supplier replacement, or launch removal.}.canada_shipping_cap). Representative U.S. DSers quote on 2026-07-26: XXXL/XXL black and S/M blue returned US$1.99 shipping in 7~13 days, tracking available. Applied across remaining mapped variants pending final spot-check."
"9326917583098","Quick-Dry Training Shorts","running-shorts-summer-gym-sportswear-men-jogging-outdoor-sports-shorts-fitness-man-quick-dry-breathable-pants-male-clothing","ACTIVE","yes","49738552246522","XXL / 61620hei","14:193#61620hei;5:4182","True","5","25.99","9.16","4.19","yes","9.16","3.03","7~12 days","AliExpress Selection Standard; ships from CN; representative DSers samples displayed US $2.15 shipping","9976","PASS_TIGHT_REPRICED_LOW_STOCK","US$5.17~6.95","US$1.99","7~13 days","AliExpress Selection Standard; ships from CN; tracking available","9976","PASS_REPRESENTATIVE_SAMPLE_PENDING_US_STOREFRONT_PRICE","Representative DSers Canada quote on 2026-07-26 across four visible size/color SKUs: XXXL 61620lan, XXXL/4XL 61620hei, and S 61620lan. Three returned US $2.15 shipping with tracking; XXXL-61620lan returned No Shipping. Every worksheet cap is below the representative CA$3.03 shipping floor, so all variants require repricing, supplier replacement, or launch removal. Product-wide price normalized live to CA.99 on 2026-07-26; recalculated Canada shipping cap is CA(@{product_id=9326917583098; product_title=Quick-Dry Training Shorts; handle=running-shorts-summer-gym-sportswear-men-jogging-outdoor-sports-shorts-fitness-man-quick-dry-breathable-pants-male-clothing; status=DRAFT; launch_tag=yes; variant_id=49738552246522; variant_title=XXL / 61620hei; sku=14:193#61620hei;5:4182; available_for_sale=True; inventory_quantity=5; price=25.99; unit_cost=9.16; canada_shipping_cap=4.19; needs_quote=yes; quote_item_cost=9.16; quote_shipping_cost=3.03; quote_delivery_window=7~12 days; quote_service=AliExpress Selection Standard; ships from CN; representative DSers samples displayed US $2.15 shipping; quote_stock=9976; quote_result=PASS_TIGHT_REPRICED_LOW_STOCK; notes=Representative DSers Canada quote on 2026-07-26 across four visible size/color SKUs: XXXL 61620lan, XXXL/4XL 61620hei, and S 61620lan. Three returned US $2.15 shipping with tracking; XXXL-61620lan returned No Shipping. Every worksheet cap is below the representative CA$3.03 shipping floor, so all variants require repricing, supplier replacement, or launch removal.}.canada_shipping_cap). Representative U.S. DSers quote on 2026-07-26: XXXL/XXL black and S/M blue returned US$1.99 shipping in 7~13 days, tracking available. Applied across remaining mapped variants pending final spot-check."
"9326917583098","Quick-Dry Training Shorts","running-shorts-summer-gym-sportswear-men-jogging-outdoor-sports-shorts-fitness-man-quick-dry-breathable-pants-male-clothing","ACTIVE","yes","49738553327866","XXL / 61620hong","14:10#61620hong;5:4182","True","200","25.99","10.21","3.14","yes","10.21","3.03","7~12 days","AliExpress Selection Standard; ships from CN; representative DSers samples displayed US $2.15 shipping","9976","PASS_TIGHT_REPRICED","US$5.17~6.95","US$1.99","7~13 days","AliExpress Selection Standard; ships from CN; tracking available","9976","PASS_REPRESENTATIVE_SAMPLE_PENDING_US_STOREFRONT_PRICE","Representative DSers Canada quote on 2026-07-26 across four visible size/color SKUs: XXXL 61620lan, XXXL/4XL 61620hei, and S 61620lan. Three returned US $2.15 shipping with tracking; XXXL-61620lan returned No Shipping. Every worksheet cap is below the representative CA$3.03 shipping floor, so all variants require repricing, supplier replacement, or launch removal. Product-wide price normalized live to CA.99 on 2026-07-26; recalculated Canada shipping cap is CA(@{product_id=9326917583098; product_title=Quick-Dry Training Shorts; handle=running-shorts-summer-gym-sportswear-men-jogging-outdoor-sports-shorts-fitness-man-quick-dry-breathable-pants-male-clothing; status=DRAFT; launch_tag=yes; variant_id=49738553327866; variant_title=XXL / 61620hong; sku=14:10#61620hong;5:4182; available_for_sale=True; inventory_quantity=200; price=25.99; unit_cost=10.21; canada_shipping_cap=3.14; needs_quote=yes; quote_item_cost=10.21; quote_shipping_cost=3.03; quote_delivery_window=7~12 days; quote_service=AliExpress Selection Standard; ships from CN; representative DSers samples displayed US $2.15 shipping; quote_stock=9976; quote_result=PASS_TIGHT_REPRICED; notes=Representative DSers Canada quote on 2026-07-26 across four visible size/color SKUs: XXXL 61620lan, XXXL/4XL 61620hei, and S 61620lan. Three returned US $2.15 shipping with tracking; XXXL-61620lan returned No Shipping. Every worksheet cap is below the representative CA$3.03 shipping floor, so all variants require repricing, supplier replacement, or launch removal.}.canada_shipping_cap). Representative U.S. DSers quote on 2026-07-26: XXXL/XXL black and S/M blue returned US$1.99 shipping in 7~13 days, tracking available. Applied across remaining mapped variants pending final spot-check."
"9326917583098","Quick-Dry Training Shorts","running-shorts-summer-gym-sportswear-men-jogging-outdoor-sports-shorts-fitness-man-quick-dry-breathable-pants-male-clothing","ACTIVE","yes","49738552639738","XXL / 61620junlv","14:175#61620junlv;5:4182","True","198","25.99","9.06","4.29","yes","9.06","3.03","7~12 days","AliExpress Selection Standard; ships from CN; representative DSers samples displayed US $2.15 shipping","9976","PASS_TIGHT_REPRICED","US$5.17~6.95","US$1.99","7~13 days","AliExpress Selection Standard; ships from CN; tracking available","9976","PASS_REPRESENTATIVE_SAMPLE_PENDING_US_STOREFRONT_PRICE","Representative DSers Canada quote on 2026-07-26 across four visible size/color SKUs: XXXL 61620lan, XXXL/4XL 61620hei, and S 61620lan. Three returned US $2.15 shipping with tracking; XXXL-61620lan returned No Shipping. Every worksheet cap is below the representative CA$3.03 shipping floor, so all variants require repricing, supplier replacement, or launch removal. Product-wide price normalized live to CA.99 on 2026-07-26; recalculated Canada shipping cap is CA(@{product_id=9326917583098; product_title=Quick-Dry Training Shorts; handle=running-shorts-summer-gym-sportswear-men-jogging-outdoor-sports-shorts-fitness-man-quick-dry-breathable-pants-male-clothing; status=DRAFT; launch_tag=yes; variant_id=49738552639738; variant_title=XXL / 61620junlv; sku=14:175#61620junlv;5:4182; available_for_sale=True; inventory_quantity=198; price=25.99; unit_cost=9.06; canada_shipping_cap=4.29; needs_quote=yes; quote_item_cost=9.06; quote_shipping_cost=3.03; quote_delivery_window=7~12 days; quote_service=AliExpress Selection Standard; ships from CN; representative DSers samples displayed US $2.15 shipping; quote_stock=9976; quote_result=PASS_TIGHT_REPRICED; notes=Representative DSers Canada quote on 2026-07-26 across four visible size/color SKUs: XXXL 61620lan, XXXL/4XL 61620hei, and S 61620lan. Three returned US $2.15 shipping with tracking; XXXL-61620lan returned No Shipping. Every worksheet cap is below the representative CA$3.03 shipping floor, so all variants require repricing, supplier replacement, or launch removal.}.canada_shipping_cap). Representative U.S. DSers quote on 2026-07-26: XXXL/XXL black and S/M blue returned US$1.99 shipping in 7~13 days, tracking available. Applied across remaining mapped variants pending final spot-check."
"9326917583098","Quick-Dry Training Shorts","running-shorts-summer-gym-sportswear-men-jogging-outdoor-sports-shorts-fitness-man-quick-dry-breathable-pants-male-clothing","ACTIVE","yes","49738552574202","XXL / 61620lan","14:173#61620lan;5:4182","True","200","25.99","10.21","3.14","yes","10.21","3.03","7~12 days","AliExpress Selection Standard; ships from CN; representative DSers samples displayed US $2.15 shipping","9976","PASS_TIGHT_REPRICED","US$5.17~6.95","US$1.99","7~13 days","AliExpress Selection Standard; ships from CN; tracking available","9976","PASS_REPRESENTATIVE_SAMPLE_PENDING_US_STOREFRONT_PRICE","Representative DSers Canada quote on 2026-07-26 across four visible size/color SKUs: XXXL 61620lan, XXXL/4XL 61620hei, and S 61620lan. Three returned US $2.15 shipping with tracking; XXXL-61620lan returned No Shipping. Every worksheet cap is below the representative CA$3.03 shipping floor, so all variants require repricing, supplier replacement, or launch removal. Product-wide price normalized live to CA.99 on 2026-07-26; recalculated Canada shipping cap is CA(@{product_id=9326917583098; product_title=Quick-Dry Training Shorts; handle=running-shorts-summer-gym-sportswear-men-jogging-outdoor-sports-shorts-fitness-man-quick-dry-breathable-pants-male-clothing; status=DRAFT; launch_tag=yes; variant_id=49738552574202; variant_title=XXL / 61620lan; sku=14:173#61620lan;5:4182; available_for_sale=True; inventory_quantity=200; price=25.99; unit_cost=10.21; canada_shipping_cap=3.14; needs_quote=yes; quote_item_cost=10.21; quote_shipping_cost=3.03; quote_delivery_window=7~12 days; quote_service=AliExpress Selection Standard; ships from CN; representative DSers samples displayed US $2.15 shipping; quote_stock=9976; quote_result=PASS_TIGHT_REPRICED; notes=Representative DSers Canada quote on 2026-07-26 across four visible size/color SKUs: XXXL 61620lan, XXXL/4XL 61620hei, and S 61620lan. Three returned US $2.15 shipping with tracking; XXXL-61620lan returned No Shipping. Every worksheet cap is below the representative CA$3.03 shipping floor, so all variants require repricing, supplier replacement, or launch removal.}.canada_shipping_cap). Representative U.S. DSers quote on 2026-07-26: XXXL/XXL black and S/M blue returned US$1.99 shipping in 7~13 days, tracking available. Applied across remaining mapped variants pending final spot-check."
"9326917583098","Quick-Dry Training Shorts","running-shorts-summer-gym-sportswear-men-jogging-outdoor-sports-shorts-fitness-man-quick-dry-breathable-pants-male-clothing","ACTIVE","yes","49738553262330","XXL / 61620yingguanglv","14:365458#61620yingguanglv;5:4182","True","200","25.99","10.21","3.14","yes","10.21","3.03","7~12 days","AliExpress Selection Standard; ships from CN; representative DSers samples displayed US $2.15 shipping","9976","PASS_TIGHT_REPRICED","US$5.17~6.95","US$1.99","7~13 days","AliExpress Selection Standard; ships from CN; tracking available","9976","PASS_REPRESENTATIVE_SAMPLE_PENDING_US_STOREFRONT_PRICE","Representative DSers Canada quote on 2026-07-26 across four visible size/color SKUs: XXXL 61620lan, XXXL/4XL 61620hei, and S 61620lan. Three returned US $2.15 shipping with tracking; XXXL-61620lan returned No Shipping. Every worksheet cap is below the representative CA$3.03 shipping floor, so all variants require repricing, supplier replacement, or launch removal. Product-wide price normalized live to CA.99 on 2026-07-26; recalculated Canada shipping cap is CA(@{product_id=9326917583098; product_title=Quick-Dry Training Shorts; handle=running-shorts-summer-gym-sportswear-men-jogging-outdoor-sports-shorts-fitness-man-quick-dry-breathable-pants-male-clothing; status=DRAFT; launch_tag=yes; variant_id=49738553262330; variant_title=XXL / 61620yingguanglv; sku=14:365458#61620yingguanglv;5:4182; available_for_sale=True; inventory_quantity=200; price=25.99; unit_cost=10.21; canada_shipping_cap=3.14; needs_quote=yes; quote_item_cost=10.21; quote_shipping_cost=3.03; quote_delivery_window=7~12 days; quote_service=AliExpress Selection Standard; ships from CN; representative DSers samples displayed US $2.15 shipping; quote_stock=9976; quote_result=PASS_TIGHT_REPRICED; notes=Representative DSers Canada quote on 2026-07-26 across four visible size/color SKUs: XXXL 61620lan, XXXL/4XL 61620hei, and S 61620lan. Three returned US $2.15 shipping with tracking; XXXL-61620lan returned No Shipping. Every worksheet cap is below the representative CA$3.03 shipping floor, so all variants require repricing, supplier replacement, or launch removal.}.canada_shipping_cap). Representative U.S. DSers quote on 2026-07-26: XXXL/XXL black and S/M blue returned US$1.99 shipping in 7~13 days, tracking available. Applied across remaining mapped variants pending final spot-check."
"9326917583098","Quick-Dry Training Shorts","running-shorts-summer-gym-sportswear-men-jogging-outdoor-sports-shorts-fitness-man-quick-dry-breathable-pants-male-clothing","ACTIVE","yes","49738553819386","XXXL / 61620bai","14:771#61620bai;5:4183","True","199","25.99","9.21","4.14","yes","9.21","3.03","7~12 days","AliExpress Selection Standard; ships from CN; representative DSers samples displayed US $2.15 shipping","9976","PASS_TIGHT_REPRICED","US$5.17~6.95","US$1.99","7~13 days","AliExpress Selection Standard; ships from CN; tracking available","9976","PASS_REPRESENTATIVE_SAMPLE_PENDING_US_STOREFRONT_PRICE","Representative DSers Canada quote on 2026-07-26 across four visible size/color SKUs: XXXL 61620lan, XXXL/4XL 61620hei, and S 61620lan. Three returned US $2.15 shipping with tracking; XXXL-61620lan returned No Shipping. Every worksheet cap is below the representative CA$3.03 shipping floor, so all variants require repricing, supplier replacement, or launch removal. Product-wide price normalized live to CA.99 on 2026-07-26; recalculated Canada shipping cap is CA(@{product_id=9326917583098; product_title=Quick-Dry Training Shorts; handle=running-shorts-summer-gym-sportswear-men-jogging-outdoor-sports-shorts-fitness-man-quick-dry-breathable-pants-male-clothing; status=DRAFT; launch_tag=yes; variant_id=49738553819386; variant_title=XXXL / 61620bai; sku=14:771#61620bai;5:4183; available_for_sale=True; inventory_quantity=199; price=25.99; unit_cost=9.21; canada_shipping_cap=4.14; needs_quote=yes; quote_item_cost=9.21; quote_shipping_cost=3.03; quote_delivery_window=7~12 days; quote_service=AliExpress Selection Standard; ships from CN; representative DSers samples displayed US $2.15 shipping; quote_stock=9976; quote_result=PASS_TIGHT_REPRICED; notes=Representative DSers Canada quote on 2026-07-26 across four visible size/color SKUs: XXXL 61620lan, XXXL/4XL 61620hei, and S 61620lan. Three returned US $2.15 shipping with tracking; XXXL-61620lan returned No Shipping. Every worksheet cap is below the representative CA$3.03 shipping floor, so all variants require repricing, supplier replacement, or launch removal.}.canada_shipping_cap). Representative U.S. DSers quote on 2026-07-26: XXXL/XXL black and S/M blue returned US$1.99 shipping in 7~13 days, tracking available. Applied across remaining mapped variants pending final spot-check."
"9326917583098","Quick-Dry Training Shorts","running-shorts-summer-gym-sportswear-men-jogging-outdoor-sports-shorts-fitness-man-quick-dry-breathable-pants-male-clothing","ACTIVE","yes","49738552148218","XXXL / 61620hei","14:193#61620hei;5:4183","True","198","25.99","9.21","4.14","yes","9.21","3.03","7~12 days","AliExpress Selection Standard; ships from CN; representative DSers samples displayed US $2.15 shipping","9976","PASS_TIGHT_REPRICED","US$5.17~6.95","US$1.99","7~13 days","AliExpress Selection Standard; ships from CN; tracking available","9976","PASS_REPRESENTATIVE_SAMPLE_PENDING_US_STOREFRONT_PRICE","Representative DSers Canada quote on 2026-07-26 across four visible size/color SKUs: XXXL 61620lan, XXXL/4XL 61620hei, and S 61620lan. Three returned US $2.15 shipping with tracking; XXXL-61620lan returned No Shipping. Every worksheet cap is below the representative CA$3.03 shipping floor, so all variants require repricing, supplier replacement, or launch removal. Product-wide price normalized live to CA.99 on 2026-07-26; recalculated Canada shipping cap is CA(@{product_id=9326917583098; product_title=Quick-Dry Training Shorts; handle=running-shorts-summer-gym-sportswear-men-jogging-outdoor-sports-shorts-fitness-man-quick-dry-breathable-pants-male-clothing; status=DRAFT; launch_tag=yes; variant_id=49738552148218; variant_title=XXXL / 61620hei; sku=14:193#61620hei;5:4183; available_for_sale=True; inventory_quantity=198; price=25.99; unit_cost=9.21; canada_shipping_cap=4.14; needs_quote=yes; quote_item_cost=9.21; quote_shipping_cost=3.03; quote_delivery_window=7~12 days; quote_service=AliExpress Selection Standard; ships from CN; representative DSers samples displayed US $2.15 shipping; quote_stock=9976; quote_result=PASS_TIGHT_REPRICED; notes=Representative DSers Canada quote on 2026-07-26 across four visible size/color SKUs: XXXL 61620lan, XXXL/4XL 61620hei, and S 61620lan. Three returned US $2.15 shipping with tracking; XXXL-61620lan returned No Shipping. Every worksheet cap is below the representative CA$3.03 shipping floor, so all variants require repricing, supplier replacement, or launch removal.}.canada_shipping_cap). Representative U.S. DSers quote on 2026-07-26: XXXL/XXL black and S/M blue returned US$1.99 shipping in 7~13 days, tracking available. Applied across remaining mapped variants pending final spot-check."
"9326917583098","Quick-Dry Training Shorts","running-shorts-summer-gym-sportswear-men-jogging-outdoor-sports-shorts-fitness-man-quick-dry-breathable-pants-male-clothing","ACTIVE","yes","49738552869114","XXXL / 61620hong","14:10#61620hong;5:4183","True","200","25.99","10.21","3.14","yes","10.21","3.03","7~12 days","AliExpress Selection Standard; ships from CN; representative DSers samples displayed US $2.15 shipping","9976","PASS_TIGHT_REPRICED","US$5.17~6.95","US$1.99","7~13 days","AliExpress Selection Standard; ships from CN; tracking available","9976","PASS_REPRESENTATIVE_SAMPLE_PENDING_US_STOREFRONT_PRICE","Representative DSers Canada quote on 2026-07-26 across four visible size/color SKUs: XXXL 61620lan, XXXL/4XL 61620hei, and S 61620lan. Three returned US $2.15 shipping with tracking; XXXL-61620lan returned No Shipping. Every worksheet cap is below the representative CA$3.03 shipping floor, so all variants require repricing, supplier replacement, or launch removal. Product-wide price normalized live to CA.99 on 2026-07-26; recalculated Canada shipping cap is CA(@{product_id=9326917583098; product_title=Quick-Dry Training Shorts; handle=running-shorts-summer-gym-sportswear-men-jogging-outdoor-sports-shorts-fitness-man-quick-dry-breathable-pants-male-clothing; status=DRAFT; launch_tag=yes; variant_id=49738552869114; variant_title=XXXL / 61620hong; sku=14:10#61620hong;5:4183; available_for_sale=True; inventory_quantity=200; price=25.99; unit_cost=10.21; canada_shipping_cap=3.14; needs_quote=yes; quote_item_cost=10.21; quote_shipping_cost=3.03; quote_delivery_window=7~12 days; quote_service=AliExpress Selection Standard; ships from CN; representative DSers samples displayed US $2.15 shipping; quote_stock=9976; quote_result=PASS_TIGHT_REPRICED; notes=Representative DSers Canada quote on 2026-07-26 across four visible size/color SKUs: XXXL 61620lan, XXXL/4XL 61620hei, and S 61620lan. Three returned US $2.15 shipping with tracking; XXXL-61620lan returned No Shipping. Every worksheet cap is below the representative CA$3.03 shipping floor, so all variants require repricing, supplier replacement, or launch removal.}.canada_shipping_cap). Representative U.S. DSers quote on 2026-07-26: XXXL/XXL black and S/M blue returned US$1.99 shipping in 7~13 days, tracking available. Applied across remaining mapped variants pending final spot-check."
"9326917583098","Quick-Dry Training Shorts","running-shorts-summer-gym-sportswear-men-jogging-outdoor-sports-shorts-fitness-man-quick-dry-breathable-pants-male-clothing","ACTIVE","yes","49738552443130","XXXL / 61620junlv","14:175#61620junlv;5:4183","True","199","25.99","9.06","4.29","yes","9.06","3.03","7~12 days","AliExpress Selection Standard; ships from CN; representative DSers samples displayed US $2.15 shipping","9976","PASS_TIGHT_REPRICED","US$5.17~6.95","US$1.99","7~13 days","AliExpress Selection Standard; ships from CN; tracking available","9976","PASS_REPRESENTATIVE_SAMPLE_PENDING_US_STOREFRONT_PRICE","Representative DSers Canada quote on 2026-07-26 across four visible size/color SKUs: XXXL 61620lan, XXXL/4XL 61620hei, and S 61620lan. Three returned US $2.15 shipping with tracking; XXXL-61620lan returned No Shipping. Every worksheet cap is below the representative CA$3.03 shipping floor, so all variants require repricing, supplier replacement, or launch removal. Product-wide price normalized live to CA.99 on 2026-07-26; recalculated Canada shipping cap is CA(@{product_id=9326917583098; product_title=Quick-Dry Training Shorts; handle=running-shorts-summer-gym-sportswear-men-jogging-outdoor-sports-shorts-fitness-man-quick-dry-breathable-pants-male-clothing; status=DRAFT; launch_tag=yes; variant_id=49738552443130; variant_title=XXXL / 61620junlv; sku=14:175#61620junlv;5:4183; available_for_sale=True; inventory_quantity=199; price=25.99; unit_cost=9.06; canada_shipping_cap=4.29; needs_quote=yes; quote_item_cost=9.06; quote_shipping_cost=3.03; quote_delivery_window=7~12 days; quote_service=AliExpress Selection Standard; ships from CN; representative DSers samples displayed US $2.15 shipping; quote_stock=9976; quote_result=PASS_TIGHT_REPRICED; notes=Representative DSers Canada quote on 2026-07-26 across four visible size/color SKUs: XXXL 61620lan, XXXL/4XL 61620hei, and S 61620lan. Three returned US $2.15 shipping with tracking; XXXL-61620lan returned No Shipping. Every worksheet cap is below the representative CA$3.03 shipping floor, so all variants require repricing, supplier replacement, or launch removal.}.canada_shipping_cap). Representative U.S. DSers quote on 2026-07-26: XXXL/XXL black and S/M blue returned US$1.99 shipping in 7~13 days, tracking available. Applied across remaining mapped variants pending final spot-check."
"9326917583098","Quick-Dry Training Shorts","running-shorts-summer-gym-sportswear-men-jogging-outdoor-sports-shorts-fitness-man-quick-dry-breathable-pants-male-clothing","ACTIVE","yes","49738552115450","XXXL / 61620lan","14:173#61620lan;5:4183","False","0","25.99","9.55","3.80","yes","9.55","NO_SHIPPING","No Shipping sampled","DSers returned No Shipping to Canada for sampled XXXL-61620lan SKU","9976","EXCLUDED_VARIANT_DISABLED","US$5.17~6.95","NO SHIPPING","","","9976","FAIL_NO_US_SHIPPING","Representative DSers Canada quote on 2026-07-26 across four visible size/color SKUs: XXXL 61620lan, XXXL/4XL 61620hei, and S 61620lan. Three returned US $2.15 shipping with tracking; XXXL-61620lan returned No Shipping. Every worksheet cap is below the representative CA$3.03 shipping floor, so all variants require repricing, supplier replacement, or launch removal. Live price normalized to CA$25.99; available inventory was set to 0 and continue-selling-when-out-of-stock was turned off on 2026-07-26 because this exact option has no Canada shipping. U.S. quote checked in DSers on 2026-07-26: exact XXXL-61620lan supplier SKU returned no shipping."
"9326917583098","Quick-Dry Training Shorts","running-shorts-summer-gym-sportswear-men-jogging-outdoor-sports-shorts-fitness-man-quick-dry-breathable-pants-male-clothing","ACTIVE","yes","49738553295098","XXXL / 61620yingguanglv","14:365458#61620yingguanglv;5:4183","True","199","25.99","9.59","3.76","yes","9.59","3.03","7~12 days","AliExpress Selection Standard; ships from CN; representative DSers samples displayed US $2.15 shipping","9976","PASS_TIGHT_REPRICED","US$5.17~6.95","US$1.99","7~13 days","AliExpress Selection Standard; ships from CN; tracking available","9976","PASS_REPRESENTATIVE_SAMPLE_PENDING_US_STOREFRONT_PRICE","Representative DSers Canada quote on 2026-07-26 across four visible size/color SKUs: XXXL 61620lan, XXXL/4XL 61620hei, and S 61620lan. Three returned US $2.15 shipping with tracking; XXXL-61620lan returned No Shipping. Every worksheet cap is below the representative CA$3.03 shipping floor, so all variants require repricing, supplier replacement, or launch removal. Product-wide price normalized live to CA.99 on 2026-07-26; recalculated Canada shipping cap is CA(@{product_id=9326917583098; product_title=Quick-Dry Training Shorts; handle=running-shorts-summer-gym-sportswear-men-jogging-outdoor-sports-shorts-fitness-man-quick-dry-breathable-pants-male-clothing; status=DRAFT; launch_tag=yes; variant_id=49738553295098; variant_title=XXXL / 61620yingguanglv; sku=14:365458#61620yingguanglv;5:4183; available_for_sale=True; inventory_quantity=199; price=25.99; unit_cost=9.59; canada_shipping_cap=3.76; needs_quote=yes; quote_item_cost=9.59; quote_shipping_cost=3.03; quote_delivery_window=7~12 days; quote_service=AliExpress Selection Standard; ships from CN; representative DSers samples displayed US $2.15 shipping; quote_stock=9976; quote_result=PASS_TIGHT_REPRICED; notes=Representative DSers Canada quote on 2026-07-26 across four visible size/color SKUs: XXXL 61620lan, XXXL/4XL 61620hei, and S 61620lan. Three returned US $2.15 shipping with tracking; XXXL-61620lan returned No Shipping. Every worksheet cap is below the representative CA$3.03 shipping floor, so all variants require repricing, supplier replacement, or launch removal.}.canada_shipping_cap). Representative U.S. DSers quote on 2026-07-26: XXXL/XXL black and S/M blue returned US$1.99 shipping in 7~13 days, tracking available. Applied across remaining mapped variants pending final spot-check."
"9327938928890","Resistance Bands Set - Exercise & Fitness","resistance-bands-set-exercise-fitness","DRAFT","no","49744120742138","Default Title","","True","999","20.99","0.00","10.73","no","US$13.78","6.78","7~13 days","Cainiao Standard - SG Air; ships from CN; DSers displayed US $4.81 shipping","","FAIL_MARGIN_AND_SAFETY_HOLD","US$13.78","US$4.81","7~13 days","Cainiao Standard - SG Air; ships from CN; tracking available","","FAIL_MARGIN_AND_SAFETY_HOLD","Exact mapped 5 PCS SET checked on 2026-07-26. Shipping exists to both countries, but supplier item cost plus cheapest shipping exceeds the current CA$20.99 storefront price; keep Draft and reprice or replace after safety review."
"9327945810170","RGB LED Strip Lights 5m-30m with APP Control","rgb-led-strip-lights-5m-30m-with-app-control","DRAFT","no","49744136995066","Default Title","","True","999","27.99","0.00","14.40","no","","","","No Canada shipping for exact mapped BT 44Key APP White-30M SKU","","FAIL_NO_CANADA_SHIPPING_ELECTRICAL_HOLD","","US$1.99","6~11 days","AliExpress Selection Standard; ships from CN; tracking available","","PASS_EXACT_HOLD_ELECTRICAL_REVIEW","Exact mapped 30 m/100 ft SKU checked on 2026-07-26. United States passes, but Canada has no shipping method; keep Draft and replace supplier before dual-country launch."
"9326916763898","Rhinitis Nasal Irrigator Washing for Children Silicone Baby Nasal Aspirator Syringe Baby Nose Cleaner Kids Nasal Washer Reusable","rhinitis-nasal-irrigator-washing-for-children-silicone-baby-nasal-aspirator-syringe-baby-nose-cleaner-kids-nasal-washer-reusable","DRAFT","no","49738544709882","4PCS Mixed Color A","14:365458#4PCS Mixed Color A","True","498","11.08","4.43","1.09","no","","","","","","","","","","","","",""
"9326916763898","Rhinitis Nasal Irrigator Washing for Children Silicone Baby Nasal Aspirator Syringe Baby Nose Cleaner Kids Nasal Washer Reusable","rhinitis-nasal-irrigator-washing-for-children-silicone-baby-nasal-aspirator-syringe-baby-nose-cleaner-kids-nasal-washer-reusable","DRAFT","no","49738544906490","4PCS Mixed Color B","14:350852#4PCS Mixed Color B","True","9","11.57","4.63","1.15","no","","","","","","","","","","","","",""
"9326916763898","Rhinitis Nasal Irrigator Washing for Children Silicone Baby Nasal Aspirator Syringe Baby Nose Cleaner Kids Nasal Washer Reusable","rhinitis-nasal-irrigator-washing-for-children-silicone-baby-nasal-aspirator-syringe-baby-nose-cleaner-kids-nasal-washer-reusable","DRAFT","no","49738544611578","B255 Blue Orange","14:350850#B255 Blue Orange","True","500","8.51","3.40","0.77","no","","","","","","","","","","","","",""
"9326916763898","Rhinitis Nasal Irrigator Washing for Children Silicone Baby Nasal Aspirator Syringe Baby Nose Cleaner Kids Nasal Washer Reusable","rhinitis-nasal-irrigator-washing-for-children-silicone-baby-nasal-aspirator-syringe-baby-nose-cleaner-kids-nasal-washer-reusable","DRAFT","no","49738544644346","B255 Blue Pink","14:350853#B255 Blue Pink","True","497","8.37","3.35","0.75","no","","","","","","","","","","","","",""
"9326916763898","Rhinitis Nasal Irrigator Washing for Children Silicone Baby Nasal Aspirator Syringe Baby Nose Cleaner Kids Nasal Washer Reusable","rhinitis-nasal-irrigator-washing-for-children-silicone-baby-nasal-aspirator-syringe-baby-nose-cleaner-kids-nasal-washer-reusable","DRAFT","no","49738544546042","B255 Blue Yellow","14:496#B255 Blue Yellow","True","500","8.51","3.40","0.77","no","","","","","","","","","","","","",""
"9326916763898","Rhinitis Nasal Irrigator Washing for Children Silicone Baby Nasal Aspirator Syringe Baby Nose Cleaner Kids Nasal Washer Reusable","rhinitis-nasal-irrigator-washing-for-children-silicone-baby-nasal-aspirator-syringe-baby-nose-cleaner-kids-nasal-washer-reusable","DRAFT","no","49738544742650","B255 Blue-2","14:175#B255 Blue-2","True","497","8.37","3.35","0.75","no","","","","","","","","","","","","",""
"9326916763898","Rhinitis Nasal Irrigator Washing for Children Silicone Baby Nasal Aspirator Syringe Baby Nose Cleaner Kids Nasal Washer Reusable","rhinitis-nasal-irrigator-washing-for-children-silicone-baby-nasal-aspirator-syringe-baby-nose-cleaner-kids-nasal-washer-reusable","DRAFT","no","49738544840954","B255 Orange-2","14:366#B255 Orange-2","True","500","8.51","3.40","0.77","no","","","","","","","","","","","","",""
"9326916763898","Rhinitis Nasal Irrigator Washing for Children Silicone Baby Nasal Aspirator Syringe Baby Nose Cleaner Kids Nasal Washer Reusable","rhinitis-nasal-irrigator-washing-for-children-silicone-baby-nasal-aspirator-syringe-baby-nose-cleaner-kids-nasal-washer-reusable","DRAFT","no","49738544939258","B255 Pink-2","14:10#B255 Pink-2","True","497","8.37","3.35","0.75","no","","","","","","","","","","","","",""
"9326916763898","Rhinitis Nasal Irrigator Washing for Children Silicone Baby Nasal Aspirator Syringe Baby Nose Cleaner Kids Nasal Washer Reusable","rhinitis-nasal-irrigator-washing-for-children-silicone-baby-nasal-aspirator-syringe-baby-nose-cleaner-kids-nasal-washer-reusable","DRAFT","no","49738544873722","B255 Purple-2","14:173#B255 Purple-2","True","499","8.33","3.33","0.75","no","","","","","","","","","","","","",""
"9326916763898","Rhinitis Nasal Irrigator Washing for Children Silicone Baby Nasal Aspirator Syringe Baby Nose Cleaner Kids Nasal Washer Reusable","rhinitis-nasal-irrigator-washing-for-children-silicone-baby-nasal-aspirator-syringe-baby-nose-cleaner-kids-nasal-washer-reusable","DRAFT","no","49738544808186","B255 Yellow-2","14:691#B255 Yellow-2","True","498","8.33","3.33","0.75","no","","","","","","","","","","","","",""
"9326916763898","Rhinitis Nasal Irrigator Washing for Children Silicone Baby Nasal Aspirator Syringe Baby Nose Cleaner Kids Nasal Washer Reusable","rhinitis-nasal-irrigator-washing-for-children-silicone-baby-nasal-aspirator-syringe-baby-nose-cleaner-kids-nasal-washer-reusable","DRAFT","no","49738545004794","B2555PCS Mixed Color","14:771#B2555PCS Mixed Color","True","500","12.52","5.01","1.27","no","","","","","","","","","","","","",""
"9326916763898","Rhinitis Nasal Irrigator Washing for Children Silicone Baby Nasal Aspirator Syringe Baby Nose Cleaner Kids Nasal Washer Reusable","rhinitis-nasal-irrigator-washing-for-children-silicone-baby-nasal-aspirator-syringe-baby-nose-cleaner-kids-nasal-washer-reusable","DRAFT","no","49738544972026","B2556PCS Mixed Color","14:200002130#B2556PCS Mixed Color","True","495","13.75","5.50","1.42","no","","","","","","","","","","","","",""
"9326916763898","Rhinitis Nasal Irrigator Washing for Children Silicone Baby Nasal Aspirator Syringe Baby Nose Cleaner Kids Nasal Washer Reusable","rhinitis-nasal-irrigator-washing-for-children-silicone-baby-nasal-aspirator-syringe-baby-nose-cleaner-kids-nasal-washer-reusable","DRAFT","no","49738545037562","B2557PCS Mixed Color","14:200003699#B2557PCS Mixed Color","True","4","15.05","6.02","1.59","no","","","","","","","","","","","","",""
"9326916763898","Rhinitis Nasal Irrigator Washing for Children Silicone Baby Nasal Aspirator Syringe Baby Nose Cleaner Kids Nasal Washer Reusable","rhinitis-nasal-irrigator-washing-for-children-silicone-baby-nasal-aspirator-syringe-baby-nose-cleaner-kids-nasal-washer-reusable","DRAFT","no","49738544578810","B255Transparent Pink","14:1052#B255Transparent Pink","True","499","8.40","3.36","0.75","no","","","","","","","","","","","","",""
"9326916763898","Rhinitis Nasal Irrigator Washing for Children Silicone Baby Nasal Aspirator Syringe Baby Nose Cleaner Kids Nasal Washer Reusable","rhinitis-nasal-irrigator-washing-for-children-silicone-baby-nasal-aspirator-syringe-baby-nose-cleaner-kids-nasal-washer-reusable","DRAFT","no","49738544677114","B255Transparent-1pcs","14:29#B255Transparent-1pcs","True","494","7.07","2.83","0.58","no","","","","","","","","","","","","",""
"9326916763898","Rhinitis Nasal Irrigator Washing for Children Silicone Baby Nasal Aspirator Syringe Baby Nose Cleaner Kids Nasal Washer Reusable","rhinitis-nasal-irrigator-washing-for-children-silicone-baby-nasal-aspirator-syringe-baby-nose-cleaner-kids-nasal-washer-reusable","DRAFT","no","49738544775418","B255Transparent-2pcs","14:193#B255Transparent-2pcs","True","491","8.26","3.31","0.73","no","","","","","","","","","","","","",""
"9327026503930","Solar Fairy String Lights for Outdoor Decor","crystal-waterdrop-led-string-lights-solar-battery-usb-waterproof-outdoor-garden-decor","DRAFT","yes","49747312476410","Multicolor / 22m 200LED","136:1410#Multicolor;249:200006307#22m 200LED","True","5","18.13","7.25","1.97","no","7.25","3.03","6~11 days sampled range","AliExpress Selection Standard; ships from CN; DSers displayed US $2.15 shipping","198","FAIL_RISK_HOLD_REPRICE_OR_REJECT","","","","","","","Checked in DSers Shipping info modal for Canada on 2026-07-26. Warm White-32m 300LED returned US $2.15 shipping with tracking available; all worksheet caps are below CA$3.03 and product remains electrical risk hold, so remove from launch flow unless repriced and compliance-reviewed."
"9327026503930","Solar Fairy String Lights for Outdoor Decor","crystal-waterdrop-led-string-lights-solar-battery-usb-waterproof-outdoor-garden-decor","DRAFT","yes","49747312443642","Multicolor / 32m 300LED","136:1410#Multicolor;249:200006308#32m 300LED","True","16","25.03","10.01","2.84","no","10.01","3.03","6~11 days sampled range","AliExpress Selection Standard; ships from CN; DSers displayed US $2.15 shipping","198","FAIL_RISK_HOLD_REPRICE_OR_REJECT","","","","","","","Checked in DSers Shipping info modal for Canada on 2026-07-26. Warm White-32m 300LED returned US $2.15 shipping with tracking available; all worksheet caps are below CA$3.03 and product remains electrical risk hold, so remove from launch flow unless repriced and compliance-reviewed."
"9327026503930","Solar Fairy String Lights for Outdoor Decor","crystal-waterdrop-led-string-lights-solar-battery-usb-waterproof-outdoor-garden-decor","DRAFT","yes","49747312541946","Multicolor / 7m 50LED","136:1410#Multicolor;249:200006305#7m 50LED","True","19","13.69","5.48","1.41","no","5.48","3.03","6~11 days sampled range","AliExpress Selection Standard; ships from CN; DSers displayed US $2.15 shipping","198","FAIL_RISK_HOLD_REPRICE_OR_REJECT","","","","","","","Checked in DSers Shipping info modal for Canada on 2026-07-26. Warm White-32m 300LED returned US $2.15 shipping with tracking available; all worksheet caps are below CA$3.03 and product remains electrical risk hold, so remove from launch flow unless repriced and compliance-reviewed."
"9327026503930","Solar Fairy String Lights for Outdoor Decor","crystal-waterdrop-led-string-lights-solar-battery-usb-waterproof-outdoor-garden-decor","DRAFT","yes","49747312345338","Warm White / 12M 100Led","136:173#Warm White;249:200006306#12M 100Led","True","31","15.14","6.05","1.60","no","6.05","3.03","6~11 days sampled range","AliExpress Selection Standard; ships from CN; DSers displayed US $2.15 shipping","198","FAIL_RISK_HOLD_REPRICE_OR_REJECT","","","","","","","Checked in DSers Shipping info modal for Canada on 2026-07-26. Warm White-32m 300LED returned US $2.15 shipping with tracking available; all worksheet caps are below CA$3.03 and product remains electrical risk hold, so remove from launch flow unless repriced and compliance-reviewed."
"9327026503930","Solar Fairy String Lights for Outdoor Decor","crystal-waterdrop-led-string-lights-solar-battery-usb-waterproof-outdoor-garden-decor","DRAFT","yes","49747312378106","Warm White / 22m 200LED","136:173#Warm White;249:200006307#22m 200LED","True","29","18.02","7.21","1.96","no","7.21","3.03","6~11 days sampled range","AliExpress Selection Standard; ships from CN; DSers displayed US $2.15 shipping","198","FAIL_RISK_HOLD_REPRICE_OR_REJECT","","","","","","","Checked in DSers Shipping info modal for Canada on 2026-07-26. Warm White-32m 300LED returned US $2.15 shipping with tracking available; all worksheet caps are below CA$3.03 and product remains electrical risk hold, so remove from launch flow unless repriced and compliance-reviewed."
"9327026503930","Solar Fairy String Lights for Outdoor Decor","crystal-waterdrop-led-string-lights-solar-battery-usb-waterproof-outdoor-garden-decor","DRAFT","yes","49747312279802","Warm White / 32m 300LED","136:173#Warm White;249:200006308#32m 300LED","True","15","24.01","9.60","2.71","no","9.60","3.03","6~11 days sampled range","AliExpress Selection Standard; ships from CN; DSers displayed US $2.15 shipping","198","FAIL_RISK_HOLD_REPRICE_OR_REJECT","","","","","","","Checked in DSers Shipping info modal for Canada on 2026-07-26. Warm White-32m 300LED returned US $2.15 shipping with tracking available; all worksheet caps are below CA$3.03 and product remains electrical risk hold, so remove from launch flow unless repriced and compliance-reviewed."
"9327026503930","Solar Fairy String Lights for Outdoor Decor","crystal-waterdrop-led-string-lights-solar-battery-usb-waterproof-outdoor-garden-decor","DRAFT","yes","49747312410874","Warm White / 7m 50LED","136:173#Warm White;249:200006305#7m 50LED","True","30","13.24","5.29","1.37","no","5.29","3.03","6~11 days sampled range","AliExpress Selection Standard; ships from CN; DSers displayed US $2.15 shipping","198","FAIL_RISK_HOLD_REPRICE_OR_REJECT","","","","","","","Checked in DSers Shipping info modal for Canada on 2026-07-26. Warm White-32m 300LED returned US $2.15 shipping with tracking available; all worksheet caps are below CA$3.03 and product remains electrical risk hold, so remove from launch flow unless repriced and compliance-reviewed."
"9327026503930","Solar Fairy String Lights for Outdoor Decor","crystal-waterdrop-led-string-lights-solar-battery-usb-waterproof-outdoor-garden-decor","DRAFT","yes","49747312214266","White / 12M 100Led","136:865#White;249:200006306#12M 100Led","True","9","15.03","6.01","1.59","no","6.01","3.03","6~11 days sampled range","AliExpress Selection Standard; ships from CN; DSers displayed US $2.15 shipping","198","FAIL_RISK_HOLD_REPRICE_OR_REJECT","","","","","","","Checked in DSers Shipping info modal for Canada on 2026-07-26. Warm White-32m 300LED returned US $2.15 shipping with tracking available; all worksheet caps are below CA$3.03 and product remains electrical risk hold, so remove from launch flow unless repriced and compliance-reviewed."
"9327026503930","Solar Fairy String Lights for Outdoor Decor","crystal-waterdrop-led-string-lights-solar-battery-usb-waterproof-outdoor-garden-decor","DRAFT","yes","49747312247034","White / 22m 200LED","136:865#White;249:200006307#22m 200LED","True","5","18.41","7.36","2.01","no","7.36","3.03","6~11 days sampled range","AliExpress Selection Standard; ships from CN; DSers displayed US $2.15 shipping","198","FAIL_RISK_HOLD_REPRICE_OR_REJECT","","","","","","","Checked in DSers Shipping info modal for Canada on 2026-07-26. Warm White-32m 300LED returned US $2.15 shipping with tracking available; all worksheet caps are below CA$3.03 and product remains electrical risk hold, so remove from launch flow unless repriced and compliance-reviewed."
"9327026503930","Solar Fairy String Lights for Outdoor Decor","crystal-waterdrop-led-string-lights-solar-battery-usb-waterproof-outdoor-garden-decor","DRAFT","yes","49747312509178","White / 32m 300LED","136:865#White;249:200006308#32m 300LED","True","17","25.66","10.26","2.92","no","10.26","3.03","6~11 days sampled range","AliExpress Selection Standard; ships from CN; DSers displayed US $2.15 shipping","198","FAIL_RISK_HOLD_REPRICE_OR_REJECT","","","","","","","Checked in DSers Shipping info modal for Canada on 2026-07-26. Warm White-32m 300LED returned US $2.15 shipping with tracking available; all worksheet caps are below CA$3.03 and product remains electrical risk hold, so remove from launch flow unless repriced and compliance-reviewed."
"9327026503930","Solar Fairy String Lights for Outdoor Decor","crystal-waterdrop-led-string-lights-solar-battery-usb-waterproof-outdoor-garden-decor","DRAFT","yes","49747312312570","White / 7m 50LED","136:865#White;249:200006305#7m 50LED","True","26","13.31","5.32","1.37","no","5.32","3.03","6~11 days sampled range","AliExpress Selection Standard; ships from CN; DSers displayed US $2.15 shipping","198","FAIL_RISK_HOLD_REPRICE_OR_REJECT","","","","","","","Checked in DSers Shipping info modal for Canada on 2026-07-26. Warm White-32m 300LED returned US $2.15 shipping with tracking available; all worksheet caps are below CA$3.03 and product remains electrical risk hold, so remove from launch flow unless repriced and compliance-reviewed."
"9326920073466","Stainless-Steel Quartz Watch & Bracelet","1-2pcs-men-business-watches-fashion-mens-steel-band-quartz-watch-with-bracelet-box-not-included","DRAFT","no","49738576920826","Black Only Watch","14:201447303#Black Only Watch","True","44","11.39","4.56","1.12","yes","4.56","3.03","6~11 days","AliExpress Selection Standard; ships from CN; DSers displayed US $2.15 shipping","129","FAIL_REPRICE_REQUIRED","US$2.86~4.21","US$1.99","7~11 days","AliExpress Selection Standard; ships from CN; tracking available","129","PASS_EXACT_PENDING_US_STOREFRONT_PRICE","Exact DSers quote on 2026-07-26 for all four mapped variants. Canada returned US$2.15 shipping in 6~11 days; United States returned US$1.99 shipping in 7~11 days; tracking available. Every Canada row is below the CA$3.03 shipping allowance and requires repricing before activation."
"9326920073466","Stainless-Steel Quartz Watch & Bracelet","1-2pcs-men-business-watches-fashion-mens-steel-band-quartz-watch-with-bracelet-box-not-included","DRAFT","no","49738576953594","Black Without Box","14:201447598#Black Without Box","True","35","15.44","6.17","1.64","yes","6.17","3.03","6~11 days","AliExpress Selection Standard; ships from CN; DSers displayed US $2.15 shipping","129","FAIL_REPRICE_REQUIRED","US$2.86~4.21","US$1.99","7~11 days","AliExpress Selection Standard; ships from CN; tracking available","129","PASS_EXACT_PENDING_US_STOREFRONT_PRICE","Exact DSers quote on 2026-07-26 for all four mapped variants. Canada returned US$2.15 shipping in 6~11 days; United States returned US$1.99 shipping in 7~11 days; tracking available. Every Canada row is below the CA$3.03 shipping allowance and requires repricing before activation."
"9326920073466","Stainless-Steel Quartz Watch & Bracelet","1-2pcs-men-business-watches-fashion-mens-steel-band-quartz-watch-with-bracelet-box-not-included","DRAFT","no","49738577019130","White Only Watch","14:200005100#White Only Watch","True","47","10.51","4.21","1.01","yes","4.21","3.03","6~11 days","AliExpress Selection Standard; ships from CN; DSers displayed US $2.15 shipping","129","FAIL_REPRICE_REQUIRED","US$2.86~4.21","US$1.99","7~11 days","AliExpress Selection Standard; ships from CN; tracking available","129","PASS_EXACT_PENDING_US_STOREFRONT_PRICE","Exact DSers quote on 2026-07-26 for all four mapped variants. Canada returned US$2.15 shipping in 6~11 days; United States returned US$1.99 shipping in 7~11 days; tracking available. Every Canada row is below the CA$3.03 shipping allowance and requires repricing before activation."
"9326920073466","Stainless-Steel Quartz Watch & Bracelet","1-2pcs-men-business-watches-fashion-mens-steel-band-quartz-watch-with-bracelet-box-not-included","DRAFT","no","49738576986362","White Without Box","14:350853#White Without Box","True","20","13.47","5.39","1.39","yes","5.39","3.03","6~11 days","AliExpress Selection Standard; ships from CN; DSers displayed US $2.15 shipping","129","FAIL_REPRICE_REQUIRED","US$2.86~4.21","US$1.99","7~11 days","AliExpress Selection Standard; ships from CN; tracking available","129","PASS_EXACT_PENDING_US_STOREFRONT_PRICE","Exact DSers quote on 2026-07-26 for all four mapped variants. Canada returned US$2.15 shipping in 6~11 days; United States returned US$1.99 shipping in 7~11 days; tracking available. Every Canada row is below the CA$3.03 shipping allowance and requires repricing before activation."
"9326917320954","Summer Men's MJ Michael Jackson Printed 100%CottonNeutral","summer-mens-mj-michael-jackson-printed-100-cottonneutral-o-neck-short-sleeve-mens-and-womens-fashion-hip-hop-t-shirt-fan-gift","DRAFT","no","49738549887226","4XL / 1","14:193#1;5:200000990","True","920","32.99","16.34","0.69","no","","","","","","","","","","","","",""
"9326917320954","Summer Men's MJ Michael Jackson Printed 100%CottonNeutral","summer-mens-mj-michael-jackson-printed-100-cottonneutral-o-neck-short-sleeve-mens-and-womens-fashion-hip-hop-t-shirt-fan-gift","DRAFT","no","49738549756154","L / 1","14:193#1;5:361385","True","460","32.99","14.75","2.28","no","","","","","","","","","","","","",""
"9326917320954","Summer Men's MJ Michael Jackson Printed 100%CottonNeutral","summer-mens-mj-michael-jackson-printed-100-cottonneutral-o-neck-short-sleeve-mens-and-womens-fashion-hip-hop-t-shirt-fan-gift","DRAFT","no","49738549854458","M / 1","14:193#1;5:361386","True","5","32.99","14.74","2.29","no","","","","","","","","","","","","",""
"9326917320954","Summer Men's MJ Michael Jackson Printed 100%CottonNeutral","summer-mens-mj-michael-jackson-printed-100-cottonneutral-o-neck-short-sleeve-mens-and-womens-fashion-hip-hop-t-shirt-fan-gift","DRAFT","no","49738549821690","S / 1","14:193#1;5:100014064","True","467","32.99","14.33","2.70","no","","","","","","","","","","","","",""
"9326917320954","Summer Men's MJ Michael Jackson Printed 100%CottonNeutral","summer-mens-mj-michael-jackson-printed-100-cottonneutral-o-neck-short-sleeve-mens-and-womens-fashion-hip-hop-t-shirt-fan-gift","DRAFT","no","49738549788922","XL / 1","14:193#1;5:100014065","True","695","32.99","15.47","1.56","no","","","","","","","","","","","","",""
"9326917320954","Summer Men's MJ Michael Jackson Printed 100%CottonNeutral","summer-mens-mj-michael-jackson-printed-100-cottonneutral-o-neck-short-sleeve-mens-and-womens-fashion-hip-hop-t-shirt-fan-gift","DRAFT","no","49738549919994","XXL / 1","14:193#1;5:4182","True","840","32.99","15.57","1.46","no","","","","","","","","","","","","",""
"9326917320954","Summer Men's MJ Michael Jackson Printed 100%CottonNeutral","summer-mens-mj-michael-jackson-printed-100-cottonneutral-o-neck-short-sleeve-mens-and-womens-fashion-hip-hop-t-shirt-fan-gift","DRAFT","no","49738549952762","XXXL / 1","14:193#1;5:4183","True","908","32.99","15.79","1.24","no","","","","","","","","","","","","",""
"9326920433914","Travel Pet Water Bottle","travel-pet-water-bottle","ACTIVE","yes","49738578755834","Turquoise","14:175#Turquoise","True","7","19.99","5.02","5.18","yes","5.02","3.03","6~11 days","AliExpress Selection Standard; ships from CN; DSers displayed US $2.15 shipping","24","PASS","US$3.49~3.56","US$1.99","7~12 days","AliExpress Selection Standard; ships from CN; tracking available","23","PASS_SHIPPING_PENDING_US_STOREFRONT_PRICE","Checked in DSers Shipping info modal for Canada on 2026-07-26. Yellow, WHITE, and Turquoise returned US $2.15 shipping with tracking available. US shipping checked in DSers Shipping info for United States / Alabama on 2026-07-26. Yellow, WHITE, and Turquoise all returned US $1.99 shipping, 7~12 days, tracking available."
"9326920433914","Travel Pet Water Bottle","travel-pet-water-bottle","ACTIVE","yes","49738578723066","WHITE","14:29#WHITE","True","6","19.99","5.04","5.16","yes","5.04","3.03","7~12 days","AliExpress Selection Standard; ships from CN; DSers displayed US $2.15 shipping","24","PASS","US$3.49~3.56","US$1.99","7~12 days","AliExpress Selection Standard; ships from CN; tracking available","23","PASS_SHIPPING_PENDING_US_STOREFRONT_PRICE","Checked in DSers Shipping info modal for Canada on 2026-07-26. Yellow, WHITE, and Turquoise returned US $2.15 shipping with tracking available. US shipping checked in DSers Shipping info for United States / Alabama on 2026-07-26. Yellow, WHITE, and Turquoise all returned US $1.99 shipping, 7~12 days, tracking available."
"9326920433914","Travel Pet Water Bottle","travel-pet-water-bottle","ACTIVE","yes","49738578690298","Yellow","14:366#Yellow","True","7","19.99","5.12","5.08","yes","5.12","3.03","7~12 days","AliExpress Selection Standard; ships from CN; DSers displayed US $2.15 shipping","24","PASS","US$3.49~3.56","US$1.99","7~12 days","AliExpress Selection Standard; ships from CN; tracking available","23","PASS_SHIPPING_PENDING_US_STOREFRONT_PRICE","Checked in DSers Shipping info modal for Canada on 2026-07-26. Yellow, WHITE, and Turquoise returned US $2.15 shipping with tracking available. US shipping checked in DSers Shipping info for United States / Alabama on 2026-07-26. Yellow, WHITE, and Turquoise all returned US $1.99 shipping, 7~12 days, tracking available."
"9327894528250","USB Heated Cushion 43x43cm Electric Blanket","usb-heated-cushion-43x43cm-electric-blanket","ARCHIVED","no","49743105261818","Default Title","","True","999","26.99","","","no","","2.81","7~12 days","AliExpress Selection Standard; ships from CN; DSers displayed US $1.99 shipping","","PASS_EXACT_SHIPPING_ARCHIVED_ELECTRICAL_HOLD","","US$1.99","8~13 days","AliExpress Selection Standard; ships from CN; tracking available","","PASS_EXACT_SHIPPING_ARCHIVED_ELECTRICAL_HOLD","Exact mapped 5V USB Grey-China Mainland SKU checked on 2026-07-26. Ships to Canada and the United States; remains Archived pending electrical compliance and landed-cost review."
"9326921449722","Women Fake Piercing Nose Ring Hoop Septum Piercing Nose Clip Rock HipHoop Stainless Steel Magnet Fashion Body Jewelry Wholesale","women-fake-piercing-nose-ring-hoop-septum-piercing-nose-clip-rock-hiphoop-stainless-steel-magnet-fashion-body-jewelry-wholesale","DRAFT","no","49738580820218","black","200001033:361181#black","True","1","6.72","2.69","0.54","yes","","","","","","","","","","","","",""
"9326921449722","Women Fake Piercing Nose Ring Hoop Septum Piercing Nose Clip Rock HipHoop Stainless Steel Magnet Fashion Body Jewelry Wholesale","women-fake-piercing-nose-ring-hoop-septum-piercing-nose-clip-rock-hiphoop-stainless-steel-magnet-fashion-body-jewelry-wholesale","DRAFT","no","49738580852986","gold","200001033:361188#gold","True","5","6.22","2.49","0.48","yes","","","","","","","","","","","","",""
"9326921449722","Women Fake Piercing Nose Ring Hoop Septum Piercing Nose Clip Rock HipHoop Stainless Steel Magnet Fashion Body Jewelry Wholesale","women-fake-piercing-nose-ring-hoop-septum-piercing-nose-clip-rock-hiphoop-stainless-steel-magnet-fashion-body-jewelry-wholesale","DRAFT","no","49738580918522","mix","200001033:361187#mix","True","0","6.43","2.57","0.51","yes","","","","","","","","","","","","",""
"9326921449722","Women Fake Piercing Nose Ring Hoop Septum Piercing Nose Clip Rock HipHoop Stainless Steel Magnet Fashion Body Jewelry Wholesale","women-fake-piercing-nose-ring-hoop-septum-piercing-nose-clip-rock-hiphoop-stainless-steel-magnet-fashion-body-jewelry-wholesale","DRAFT","no","49738580951290","rose gold","200001033:200003757#rose gold","True","994","6.05","2.42","0.46","yes","","","","","","","","","","","","",""
"9326921449722","Women Fake Piercing Nose Ring Hoop Septum Piercing Nose Clip Rock HipHoop Stainless Steel Magnet Fashion Body Jewelry Wholesale","women-fake-piercing-nose-ring-hoop-septum-piercing-nose-clip-rock-hiphoop-stainless-steel-magnet-fashion-body-jewelry-wholesale","DRAFT","no","49738580885754","silver color","200001033:361180#silver color","True","3","6.61","2.64","0.53","yes","","","","","","","","","","","","",""
"9326920171770","ZWN 2.4G Remote Control Excavator Dump Truck RC Model Car Toy Professional Alloy Plastic Simulation Construction Vehicle for Kid","zwn-2-4g-remote-control-excavator-dump-truck-rc-model-car-toy-professional-alloy-plastic-simulation-construction-vehicle-for-kid","DRAFT","no","49738577150202","11CH Alloy BC1043","14:29#11CH Alloy BC1043","True","6","105.03","42.01","12.87","no","","","","","","","","","","","","",""
"9326920171770","ZWN 2.4G Remote Control Excavator Dump Truck RC Model Car Toy Professional Alloy Plastic Simulation Construction Vehicle for Kid","zwn-2-4g-remote-control-excavator-dump-truck-rc-model-car-toy-professional-alloy-plastic-simulation-construction-vehicle-for-kid","DRAFT","no","49738577314042","5CH Plastics BC1028","14:366#5CH Plastics BC1028","True","7","44.58","17.83","5.29","no","","","","","","","","","","","","",""
"9326920171770","ZWN 2.4G Remote Control Excavator Dump Truck RC Model Car Toy Professional Alloy Plastic Simulation Construction Vehicle for Kid","zwn-2-4g-remote-control-excavator-dump-truck-rc-model-car-toy-professional-alloy-plastic-simulation-construction-vehicle-for-kid","DRAFT","no","49738577281274","6CH Alloy BC1033","14:173#6CH Alloy BC1033","True","2","68.95","27.58","8.34","no","","","","","","","","","","","","",""
"9326920171770","ZWN 2.4G Remote Control Excavator Dump Truck RC Model Car Toy Professional Alloy Plastic Simulation Construction Vehicle for Kid","zwn-2-4g-remote-control-excavator-dump-truck-rc-model-car-toy-professional-alloy-plastic-simulation-construction-vehicle-for-kid","DRAFT","no","49738577215738","9CH Alloy BC1045","14:175#9CH Alloy BC1045","True","0","102.07","40.83","12.49","no","","","","","","","","","","","","",""
"9326920171770","ZWN 2.4G Remote Control Excavator Dump Truck RC Model Car Toy Professional Alloy Plastic Simulation Construction Vehicle for Kid","zwn-2-4g-remote-control-excavator-dump-truck-rc-model-car-toy-professional-alloy-plastic-simulation-construction-vehicle-for-kid","DRAFT","no","49738577248506","9CH Alloy BC1047","14:10#9CH Alloy BC1047","True","0","119.62","47.85","14.69","no","","","","","","","","","","","","",""
"9326920171770","ZWN 2.4G Remote Control Excavator Dump Truck RC Model Car Toy Professional Alloy Plastic Simulation Construction Vehicle for Kid","zwn-2-4g-remote-control-excavator-dump-truck-rc-model-car-toy-professional-alloy-plastic-simulation-construction-vehicle-for-kid","DRAFT","no","49738577182970","9CH Alloy BC1057","14:193#9CH Alloy BC1057","True","3","108.79","43.52","13.33","no","","","","","","","","","","","","",""
